{
"type": "FeatureCollection",
"name": "wards_mysuru",
"crs": { "type": "name", "properties": { "name": "urn:ogc:def:crs:OGC:1.3:CRS84" } },
"features": [
{ "type": "Feature", "id": 0, "properties": { "tessellate": -1, "extrude": 0, "visibility": -1, "KGISWardID": 6354, "KGISWardCode": "2605001", "KGISWardName": "Hebbalu Lakshmikanthanagar", "SHAPE.STArea()": 1468183.2036132801, "SHAPE.STLength()": 5811.1682015935903, "OBJECTID": 20106, "KGISWardNo": "1", "KGISTownCode": "2605", "LGD_WardCode": 28806, "created_user": "SA", "created_date": 1634898537000.0, "last_edited_user": "SA", "last_edited_date": 1643365734000.0 }, "geometry": { "type": "Polygon", "coordinates": [ [ [ 76.6062242, 12.3529849 ], [ 76.6064163, 12.3530876 ], [ 76.6066214, 12.3531924 ], [ 76.6071112, 12.3534001 ], [ 76.607413, 12.3535324 ], [ 76.6079478, 12.3535742 ], [ 76.6080561, 12.3535754 ], [ 76.6081547, 12.3535765 ], [ 76.608567, 12.353581 ], [ 76.6086489, 12.3535819 ], [ 76.6092098, 12.3535881 ], [ 76.6095176, 12.3535846 ], [ 76.609606, 12.3535836 ], [ 76.6098393, 12.353581 ], [ 76.6107782, 12.3535704 ], [ 76.6109386, 12.3535686 ], [ 76.6110566, 12.3535672 ], [ 76.6111356, 12.353569 ], [ 76.6112428, 12.3535714 ], [ 76.6116698, 12.3535812 ], [ 76.6119039, 12.3535882 ], [ 76.6121333, 12.3535951 ], [ 76.6124613, 12.353616 ], [ 76.6126473, 12.3536329 ], [ 76.6127679, 12.3536438 ], [ 76.6129277, 12.3536912 ], [ 76.6132385, 12.3537831 ], [ 76.6137649, 12.3538995 ], [ 76.6138375, 12.3539155 ], [ 76.6143108, 12.3539877 ], [ 76.6144737, 12.3540126 ], [ 76.614522, 12.35402 ], [ 76.6148655, 12.3540265 ], [ 76.6149284, 12.3540277 ], [ 76.6152564, 12.3540339 ], [ 76.615657, 12.3540498 ], [ 76.6157841, 12.3540548 ], [ 76.616542, 12.3540781 ], [ 76.6169178, 12.3540896 ], [ 76.617859, 12.354136 ], [ 76.6182789, 12.3541567 ], [ 76.618371, 12.3541612 ], [ 76.6184173, 12.3541635 ], [ 76.6185902, 12.354172 ], [ 76.6186535, 12.3541758 ], [ 76.618746, 12.3540325 ], [ 76.6189827, 12.3536659 ], [ 76.6192792, 12.3532359 ], [ 76.619485, 12.352921 ], [ 76.6195899, 12.3527597 ], [ 76.6198319, 12.3523947 ], [ 76.6198891, 12.3523066 ], [ 76.6200384, 12.3520676 ], [ 76.6200411, 12.3520632 ], [ 76.6200479, 12.3520524 ], [ 76.6200844, 12.3519924 ], [ 76.6201458, 12.3518779 ], [ 76.6204836, 12.3511863 ], [ 76.6208207, 12.3504805 ], [ 76.6208436, 12.350434 ], [ 76.6208728, 12.3503715 ], [ 76.6209831, 12.3501198 ], [ 76.6209981, 12.3500873 ], [ 76.6210174, 12.350045 ], [ 76.620672, 12.3499843 ], [ 76.6204854, 12.3499515 ], [ 76.6199285, 12.3498576 ], [ 76.6196895, 12.3498173 ], [ 76.6196235, 12.349806 ], [ 76.6195894, 12.3498003 ], [ 76.6192339, 12.3497414 ], [ 76.6190629, 12.3497125 ], [ 76.6190381, 12.3497077 ], [ 76.6189568, 12.3496923 ], [ 76.6189184, 12.3496814 ], [ 76.6188975, 12.3496712 ], [ 76.6188843, 12.3496638 ], [ 76.6188653, 12.3496513 ], [ 76.6188587, 12.3496461 ], [ 76.6188135, 12.34961 ], [ 76.6187692, 12.3495747 ], [ 76.6187375, 12.349549 ], [ 76.6185502, 12.3493826 ], [ 76.6185345, 12.3493686 ], [ 76.6185073, 12.3493444 ], [ 76.6184053, 12.349317 ], [ 76.6182721, 12.3492898 ], [ 76.618218, 12.3492804 ], [ 76.6181397, 12.3492717 ], [ 76.6181312, 12.3492711 ], [ 76.618031, 12.3492623 ], [ 76.6179789, 12.3492578 ], [ 76.6179251, 12.3492519 ], [ 76.6176163, 12.3492094 ], [ 76.6172985, 12.349167 ], [ 76.6169597, 12.3491252 ], [ 76.6164065, 12.3490388 ], [ 76.6163597, 12.3490315 ], [ 76.6157945, 12.3489433 ], [ 76.6151826, 12.3488343 ], [ 76.6144634, 12.3487062 ], [ 76.6142136, 12.3486617 ], [ 76.6141674, 12.3486565 ], [ 76.6141259, 12.3486519 ], [ 76.6141137, 12.3486505 ], [ 76.6141022, 12.3486492 ], [ 76.6140031, 12.3488487 ], [ 76.6139979, 12.3488574 ], [ 76.6139912, 12.3488671 ], [ 76.6139771, 12.3488801 ], [ 76.6139698, 12.3488854 ], [ 76.6139637, 12.3488893 ], [ 76.6139394, 12.3489026 ], [ 76.6139319, 12.3489057 ], [ 76.6139153, 12.3489118 ], [ 76.6138919, 12.3489183 ], [ 76.6138764, 12.3489202 ], [ 76.6138544, 12.3489209 ], [ 76.6138375, 12.3489194 ], [ 76.613834, 12.3489188 ], [ 76.6138195, 12.3489132 ], [ 76.6135589, 12.3487782 ], [ 76.6134736, 12.3487341 ], [ 76.613281, 12.3486344 ], [ 76.6132687, 12.348628 ], [ 76.6132445, 12.3486155 ], [ 76.6131937, 12.348587 ], [ 76.6129192, 12.3484219 ], [ 76.6127942, 12.3483468 ], [ 76.6125899, 12.348224 ], [ 76.6122711, 12.3480362 ], [ 76.6113196, 12.3474549 ], [ 76.6111141, 12.3473293 ], [ 76.6110006, 12.3472599 ], [ 76.6105375, 12.3469789 ], [ 76.6104501, 12.3469264 ], [ 76.6103889, 12.3468897 ], [ 76.6095991, 12.3464152 ], [ 76.6094733, 12.3463387 ], [ 76.6092284, 12.3461897 ], [ 76.6090007, 12.3460513 ], [ 76.6089673, 12.346031 ], [ 76.6081917, 12.3455594 ], [ 76.6079159, 12.3453935 ], [ 76.6078798, 12.3453719 ], [ 76.6075983, 12.3452026 ], [ 76.6073683, 12.3450647 ], [ 76.6070313, 12.3448625 ], [ 76.6063902, 12.3444772 ], [ 76.6063245, 12.3444385 ], [ 76.6062559, 12.3443981 ], [ 76.6061509, 12.3443327 ], [ 76.6061247, 12.3443153 ], [ 76.6061044, 12.3443018 ], [ 76.6060919, 12.3442936 ], [ 76.6060809, 12.3442867 ], [ 76.6056292, 12.3440052 ], [ 76.6056123, 12.3439946 ], [ 76.6055862, 12.3439784 ], [ 76.6051638, 12.3437136 ], [ 76.6050241, 12.3436261 ], [ 76.6050158, 12.3436209 ], [ 76.604862, 12.3435245 ], [ 76.6048205, 12.3435 ], [ 76.6047829, 12.3434778 ], [ 76.6047821, 12.3434773 ], [ 76.6047782, 12.3434753 ], [ 76.6047555, 12.3434627 ], [ 76.6047069, 12.3434359 ], [ 76.6046994, 12.3434317 ], [ 76.6046901, 12.3434278 ], [ 76.6046702, 12.343421 ], [ 76.6046176, 12.343406 ], [ 76.6046064, 12.3434033 ], [ 76.6044929, 12.3433804 ], [ 76.604302, 12.343342 ], [ 76.6041785, 12.34332 ], [ 76.6040776, 12.343302 ], [ 76.6040544, 12.3432978 ], [ 76.6036686, 12.343229 ], [ 76.6034345, 12.3431861 ], [ 76.6029772, 12.3431022 ], [ 76.6029567, 12.3430984 ], [ 76.6026803, 12.3430477 ], [ 76.6024113, 12.3429947 ], [ 76.602286, 12.342971 ], [ 76.6022002, 12.3429547 ], [ 76.6021505, 12.3429452 ], [ 76.6017741, 12.3428738 ], [ 76.601792, 12.3429061 ], [ 76.6018042, 12.3429283 ], [ 76.6018292, 12.3429737 ], [ 76.6018724, 12.3430518 ], [ 76.6018861, 12.3430904 ], [ 76.6018943, 12.3431135 ], [ 76.6020111, 12.3433417 ], [ 76.6020403, 12.3433987 ], [ 76.6020443, 12.3434111 ], [ 76.6021363, 12.3436941 ], [ 76.6021511, 12.3437565 ], [ 76.602175, 12.3438577 ], [ 76.6021731, 12.3439078 ], [ 76.6021696, 12.3439983 ], [ 76.6021645, 12.3441316 ], [ 76.6021489, 12.3442115 ], [ 76.6021173, 12.3443722 ], [ 76.6020713, 12.3446498 ], [ 76.6020276, 12.3449135 ], [ 76.6020266, 12.3449193 ], [ 76.6020229, 12.3449418 ], [ 76.6019796, 12.3456015 ], [ 76.6019784, 12.3456195 ], [ 76.6019613, 12.3463013 ], [ 76.60196, 12.3463408 ], [ 76.6019168, 12.3476394 ], [ 76.6019032, 12.3476393 ], [ 76.6018763, 12.3476391 ], [ 76.6018538, 12.3476389 ], [ 76.6018011, 12.3477742 ], [ 76.6017832, 12.3478203 ], [ 76.6012535, 12.3491807 ], [ 76.6012452, 12.3492019 ], [ 76.6012228, 12.3492594 ], [ 76.6006387, 12.3498318 ], [ 76.6008931, 12.3501419 ], [ 76.601337, 12.3510211 ], [ 76.6013625, 12.3510717 ], [ 76.6014324, 12.3512101 ], [ 76.6016729, 12.3516463 ], [ 76.6017357, 12.3516824 ], [ 76.6022468, 12.3519755 ], [ 76.6025047, 12.3519763 ], [ 76.602919, 12.3519799 ], [ 76.6030741, 12.351964 ], [ 76.6030847, 12.3519629 ], [ 76.6033573, 12.3519349 ], [ 76.6033718, 12.3519337 ], [ 76.6038962, 12.3518884 ], [ 76.6043225, 12.3518772 ], [ 76.6043513, 12.3518765 ], [ 76.6044253, 12.3518745 ], [ 76.6046605, 12.3518937 ], [ 76.6046717, 12.3518946 ], [ 76.6047168, 12.3518983 ], [ 76.6048506, 12.3519712 ], [ 76.605047, 12.3520782 ], [ 76.6054097, 12.3522759 ], [ 76.6056553, 12.3525477 ], [ 76.605696, 12.3525927 ], [ 76.6058064, 12.3527148 ], [ 76.6058876, 12.3528047 ], [ 76.6059507, 12.3528379 ], [ 76.6059696, 12.3528478 ], [ 76.6061037, 12.3529183 ], [ 76.6062242, 12.3529849 ] ] ] } },
{ "type": "Feature", "id": 1, "properties": { "tessellate": -1, "extrude": 0, "visibility": -1, "KGISWardID": 6355, "KGISWardCode": "2605002", "KGISWardName": "Manchegowdanakoppalu", "SHAPE.STArea()": 751079.35607910203, "SHAPE.STLength()": 4195.8115509005502, "OBJECTID": 20107, "KGISWardNo": "2", "KGISTownCode": "2605", "LGD_WardCode": 28807, "created_user": "SA", "created_date": 1634898537000.0, "last_edited_user": "SA", "last_edited_date": 1643365734000.0 }, "geometry": { "type": "Polygon", "coordinates": [ [ [ 76.6185677, 12.3463929 ], [ 76.6185688, 12.3463083 ], [ 76.6185699, 12.3462148 ], [ 76.6185731, 12.3459665 ], [ 76.6185773, 12.3456417 ], [ 76.6185739, 12.3454456 ], [ 76.6185631, 12.3448309 ], [ 76.6185618, 12.3447533 ], [ 76.6185574, 12.344501 ], [ 76.6184885, 12.3445075 ], [ 76.6184214, 12.3445169 ], [ 76.618249, 12.3445426 ], [ 76.6180867, 12.3445706 ], [ 76.6177074, 12.3446441 ], [ 76.6176372, 12.3446583 ], [ 76.6176022, 12.3446639 ], [ 76.6175314, 12.3446727 ], [ 76.617467, 12.3446784 ], [ 76.6174217, 12.3446801 ], [ 76.6173242, 12.3446787 ], [ 76.6172784, 12.3446758 ], [ 76.6172416, 12.3446719 ], [ 76.6171794, 12.3446622 ], [ 76.6169929, 12.3446218 ], [ 76.6166648, 12.3445343 ], [ 76.6162981, 12.3444381 ], [ 76.6162335, 12.3444222 ], [ 76.6161714, 12.3444077 ], [ 76.6159547, 12.3443712 ], [ 76.6158687, 12.344361 ], [ 76.615767, 12.3443471 ], [ 76.6156641, 12.3443395 ], [ 76.6155399, 12.34434 ], [ 76.6149428, 12.3443609 ], [ 76.6147684, 12.3443644 ], [ 76.6145091, 12.3443815 ], [ 76.6144949, 12.3443824 ], [ 76.6144899, 12.3439566 ], [ 76.6144879, 12.3438962 ], [ 76.6144897, 12.343767 ], [ 76.6144933, 12.3436409 ], [ 76.6145034, 12.3435169 ], [ 76.6145098, 12.3434653 ], [ 76.6145243, 12.3433423 ], [ 76.614531, 12.343285 ], [ 76.6145368, 12.3432409 ], [ 76.6145643, 12.3430533 ], [ 76.6145893, 12.3428984 ], [ 76.6145967, 12.3428527 ], [ 76.6146096, 12.3427727 ], [ 76.6146217, 12.3427034 ], [ 76.6146346, 12.3426299 ], [ 76.6146498, 12.3425529 ], [ 76.6146688, 12.3424655 ], [ 76.6146969, 12.3423357 ], [ 76.6148663, 12.341471 ], [ 76.6149648, 12.3410046 ], [ 76.6149801, 12.3409362 ], [ 76.6150375, 12.3406826 ], [ 76.6150787, 12.3405056 ], [ 76.6151007, 12.3404113 ], [ 76.6151034, 12.3404 ], [ 76.6151124, 12.3403528 ], [ 76.6151346, 12.3402069 ], [ 76.6151424, 12.3401369 ], [ 76.6151462, 12.340093 ], [ 76.6151509, 12.3400382 ], [ 76.6151439, 12.340038 ], [ 76.6150396, 12.3400364 ], [ 76.6147982, 12.3400357 ], [ 76.6143473, 12.3400344 ], [ 76.6133917, 12.3400349 ], [ 76.6132936, 12.3400353 ], [ 76.612979, 12.340025 ], [ 76.6124576, 12.3400396 ], [ 76.6124545, 12.3400398 ], [ 76.612532, 12.3405597 ], [ 76.6119272, 12.340652 ], [ 76.6117602, 12.3406769 ], [ 76.6116919, 12.3406914 ], [ 76.6114426, 12.340768 ], [ 76.6108192, 12.3409367 ], [ 76.610772, 12.3409501 ], [ 76.610749, 12.3409567 ], [ 76.6104145, 12.3410518 ], [ 76.6103168, 12.3410828 ], [ 76.6102277, 12.341115 ], [ 76.6102108, 12.3411226 ], [ 76.6101872, 12.3411353 ], [ 76.6101639, 12.3411511 ], [ 76.61015, 12.3411626 ], [ 76.6100873, 12.3412301 ], [ 76.6100794, 12.341239 ], [ 76.6099449, 12.3414075 ], [ 76.6098681, 12.3415089 ], [ 76.6097997, 12.3416006 ], [ 76.6097321, 12.3416877 ], [ 76.6096578, 12.3417802 ], [ 76.609644, 12.3417973 ], [ 76.6095946, 12.3418587 ], [ 76.6094471, 12.3420422 ], [ 76.6092873, 12.3422408 ], [ 76.6090644, 12.3425088 ], [ 76.6087539, 12.3428796 ], [ 76.608744, 12.3428904 ], [ 76.608732, 12.3429023 ], [ 76.6087041, 12.3429332 ], [ 76.6086731, 12.3429674 ], [ 76.6086475, 12.3429958 ], [ 76.6086118, 12.343034 ], [ 76.6085991, 12.3430466 ], [ 76.6085608, 12.34308 ], [ 76.6085436, 12.3430934 ], [ 76.6084977, 12.3431277 ], [ 76.6084689, 12.3431469 ], [ 76.6084642, 12.3431497 ], [ 76.6084412, 12.3431627 ], [ 76.6084318, 12.3431676 ], [ 76.6083515, 12.3432089 ], [ 76.6083314, 12.3432183 ], [ 76.6082507, 12.3432547 ], [ 76.608181, 12.3432862 ], [ 76.6080693, 12.3433307 ], [ 76.6073359, 12.343588 ], [ 76.6071376, 12.3436665 ], [ 76.6069899, 12.3437355 ], [ 76.60696, 12.3437517 ], [ 76.6066873, 12.3438974 ], [ 76.6066595, 12.3439122 ], [ 76.6064778, 12.3440195 ], [ 76.6063847, 12.3440777 ], [ 76.6062402, 12.3441771 ], [ 76.6060809, 12.3442867 ], [ 76.6060919, 12.3442936 ], [ 76.6061044, 12.3443018 ], [ 76.6061247, 12.3443153 ], [ 76.6061509, 12.3443327 ], [ 76.6062559, 12.3443981 ], [ 76.6063245, 12.3444385 ], [ 76.6063902, 12.3444772 ], [ 76.6070313, 12.3448625 ], [ 76.6073683, 12.3450647 ], [ 76.6075983, 12.3452026 ], [ 76.6078798, 12.3453719 ], [ 76.6079159, 12.3453935 ], [ 76.6081917, 12.3455594 ], [ 76.6089673, 12.346031 ], [ 76.6090007, 12.3460513 ], [ 76.6092284, 12.3461897 ], [ 76.6094733, 12.3463387 ], [ 76.6095991, 12.3464152 ], [ 76.6103889, 12.3468897 ], [ 76.6104501, 12.3469264 ], [ 76.6105375, 12.3469789 ], [ 76.6110006, 12.3472599 ], [ 76.6111141, 12.3473293 ], [ 76.6113196, 12.3474549 ], [ 76.6122711, 12.3480362 ], [ 76.6125899, 12.348224 ], [ 76.6127942, 12.3483468 ], [ 76.6129192, 12.3484219 ], [ 76.6131937, 12.348587 ], [ 76.6132445, 12.3486155 ], [ 76.6132687, 12.348628 ], [ 76.613281, 12.3486344 ], [ 76.6134736, 12.3487341 ], [ 76.6135589, 12.3487782 ], [ 76.6138195, 12.3489132 ], [ 76.613834, 12.3489188 ], [ 76.6138375, 12.3489194 ], [ 76.6138544, 12.3489209 ], [ 76.6138764, 12.3489202 ], [ 76.6138919, 12.3489183 ], [ 76.6139153, 12.3489118 ], [ 76.6139319, 12.3489057 ], [ 76.6139394, 12.3489026 ], [ 76.6139637, 12.3488893 ], [ 76.6139698, 12.3488854 ], [ 76.6139771, 12.3488801 ], [ 76.6139912, 12.3488671 ], [ 76.6139979, 12.3488574 ], [ 76.6140031, 12.3488487 ], [ 76.6141022, 12.3486492 ], [ 76.6141137, 12.3486505 ], [ 76.6141259, 12.3486519 ], [ 76.6141674, 12.3486565 ], [ 76.6142136, 12.3486617 ], [ 76.6144634, 12.3487062 ], [ 76.6151826, 12.3488343 ], [ 76.6157945, 12.3489433 ], [ 76.6163597, 12.3490315 ], [ 76.6164065, 12.3490388 ], [ 76.6169597, 12.3491252 ], [ 76.6172985, 12.349167 ], [ 76.6176163, 12.3492094 ], [ 76.6179251, 12.3492519 ], [ 76.6179789, 12.3492578 ], [ 76.618031, 12.3492623 ], [ 76.6181312, 12.3492711 ], [ 76.6181397, 12.3492717 ], [ 76.618218, 12.3492804 ], [ 76.6182721, 12.3492898 ], [ 76.6184053, 12.349317 ], [ 76.6185073, 12.3493444 ], [ 76.6185345, 12.3493686 ], [ 76.6185502, 12.3493826 ], [ 76.6185563, 12.3487947 ], [ 76.6185596, 12.3477907 ], [ 76.6185634, 12.3467287 ], [ 76.6185659, 12.3465281 ], [ 76.6185675, 12.3464097 ], [ 76.6185677, 12.3463929 ] ] ] } },
{ "type": "Feature", "id": 2, "properties": { "tessellate": -1, "extrude": 0, "visibility": -1, "KGISWardID": 6358, "KGISWardCode": "2605003", "KGISWardName": "Madeshwaranagara Badavane", "SHAPE.STArea()": 738703.16125488305, "SHAPE.STLength()": 4354.0819410641798, "OBJECTID": 20108, "KGISWardNo": "3", "KGISTownCode": "2605", "LGD_WardCode": 28808, "created_user": "SA", "created_date": 1634898537000.0, "last_edited_user": "SA", "last_edited_date": 1643365734000.0 }, "geometry": { "type": "Polygon", "coordinates": [ [ [ 76.6226068, 12.3469705 ], [ 76.6225977, 12.3466805 ], [ 76.6225946, 12.346582 ], [ 76.6225842, 12.3461118 ], [ 76.6225842, 12.3461095 ], [ 76.6225736, 12.3458853 ], [ 76.6225693, 12.3457937 ], [ 76.622569, 12.3457893 ], [ 76.6225625, 12.3456503 ], [ 76.6224005, 12.3456662 ], [ 76.6219508, 12.3457055 ], [ 76.6219426, 12.3457052 ], [ 76.6219368, 12.3457041 ], [ 76.6219303, 12.345701 ], [ 76.6219275, 12.3456984 ], [ 76.6218478, 12.3451516 ], [ 76.6217906, 12.3447237 ], [ 76.621749, 12.3444127 ], [ 76.6217354, 12.3443152 ], [ 76.6217149, 12.3441338 ], [ 76.621683, 12.3437735 ], [ 76.6216758, 12.3436832 ], [ 76.6216269, 12.3432157 ], [ 76.6215878, 12.3428568 ], [ 76.6215579, 12.3425827 ], [ 76.6215337, 12.3423701 ], [ 76.6215256, 12.3422989 ], [ 76.6214864, 12.3419555 ], [ 76.6214695, 12.3418051 ], [ 76.6214483, 12.3416388 ], [ 76.6214348, 12.3415331 ], [ 76.6214193, 12.3413964 ], [ 76.6214125, 12.3413339 ], [ 76.6214031, 12.3412619 ], [ 76.6213977, 12.3412295 ], [ 76.6213834, 12.34115 ], [ 76.6213777, 12.3411222 ], [ 76.6213376, 12.3409264 ], [ 76.6213302, 12.3408822 ], [ 76.6213261, 12.3408487 ], [ 76.6213228, 12.3408041 ], [ 76.6213209, 12.3407499 ], [ 76.6213204, 12.3407332 ], [ 76.6213143, 12.3404527 ], [ 76.6214848, 12.3404538 ], [ 76.6216552, 12.3404548 ], [ 76.6217013, 12.340454 ], [ 76.6217347, 12.3404534 ], [ 76.6220042, 12.3404485 ], [ 76.6221357, 12.3404364 ], [ 76.6222586, 12.3404179 ], [ 76.6223235, 12.3404061 ], [ 76.6223708, 12.3403971 ], [ 76.6226655, 12.3403408 ], [ 76.622805, 12.3403194 ], [ 76.6228942, 12.3403056 ], [ 76.6230041, 12.3402904 ], [ 76.623128, 12.3402732 ], [ 76.6231813, 12.3402662 ], [ 76.6238773, 12.3401521 ], [ 76.6239251, 12.3401443 ], [ 76.6243388, 12.3400765 ], [ 76.6245051, 12.3400428 ], [ 76.6243836, 12.3396319 ], [ 76.6242388, 12.3391417 ], [ 76.6242278, 12.3391056 ], [ 76.6242144, 12.3390614 ], [ 76.6241942, 12.3389512 ], [ 76.6241766, 12.3388246 ], [ 76.6240669, 12.3377673 ], [ 76.6240628, 12.3377245 ], [ 76.6230553, 12.3377157 ], [ 76.6220391, 12.3377431 ], [ 76.6211678, 12.3377781 ], [ 76.6207669, 12.3377939 ], [ 76.6197681, 12.3378338 ], [ 76.6193012, 12.3378525 ], [ 76.618966, 12.3378611 ], [ 76.6184628, 12.3378741 ], [ 76.618445, 12.3373991 ], [ 76.61844, 12.3372651 ], [ 76.6180294, 12.3372718 ], [ 76.6179373, 12.3372733 ], [ 76.6173301, 12.3372831 ], [ 76.6164009, 12.337303 ], [ 76.6155325, 12.3373105 ], [ 76.6153557, 12.3373153 ], [ 76.6151368, 12.3373213 ], [ 76.6151462, 12.3375033 ], [ 76.6151887, 12.3383362 ], [ 76.6152209, 12.3388375 ], [ 76.615217, 12.3390744 ], [ 76.615188, 12.3395389 ], [ 76.6151787, 12.3396648 ], [ 76.6151762, 12.3396983 ], [ 76.6151509, 12.3400382 ], [ 76.6151462, 12.340093 ], [ 76.6151424, 12.3401369 ], [ 76.6151346, 12.3402069 ], [ 76.6151124, 12.3403528 ], [ 76.6151034, 12.3404 ], [ 76.6151007, 12.3404113 ], [ 76.6150787, 12.3405056 ], [ 76.6150375, 12.3406826 ], [ 76.6149801, 12.3409362 ], [ 76.6149648, 12.3410046 ], [ 76.6148663, 12.341471 ], [ 76.6146969, 12.3423357 ], [ 76.6146688, 12.3424655 ], [ 76.6146498, 12.3425529 ], [ 76.6146346, 12.3426299 ], [ 76.6146217, 12.3427034 ], [ 76.6146096, 12.3427727 ], [ 76.6145967, 12.3428527 ], [ 76.6145893, 12.3428984 ], [ 76.6145643, 12.3430533 ], [ 76.6145368, 12.3432409 ], [ 76.614531, 12.343285 ], [ 76.6145243, 12.3433423 ], [ 76.6145098, 12.3434653 ], [ 76.6145034, 12.3435169 ], [ 76.6144933, 12.3436409 ], [ 76.6144897, 12.343767 ], [ 76.6144879, 12.3438962 ], [ 76.6144899, 12.3439566 ], [ 76.6144949, 12.3443824 ], [ 76.6145091, 12.3443815 ], [ 76.6147684, 12.3443644 ], [ 76.6149428, 12.3443609 ], [ 76.6155399, 12.34434 ], [ 76.6156641, 12.3443395 ], [ 76.615767, 12.3443471 ], [ 76.6158687, 12.344361 ], [ 76.6159547, 12.3443712 ], [ 76.6161714, 12.3444077 ], [ 76.6162335, 12.3444222 ], [ 76.6162981, 12.3444381 ], [ 76.6166648, 12.3445343 ], [ 76.6169929, 12.3446218 ], [ 76.6171794, 12.3446622 ], [ 76.6172416, 12.3446719 ], [ 76.6172784, 12.3446758 ], [ 76.6173242, 12.3446787 ], [ 76.6174217, 12.3446801 ], [ 76.617467, 12.3446784 ], [ 76.6175314, 12.3446727 ], [ 76.6176022, 12.3446639 ], [ 76.6176372, 12.3446583 ], [ 76.6177074, 12.3446441 ], [ 76.6180867, 12.3445706 ], [ 76.618249, 12.3445426 ], [ 76.6184214, 12.3445169 ], [ 76.6184885, 12.3445075 ], [ 76.6185574, 12.344501 ], [ 76.6185618, 12.3447533 ], [ 76.6185631, 12.3448309 ], [ 76.6185739, 12.3454456 ], [ 76.6185773, 12.3456417 ], [ 76.6185731, 12.3459665 ], [ 76.6185699, 12.3462148 ], [ 76.6185688, 12.3463083 ], [ 76.6185677, 12.3463929 ], [ 76.6185988, 12.3464038 ], [ 76.6190578, 12.3465592 ], [ 76.6193347, 12.3466526 ], [ 76.6194364, 12.3466869 ], [ 76.6194785, 12.3467011 ], [ 76.6198357, 12.3468214 ], [ 76.6198651, 12.3468307 ], [ 76.6199024, 12.3468415 ], [ 76.6199389, 12.3468502 ], [ 76.6200152, 12.3468665 ], [ 76.6200523, 12.3468722 ], [ 76.6200908, 12.3468781 ], [ 76.6201033, 12.346792 ], [ 76.6201056, 12.3467762 ], [ 76.6202332, 12.346787 ], [ 76.6208434, 12.3468505 ], [ 76.621, 12.3468725 ], [ 76.6210378, 12.3468778 ], [ 76.621114, 12.3468885 ], [ 76.6211343, 12.346892 ], [ 76.6211494, 12.3468956 ], [ 76.6211623, 12.3469011 ], [ 76.6211849, 12.3469112 ], [ 76.6212087, 12.3469224 ], [ 76.6212371, 12.3469324 ], [ 76.6212581, 12.3469379 ], [ 76.6212797, 12.3469422 ], [ 76.6212977, 12.3469447 ], [ 76.6213087, 12.3469458 ], [ 76.62133, 12.3469478 ], [ 76.6213908, 12.3469502 ], [ 76.6214005, 12.3469505 ], [ 76.6214104, 12.3469505 ], [ 76.6226068, 12.3469705 ] ] ] } },
{ "type": "Feature", "id": 3, "properties": { "tessellate": -1, "extrude": 0, "visibility": -1, "KGISWardID": 6359, "KGISWardCode": "2605004", "KGISWardName": "Hebbalu Lokanayakananagar", "SHAPE.STArea()": 845030.15551757801, "SHAPE.STLength()": 4504.5628517094901, "OBJECTID": 20109, "KGISWardNo": "4", "KGISTownCode": "2605", "LGD_WardCode": 28809, "created_user": "SA", "created_date": 1634898537000.0, "last_edited_user": "SA", "last_edited_date": 1643365734000.0 }, "geometry": { "type": "Polygon", "coordinates": [ [ [ 76.6267068, 12.3513815 ], [ 76.6268286, 12.3513792 ], [ 76.6268366, 12.3513793 ], [ 76.6269275, 12.3513803 ], [ 76.6270005, 12.3513829 ], [ 76.6270568, 12.3513888 ], [ 76.6271043, 12.3513953 ], [ 76.6271516, 12.3514059 ], [ 76.6272518, 12.3514317 ], [ 76.6273009, 12.3514443 ], [ 76.6273263, 12.3514499 ], [ 76.6273683, 12.3513483 ], [ 76.6273965, 12.3512802 ], [ 76.6273995, 12.351273 ], [ 76.6274004, 12.3512707 ], [ 76.6274037, 12.3512653 ], [ 76.6274093, 12.3512571 ], [ 76.6274148, 12.3512507 ], [ 76.6274195, 12.3512458 ], [ 76.6274366, 12.3512307 ], [ 76.627449, 12.3512217 ], [ 76.6274543, 12.3512185 ], [ 76.6274565, 12.3512171 ], [ 76.627463, 12.3512138 ], [ 76.6274732, 12.3512093 ], [ 76.62748, 12.3512068 ], [ 76.6274856, 12.3512052 ], [ 76.6274982, 12.3512021 ], [ 76.6275166, 12.3511988 ], [ 76.6275649, 12.3511943 ], [ 76.6275975, 12.3511913 ], [ 76.6276122, 12.3511901 ], [ 76.6276979, 12.3511851 ], [ 76.6277651, 12.3511829 ], [ 76.6278262, 12.3511809 ], [ 76.6278879, 12.3511802 ], [ 76.6279521, 12.3511795 ], [ 76.6280701, 12.3511783 ], [ 76.6281808, 12.3511771 ], [ 76.6282475, 12.3511782 ], [ 76.6283443, 12.3511822 ], [ 76.6283736, 12.3511834 ], [ 76.6285146, 12.3511892 ], [ 76.6291697, 12.3512162 ], [ 76.6291741, 12.3511911 ], [ 76.6292083, 12.3509965 ], [ 76.6292671, 12.3507084 ], [ 76.6294201, 12.3499506 ], [ 76.6294222, 12.3499405 ], [ 76.6294361, 12.3498674 ], [ 76.6296029, 12.3489918 ], [ 76.629739, 12.3482331 ], [ 76.6297461, 12.348195 ], [ 76.629869, 12.347542 ], [ 76.6300318, 12.3466771 ], [ 76.6301661, 12.3459797 ], [ 76.6301845, 12.3458841 ], [ 76.6302185, 12.3457096 ], [ 76.6300008, 12.3456752 ], [ 76.6299977, 12.3456747 ], [ 76.6297119, 12.3456295 ], [ 76.6296672, 12.3456249 ], [ 76.6296346, 12.3456224 ], [ 76.6295886, 12.3456213 ], [ 76.6295696, 12.3456214 ], [ 76.6295309, 12.3456239 ], [ 76.6294645, 12.3456293 ], [ 76.6294077, 12.3456333 ], [ 76.6294059, 12.3456334 ], [ 76.6291396, 12.345653 ], [ 76.6285134, 12.3457037 ], [ 76.628511, 12.3456473 ], [ 76.6285101, 12.3455591 ], [ 76.6285018, 12.3455544 ], [ 76.6284905, 12.3455477 ], [ 76.6284551, 12.3455316 ], [ 76.6284099, 12.3455147 ], [ 76.6283859, 12.3455073 ], [ 76.6283636, 12.3455005 ], [ 76.628328, 12.3454915 ], [ 76.6282962, 12.3454852 ], [ 76.6282355, 12.3454747 ], [ 76.6281757, 12.3454653 ], [ 76.6281583, 12.3454624 ], [ 76.6281014, 12.3454583 ], [ 76.6280033, 12.3454577 ], [ 76.6279128, 12.3454625 ], [ 76.6278794, 12.3454643 ], [ 76.6278307, 12.3454669 ], [ 76.6277899, 12.3454709 ], [ 76.627679, 12.3454818 ], [ 76.6275898, 12.345493 ], [ 76.62753, 12.345502 ], [ 76.6274615, 12.3455149 ], [ 76.6273727, 12.3455317 ], [ 76.6272176, 12.3455607 ], [ 76.6271845, 12.3455669 ], [ 76.6271494, 12.3455734 ], [ 76.6270697, 12.345588 ], [ 76.6270216, 12.3455969 ], [ 76.626966, 12.3456072 ], [ 76.6268375, 12.3456251 ], [ 76.62676, 12.3456326 ], [ 76.6265554, 12.3456482 ], [ 76.6265118, 12.3456541 ], [ 76.6263065, 12.3456912 ], [ 76.6261503, 12.345721 ], [ 76.6257525, 12.3457867 ], [ 76.625721, 12.3457922 ], [ 76.6256345, 12.3458058 ], [ 76.6255274, 12.3458207 ], [ 76.6254245, 12.3458322 ], [ 76.6253134, 12.3458444 ], [ 76.625257, 12.3458506 ], [ 76.6246642, 12.3459159 ], [ 76.6246392, 12.345919 ], [ 76.6245771, 12.3459252 ], [ 76.6245208, 12.3459305 ], [ 76.6239634, 12.3459795 ], [ 76.6238352, 12.345991 ], [ 76.623672, 12.3460098 ], [ 76.6234828, 12.3460323 ], [ 76.6234206, 12.3460397 ], [ 76.6232162, 12.346064 ], [ 76.6231974, 12.3460657 ], [ 76.6225842, 12.3461118 ], [ 76.6225946, 12.346582 ], [ 76.6225977, 12.3466805 ], [ 76.6226068, 12.3469705 ], [ 76.6214104, 12.3469505 ], [ 76.6214005, 12.3469505 ], [ 76.6213908, 12.3469502 ], [ 76.62133, 12.3469478 ], [ 76.6213087, 12.3469458 ], [ 76.6212977, 12.3469447 ], [ 76.6212797, 12.3469422 ], [ 76.6212581, 12.3469379 ], [ 76.6212371, 12.3469324 ], [ 76.6212087, 12.3469224 ], [ 76.6211849, 12.3469112 ], [ 76.6211623, 12.3469011 ], [ 76.6211494, 12.3468956 ], [ 76.6211343, 12.346892 ], [ 76.621114, 12.3468885 ], [ 76.6210378, 12.3468778 ], [ 76.621, 12.3468725 ], [ 76.6208434, 12.3468505 ], [ 76.6202332, 12.346787 ], [ 76.6201056, 12.3467762 ], [ 76.6201033, 12.346792 ], [ 76.6200908, 12.3468781 ], [ 76.6200523, 12.3468722 ], [ 76.6200152, 12.3468665 ], [ 76.6199389, 12.3468502 ], [ 76.6199024, 12.3468415 ], [ 76.6198651, 12.3468307 ], [ 76.6198357, 12.3468214 ], [ 76.6194785, 12.3467011 ], [ 76.6194364, 12.3466869 ], [ 76.6193347, 12.3466526 ], [ 76.6190578, 12.3465592 ], [ 76.6185988, 12.3464038 ], [ 76.6185677, 12.3463929 ], [ 76.6185675, 12.3464097 ], [ 76.6185659, 12.3465281 ], [ 76.6185634, 12.3467287 ], [ 76.6185596, 12.3477907 ], [ 76.6185563, 12.3487947 ], [ 76.6185502, 12.3493826 ], [ 76.6187375, 12.349549 ], [ 76.6187692, 12.3495747 ], [ 76.6188135, 12.34961 ], [ 76.6188587, 12.3496461 ], [ 76.6188653, 12.3496513 ], [ 76.6188843, 12.3496638 ], [ 76.6188975, 12.3496712 ], [ 76.6189184, 12.3496814 ], [ 76.6189568, 12.3496923 ], [ 76.6190381, 12.3497077 ], [ 76.6190629, 12.3497125 ], [ 76.6192339, 12.3497414 ], [ 76.6195894, 12.3498003 ], [ 76.6196235, 12.349806 ], [ 76.6196895, 12.3498173 ], [ 76.6199285, 12.3498576 ], [ 76.6204854, 12.3499515 ], [ 76.620672, 12.3499843 ], [ 76.6210174, 12.350045 ], [ 76.6209981, 12.3500873 ], [ 76.6209831, 12.3501198 ], [ 76.6208728, 12.3503715 ], [ 76.6208436, 12.350434 ], [ 76.6208207, 12.3504805 ], [ 76.6204836, 12.3511863 ], [ 76.6201458, 12.3518779 ], [ 76.6200844, 12.3519924 ], [ 76.6200479, 12.3520524 ], [ 76.6200411, 12.3520632 ], [ 76.6200384, 12.3520676 ], [ 76.6198891, 12.3523066 ], [ 76.6198319, 12.3523947 ], [ 76.6195899, 12.3527597 ], [ 76.619485, 12.352921 ], [ 76.6192792, 12.3532359 ], [ 76.6189827, 12.3536659 ], [ 76.618746, 12.3540325 ], [ 76.6186535, 12.3541758 ], [ 76.6186859, 12.3541778 ], [ 76.6188745, 12.3541891 ], [ 76.6189197, 12.3541918 ], [ 76.6190102, 12.3541972 ], [ 76.6224572, 12.354404 ], [ 76.6234079, 12.354469 ], [ 76.6235538, 12.3544393 ], [ 76.623565, 12.354437 ], [ 76.6237244, 12.3544046 ], [ 76.623791, 12.3542645 ], [ 76.6238042, 12.3542635 ], [ 76.6238907, 12.3542575 ], [ 76.623925, 12.3542551 ], [ 76.6239492, 12.3542176 ], [ 76.6240677, 12.3540338 ], [ 76.6240774, 12.3540187 ], [ 76.6242281, 12.3537848 ], [ 76.6246988, 12.3530632 ], [ 76.6251751, 12.3523146 ], [ 76.6253898, 12.3519727 ], [ 76.6254868, 12.35183 ], [ 76.6255388, 12.3517541 ], [ 76.6255723, 12.3517101 ], [ 76.625614, 12.3516596 ], [ 76.6256338, 12.3516388 ], [ 76.6256584, 12.3516168 ], [ 76.6256794, 12.3516002 ], [ 76.6257107, 12.3515775 ], [ 76.6257389, 12.35156 ], [ 76.6257406, 12.351559 ], [ 76.625806, 12.3515259 ], [ 76.6258131, 12.351523 ], [ 76.6258266, 12.3515182 ], [ 76.6258505, 12.3515098 ], [ 76.6259009, 12.3514921 ], [ 76.6259423, 12.3514796 ], [ 76.6259649, 12.3514748 ], [ 76.62604, 12.3514589 ], [ 76.6261055, 12.3514457 ], [ 76.6261812, 12.3514336 ], [ 76.6264514, 12.3514013 ], [ 76.6267068, 12.3513815 ] ] ] } },
{ "type": "Feature", "id": 4, "properties": { "tessellate": -1, "extrude": 0, "visibility": -1, "KGISWardID": 6362, "KGISWardCode": "2605005", "KGISWardName": "Kumbarakoppalu", "SHAPE.STArea()": 723672.73583984398, "SHAPE.STLength()": 3615.5915773689098, "OBJECTID": 20110, "KGISWardNo": "5", "KGISTownCode": "2605", "LGD_WardCode": 28810, "created_user": "SA", "created_date": 1634898537000.0, "last_edited_user": "SA", "last_edited_date": 1643365734000.0 }, "geometry": { "type": "Polygon", "coordinates": [ [ [ 76.6268375, 12.3456251 ], [ 76.626966, 12.3456072 ], [ 76.6270216, 12.3455969 ], [ 76.6270697, 12.345588 ], [ 76.6271494, 12.3455734 ], [ 76.6271845, 12.3455669 ], [ 76.6272176, 12.3455607 ], [ 76.6273727, 12.3455317 ], [ 76.6274615, 12.3455149 ], [ 76.62753, 12.345502 ], [ 76.6275898, 12.345493 ], [ 76.627679, 12.3454818 ], [ 76.6277899, 12.3454709 ], [ 76.6278307, 12.3454669 ], [ 76.6278794, 12.3454643 ], [ 76.6279128, 12.3454625 ], [ 76.6280033, 12.3454577 ], [ 76.6281014, 12.3454583 ], [ 76.6281583, 12.3454624 ], [ 76.6281757, 12.3454653 ], [ 76.6282355, 12.3454747 ], [ 76.6282962, 12.3454852 ], [ 76.628328, 12.3454915 ], [ 76.6283636, 12.3455005 ], [ 76.6283859, 12.3455073 ], [ 76.6284099, 12.3455147 ], [ 76.6284551, 12.3455316 ], [ 76.6284905, 12.3455477 ], [ 76.6285018, 12.3455544 ], [ 76.6285101, 12.3455591 ], [ 76.628511, 12.3456473 ], [ 76.6285134, 12.3457037 ], [ 76.6291396, 12.345653 ], [ 76.6294059, 12.3456334 ], [ 76.6294077, 12.3456333 ], [ 76.6294645, 12.3456293 ], [ 76.6295309, 12.3456239 ], [ 76.6295696, 12.3456214 ], [ 76.6295886, 12.3456213 ], [ 76.6296346, 12.3456224 ], [ 76.6296672, 12.3456249 ], [ 76.6297119, 12.3456295 ], [ 76.6299977, 12.3456747 ], [ 76.6300008, 12.3456752 ], [ 76.6302185, 12.3457096 ], [ 76.6302831, 12.3453774 ], [ 76.6302961, 12.345311 ], [ 76.6302963, 12.3453099 ], [ 76.6303054, 12.3452632 ], [ 76.6303137, 12.3452203 ], [ 76.6303485, 12.3450487 ], [ 76.6304207, 12.3446923 ], [ 76.6304227, 12.3446822 ], [ 76.6305268, 12.344142 ], [ 76.6307856, 12.3428019 ], [ 76.6308495, 12.3424714 ], [ 76.631022, 12.3415169 ], [ 76.6311139, 12.3410086 ], [ 76.6311765, 12.3407158 ], [ 76.6313794, 12.3397685 ], [ 76.631509, 12.3391802 ], [ 76.6315793, 12.338861 ], [ 76.6315857, 12.3388286 ], [ 76.6315959, 12.3387775 ], [ 76.6303238, 12.3384142 ], [ 76.6292083, 12.3381071 ], [ 76.6291202, 12.3380829 ], [ 76.6286972, 12.3379665 ], [ 76.6286392, 12.3380209 ], [ 76.6285522, 12.3381024 ], [ 76.6278351, 12.3388948 ], [ 76.6276881, 12.3390571 ], [ 76.6272864, 12.3390809 ], [ 76.6272402, 12.3390804 ], [ 76.6271333, 12.3390717 ], [ 76.6264727, 12.3389663 ], [ 76.62626, 12.3391179 ], [ 76.6252986, 12.3391959 ], [ 76.6252767, 12.3395936 ], [ 76.6252755, 12.3396104 ], [ 76.6252534, 12.3399215 ], [ 76.6252511, 12.3399648 ], [ 76.6250486, 12.3399841 ], [ 76.624653, 12.3400219 ], [ 76.6245684, 12.34003 ], [ 76.6245051, 12.3400428 ], [ 76.6243388, 12.3400765 ], [ 76.6239251, 12.3401443 ], [ 76.6238773, 12.3401521 ], [ 76.6231813, 12.3402662 ], [ 76.623128, 12.3402732 ], [ 76.6230041, 12.3402904 ], [ 76.6228942, 12.3403056 ], [ 76.622805, 12.3403194 ], [ 76.6226655, 12.3403408 ], [ 76.6223708, 12.3403971 ], [ 76.6223235, 12.3404061 ], [ 76.6222586, 12.3404179 ], [ 76.6221357, 12.3404364 ], [ 76.6220042, 12.3404485 ], [ 76.6217347, 12.3404534 ], [ 76.6217013, 12.340454 ], [ 76.6216552, 12.3404548 ], [ 76.6214848, 12.3404538 ], [ 76.6213143, 12.3404527 ], [ 76.6213204, 12.3407332 ], [ 76.6213209, 12.3407499 ], [ 76.6213228, 12.3408041 ], [ 76.6213261, 12.3408487 ], [ 76.6213302, 12.3408822 ], [ 76.6213376, 12.3409264 ], [ 76.6213777, 12.3411222 ], [ 76.6213834, 12.34115 ], [ 76.6213977, 12.3412295 ], [ 76.6214031, 12.3412619 ], [ 76.6214125, 12.3413339 ], [ 76.6214193, 12.3413964 ], [ 76.6214348, 12.3415331 ], [ 76.6214483, 12.3416388 ], [ 76.6214695, 12.3418051 ], [ 76.6214864, 12.3419555 ], [ 76.6215256, 12.3422989 ], [ 76.6215337, 12.3423701 ], [ 76.6215579, 12.3425827 ], [ 76.6215878, 12.3428568 ], [ 76.6216269, 12.3432157 ], [ 76.6216758, 12.3436832 ], [ 76.621683, 12.3437735 ], [ 76.6217149, 12.3441338 ], [ 76.6217354, 12.3443152 ], [ 76.621749, 12.3444127 ], [ 76.6217906, 12.3447237 ], [ 76.6218478, 12.3451516 ], [ 76.6219275, 12.3456984 ], [ 76.6219303, 12.345701 ], [ 76.6219368, 12.3457041 ], [ 76.6219426, 12.3457052 ], [ 76.6219508, 12.3457055 ], [ 76.6224005, 12.3456662 ], [ 76.6225625, 12.3456503 ], [ 76.622569, 12.3457893 ], [ 76.6225693, 12.3457937 ], [ 76.6225736, 12.3458853 ], [ 76.6225842, 12.3461095 ], [ 76.6225842, 12.3461118 ], [ 76.6231974, 12.3460657 ], [ 76.6232162, 12.346064 ], [ 76.6234206, 12.3460397 ], [ 76.6234828, 12.3460323 ], [ 76.623672, 12.3460098 ], [ 76.6238352, 12.345991 ], [ 76.6239634, 12.3459795 ], [ 76.6245208, 12.3459305 ], [ 76.6245771, 12.3459252 ], [ 76.6246392, 12.345919 ], [ 76.6246642, 12.3459159 ], [ 76.625257, 12.3458506 ], [ 76.6253134, 12.3458444 ], [ 76.6254245, 12.3458322 ], [ 76.6255274, 12.3458207 ], [ 76.6256345, 12.3458058 ], [ 76.625721, 12.3457922 ], [ 76.6257525, 12.3457867 ], [ 76.6261503, 12.345721 ], [ 76.6263065, 12.3456912 ], [ 76.6265118, 12.3456541 ], [ 76.6265554, 12.3456482 ], [ 76.62676, 12.3456326 ], [ 76.6268375, 12.3456251 ] ] ] } },
{ "type": "Feature", "id": 5, "properties": { "tessellate": -1, "extrude": 0, "visibility": -1, "KGISWardID": 6363, "KGISWardCode": "2605006", "KGISWardName": "Gokulam,Brudhavana", "SHAPE.STArea()": 1993592.11865234, "SHAPE.STLength()": 8764.1049279512299, "OBJECTID": 20111, "KGISWardNo": "6", "KGISTownCode": "2605", "LGD_WardCode": 28811, "created_user": "SA", "created_date": 1634898537000.0, "last_edited_user": "SA", "last_edited_date": 1643365734000.0 }, "geometry": { "type": "Polygon", "coordinates": [ [ [ 76.6383234, 12.3402643 ], [ 76.6383954, 12.3401667 ], [ 76.6398217, 12.3405259 ], [ 76.6400653, 12.3405833 ], [ 76.6407437, 12.3407552 ], [ 76.6410587, 12.3408324 ], [ 76.6412427, 12.340876 ], [ 76.6421275, 12.3410876 ], [ 76.6429584, 12.3412864 ], [ 76.6429767, 12.3412908 ], [ 76.6430082, 12.3412984 ], [ 76.6430152, 12.3413009 ], [ 76.6430154, 12.3412546 ], [ 76.643016, 12.3410703 ], [ 76.6430186, 12.3407249 ], [ 76.64302, 12.3404741 ], [ 76.6430219, 12.3401543 ], [ 76.6430223, 12.3400725 ], [ 76.6430225, 12.3400492 ], [ 76.6430239, 12.3397934 ], [ 76.6430251, 12.3396908 ], [ 76.6430284, 12.3393951 ], [ 76.6430275, 12.3389423 ], [ 76.6430297, 12.3382269 ], [ 76.64303, 12.3381286 ], [ 76.6430303, 12.3380444 ], [ 76.643041, 12.3368591 ], [ 76.643041, 12.3368367 ], [ 76.6430409, 12.336831 ], [ 76.6430406, 12.3362348 ], [ 76.6430316, 12.335778 ], [ 76.643027, 12.335661 ], [ 76.643026, 12.3356334 ], [ 76.6430227, 12.3355501 ], [ 76.6430016, 12.3352967 ], [ 76.6429585, 12.3349228 ], [ 76.6429124, 12.3349307 ], [ 76.6427303, 12.3349617 ], [ 76.6425916, 12.334988 ], [ 76.6425147, 12.3350036 ], [ 76.6421778, 12.3350679 ], [ 76.6421577, 12.3350717 ], [ 76.6420025, 12.3351006 ], [ 76.6419537, 12.335277 ], [ 76.6419266, 12.3353683 ], [ 76.6419103, 12.3354173 ], [ 76.6418875, 12.3354813 ], [ 76.6418606, 12.335555 ], [ 76.6418385, 12.3356112 ], [ 76.6417839, 12.335743 ], [ 76.6417521, 12.3358112 ], [ 76.6417239, 12.3358683 ], [ 76.6417142, 12.3358879 ], [ 76.6416635, 12.3359843 ], [ 76.6416377, 12.3360298 ], [ 76.641458, 12.3363336 ], [ 76.6414502, 12.3363465 ], [ 76.6413681, 12.3364788 ], [ 76.6409176, 12.3364633 ], [ 76.640471, 12.3364653 ], [ 76.6404075, 12.336464 ], [ 76.6402663, 12.3364581 ], [ 76.6401841, 12.3364534 ], [ 76.640171, 12.3364525 ], [ 76.6400977, 12.3364473 ], [ 76.6400169, 12.3364413 ], [ 76.6398107, 12.336421 ], [ 76.6397235, 12.3364118 ], [ 76.6396802, 12.3364042 ], [ 76.6396456, 12.3363968 ], [ 76.6395926, 12.336385 ], [ 76.6395516, 12.3363734 ], [ 76.6394992, 12.3363546 ], [ 76.6391685, 12.3362121 ], [ 76.6391025, 12.3361844 ], [ 76.6389771, 12.3361271 ], [ 76.638859, 12.3360702 ], [ 76.6388578, 12.3360522 ], [ 76.6388443, 12.3358432 ], [ 76.638836, 12.3356927 ], [ 76.6388031, 12.3353019 ], [ 76.6388019, 12.3353075 ], [ 76.6387983, 12.3353272 ], [ 76.6387953, 12.3353405 ], [ 76.6387915, 12.3353517 ], [ 76.6387855, 12.3353647 ], [ 76.638783, 12.3353682 ], [ 76.6387771, 12.3353765 ], [ 76.638761, 12.335391 ], [ 76.6387575, 12.3353936 ], [ 76.6382605, 12.335728 ], [ 76.6380038, 12.3359026 ], [ 76.6377421, 12.336064 ], [ 76.6370203, 12.3361066 ], [ 76.6368616, 12.3361199 ], [ 76.6368412, 12.3361216 ], [ 76.6364116, 12.3361576 ], [ 76.636092, 12.3361829 ], [ 76.6357165, 12.3362126 ], [ 76.635726, 12.335459 ], [ 76.6357293, 12.3346214 ], [ 76.6356899, 12.3345914 ], [ 76.6356822, 12.3345856 ], [ 76.6356093, 12.3345317 ], [ 76.6355071, 12.3344562 ], [ 76.6353919, 12.3343699 ], [ 76.6351794, 12.3342067 ], [ 76.6350585, 12.3341108 ], [ 76.6349644, 12.3340307 ], [ 76.6349434, 12.3340127 ], [ 76.634921, 12.3339937 ], [ 76.6347937, 12.3338841 ], [ 76.6346202, 12.3337303 ], [ 76.6345372, 12.3336545 ], [ 76.6343039, 12.3334446 ], [ 76.6342223, 12.3333717 ], [ 76.6342006, 12.3333523 ], [ 76.633916, 12.333094 ], [ 76.6337994, 12.3329879 ], [ 76.6337333, 12.3329269 ], [ 76.6336853, 12.3328876 ], [ 76.6335553, 12.3327945 ], [ 76.6334708, 12.332743 ], [ 76.6331272, 12.3325431 ], [ 76.6329796, 12.3324652 ], [ 76.6326994, 12.3323249 ], [ 76.6327014, 12.3322903 ], [ 76.632761, 12.3318129 ], [ 76.6327711, 12.3317317 ], [ 76.6327751, 12.3316996 ], [ 76.6328397, 12.3311817 ], [ 76.6329801, 12.3300061 ], [ 76.6331063, 12.3289762 ], [ 76.633173, 12.3284343 ], [ 76.6332578, 12.3277908 ], [ 76.6333028, 12.3274216 ], [ 76.6333028, 12.3274215 ], [ 76.63333, 12.3272095 ], [ 76.6333791, 12.3268565 ], [ 76.6334336, 12.3264269 ], [ 76.6334501, 12.326268 ], [ 76.6334746, 12.3261272 ], [ 76.6335016, 12.3260311 ], [ 76.633534, 12.3259269 ], [ 76.6335574, 12.3258628 ], [ 76.63357, 12.3258312 ], [ 76.6335987, 12.3257649 ], [ 76.6336404, 12.3256755 ], [ 76.6336624, 12.3256174 ], [ 76.6336995, 12.3255053 ], [ 76.6337152, 12.3254578 ], [ 76.6330612, 12.3261312 ], [ 76.6325604, 12.3266489 ], [ 76.6318974, 12.3273563 ], [ 76.6316619, 12.3275914 ], [ 76.6307043, 12.3285468 ], [ 76.6302525, 12.3290252 ], [ 76.6295751, 12.3297406 ], [ 76.6291492, 12.3301512 ], [ 76.6285291, 12.3308033 ], [ 76.6280912, 12.3307124 ], [ 76.6280272, 12.3306992 ], [ 76.6278873, 12.3306701 ], [ 76.6274011, 12.330559 ], [ 76.6272728, 12.3305297 ], [ 76.6272296, 12.3305198 ], [ 76.6271867, 12.3306314 ], [ 76.6271702, 12.3306746 ], [ 76.6271467, 12.3307358 ], [ 76.6271169, 12.3308133 ], [ 76.6270585, 12.3309736 ], [ 76.6270488, 12.331 ], [ 76.6261267, 12.3310003 ], [ 76.6256242, 12.3310005 ], [ 76.6254415, 12.331004 ], [ 76.6253242, 12.3310065 ], [ 76.6253005, 12.3310085 ], [ 76.6251003, 12.3310238 ], [ 76.6249438, 12.3310556 ], [ 76.6248384, 12.3310853 ], [ 76.6246347, 12.3311605 ], [ 76.6246008, 12.3311714 ], [ 76.6244765, 12.3312175 ], [ 76.6243051, 12.331288 ], [ 76.6241913, 12.3313606 ], [ 76.6240569, 12.331463 ], [ 76.6240096, 12.3315074 ], [ 76.6239234, 12.3316067 ], [ 76.6238531, 12.3316878 ], [ 76.6238239, 12.3317264 ], [ 76.6237178, 12.3319106 ], [ 76.6236985, 12.331944 ], [ 76.6236724, 12.3319903 ], [ 76.6236446, 12.3320453 ], [ 76.6236105, 12.3321249 ], [ 76.6235869, 12.3321879 ], [ 76.6235416, 12.3323203 ], [ 76.6234824, 12.3325231 ], [ 76.6234378, 12.3327133 ], [ 76.6234178, 12.3328278 ], [ 76.6233898, 12.3330352 ], [ 76.6233596, 12.3332947 ], [ 76.6233228, 12.3336114 ], [ 76.623312, 12.3337786 ], [ 76.6233108, 12.3338664 ], [ 76.6233351, 12.3340173 ], [ 76.6233905, 12.3342267 ], [ 76.6235798, 12.3342107 ], [ 76.6236055, 12.3342086 ], [ 76.6236278, 12.3343777 ], [ 76.6236443, 12.3344929 ], [ 76.6237206, 12.334983 ], [ 76.6237489, 12.3351258 ], [ 76.6238951, 12.335909 ], [ 76.6239045, 12.3359909 ], [ 76.6239082, 12.3360238 ], [ 76.6239165, 12.3361247 ], [ 76.6239176, 12.3361438 ], [ 76.6239239, 12.3362546 ], [ 76.623929, 12.3363432 ], [ 76.6239307, 12.3363635 ], [ 76.623956, 12.3366764 ], [ 76.6240121, 12.3372225 ], [ 76.624038, 12.3374787 ], [ 76.6240628, 12.3377245 ], [ 76.6240669, 12.3377673 ], [ 76.6241766, 12.3388246 ], [ 76.6241942, 12.3389512 ], [ 76.6242144, 12.3390614 ], [ 76.6242278, 12.3391056 ], [ 76.6242388, 12.3391417 ], [ 76.6243836, 12.3396319 ], [ 76.6245051, 12.3400428 ], [ 76.6245684, 12.34003 ], [ 76.624653, 12.3400219 ], [ 76.6250486, 12.3399841 ], [ 76.6252511, 12.3399648 ], [ 76.6252534, 12.3399215 ], [ 76.6252755, 12.3396104 ], [ 76.6252767, 12.3395936 ], [ 76.6252986, 12.3391959 ], [ 76.62626, 12.3391179 ], [ 76.6264727, 12.3389663 ], [ 76.6271333, 12.3390717 ], [ 76.6272402, 12.3390804 ], [ 76.6272864, 12.3390809 ], [ 76.6276881, 12.3390571 ], [ 76.6278351, 12.3388948 ], [ 76.6285522, 12.3381024 ], [ 76.6286392, 12.3380209 ], [ 76.6286972, 12.3379665 ], [ 76.6291202, 12.3380829 ], [ 76.6292083, 12.3381071 ], [ 76.6303238, 12.3384142 ], [ 76.6315959, 12.3387775 ], [ 76.6315857, 12.3388286 ], [ 76.6315793, 12.338861 ], [ 76.631509, 12.3391802 ], [ 76.6313794, 12.3397685 ], [ 76.6311765, 12.3407158 ], [ 76.6311139, 12.3410086 ], [ 76.631022, 12.3415169 ], [ 76.6308495, 12.3424714 ], [ 76.6307856, 12.3428019 ], [ 76.6305268, 12.344142 ], [ 76.6304227, 12.3446822 ], [ 76.6304207, 12.3446923 ], [ 76.6303485, 12.3450487 ], [ 76.6303137, 12.3452203 ], [ 76.6303054, 12.3452632 ], [ 76.6302963, 12.3453099 ], [ 76.6302961, 12.345311 ], [ 76.6302831, 12.3453774 ], [ 76.6305362, 12.345371 ], [ 76.6306986, 12.3453631 ], [ 76.6308363, 12.345355 ], [ 76.6310091, 12.3453493 ], [ 76.6310662, 12.345345 ], [ 76.6313078, 12.3453094 ], [ 76.6313443, 12.3453038 ], [ 76.6314773, 12.3452852 ], [ 76.6316773, 12.345263 ], [ 76.631871, 12.3452414 ], [ 76.632069, 12.345223 ], [ 76.6320803, 12.3451268 ], [ 76.6320838, 12.3450976 ], [ 76.6321268, 12.3450852 ], [ 76.6321323, 12.3450835 ], [ 76.6322847, 12.3450364 ], [ 76.6325082, 12.3449627 ], [ 76.6326738, 12.3449047 ], [ 76.6328176, 12.3448543 ], [ 76.632862, 12.344841 ], [ 76.6329522, 12.344817 ], [ 76.6330375, 12.3447969 ], [ 76.6333491, 12.3447233 ], [ 76.6336127, 12.3446623 ], [ 76.6336533, 12.3446529 ], [ 76.6338368, 12.3446112 ], [ 76.6347229, 12.3444246 ], [ 76.6350516, 12.3443542 ], [ 76.6352881, 12.3443035 ], [ 76.6354158, 12.3442753 ], [ 76.6354546, 12.3442668 ], [ 76.6354803, 12.3442564 ], [ 76.6354888, 12.3442513 ], [ 76.6355041, 12.3442379 ], [ 76.6355201, 12.3442183 ], [ 76.635586, 12.344132 ], [ 76.6355992, 12.3441138 ], [ 76.6357222, 12.3439334 ], [ 76.6361138, 12.3434 ], [ 76.6364646, 12.342925 ], [ 76.636483, 12.3429009 ], [ 76.6365512, 12.3428083 ], [ 76.6365824, 12.3427672 ], [ 76.6366086, 12.3427326 ], [ 76.6366966, 12.3426274 ], [ 76.6368222, 12.3424792 ], [ 76.6368491, 12.3424444 ], [ 76.6368615, 12.3424272 ], [ 76.6369053, 12.3423662 ], [ 76.6369469, 12.3423087 ], [ 76.6369666, 12.3422815 ], [ 76.6369928, 12.3422434 ], [ 76.6370355, 12.3421789 ], [ 76.6370743, 12.3421201 ], [ 76.6371379, 12.3420203 ], [ 76.6372613, 12.3418314 ], [ 76.6373585, 12.341686 ], [ 76.6375871, 12.3413442 ], [ 76.6379243, 12.3408239 ], [ 76.6382465, 12.3403687 ], [ 76.6383234, 12.3402643 ] ] ] } },
{ "type": "Feature", "id": 6, "properties": { "tessellate": -1, "extrude": 0, "visibility": -1, "KGISWardID": 6366, "KGISWardCode": "2605007", "KGISWardName": "Metagali", "SHAPE.STArea()": 1706385.43920898, "SHAPE.STLength()": 7919.8268095106496, "OBJECTID": 20112, "KGISWardNo": "7", "KGISTownCode": "2605", "LGD_WardCode": 28812, "created_user": "SA", "created_date": 1634898537000.0, "last_edited_user": "SURESHBV", "last_edited_date": 1644824911000.0 }, "geometry": { "type": "Polygon", "coordinates": [ [ [ 76.6244066, 12.3544022 ], [ 76.6244343, 12.354417 ], [ 76.6244669, 12.3544346 ], [ 76.6249647, 12.3547273 ], [ 76.6250521, 12.3547787 ], [ 76.6251421, 12.3548316 ], [ 76.6251759, 12.3548514 ], [ 76.6254803, 12.3550295 ], [ 76.6254767, 12.3549961 ], [ 76.6254709, 12.354941 ], [ 76.6254644, 12.3548801 ], [ 76.6254639, 12.3548755 ], [ 76.625457, 12.3548105 ], [ 76.6254428, 12.3545831 ], [ 76.6254025, 12.3543121 ], [ 76.625463, 12.3542999 ], [ 76.6255113, 12.3542879 ], [ 76.626285, 12.3540954 ], [ 76.6266661, 12.3540006 ], [ 76.6266672, 12.3540003 ], [ 76.6266861, 12.3539956 ], [ 76.6266576, 12.353717 ], [ 76.6273598, 12.3536047 ], [ 76.6274266, 12.353594 ], [ 76.6278732, 12.3535226 ], [ 76.6282548, 12.3534616 ], [ 76.6282833, 12.3536891 ], [ 76.6282857, 12.3537239 ], [ 76.6284641, 12.3537231 ], [ 76.6284638, 12.3537284 ], [ 76.6284617, 12.3537756 ], [ 76.6285546, 12.3537802 ], [ 76.6285477, 12.3538098 ], [ 76.6287511, 12.3538403 ], [ 76.6287538, 12.353829 ], [ 76.6287549, 12.3538246 ], [ 76.6287707, 12.3537583 ], [ 76.6288298, 12.3534962 ], [ 76.628838, 12.3534541 ], [ 76.6288435, 12.3534354 ], [ 76.628938, 12.3530166 ], [ 76.6289662, 12.3528833 ], [ 76.6289936, 12.3527537 ], [ 76.6291087, 12.3522097 ], [ 76.6291161, 12.3521748 ], [ 76.6291632, 12.3521751 ], [ 76.6291761, 12.3521745 ], [ 76.6292709, 12.3521993 ], [ 76.6299085, 12.3523655 ], [ 76.6301229, 12.3524214 ], [ 76.6302359, 12.3524628 ], [ 76.6307082, 12.3526357 ], [ 76.6310088, 12.3527457 ], [ 76.6311698, 12.3527678 ], [ 76.6314884, 12.3528115 ], [ 76.6315167, 12.3528125 ], [ 76.631597, 12.3528155 ], [ 76.6317041, 12.3528195 ], [ 76.6318726, 12.3528258 ], [ 76.6320536, 12.3528325 ], [ 76.6321123, 12.3528347 ], [ 76.6325877, 12.3528057 ], [ 76.6332124, 12.3526965 ], [ 76.6332717, 12.3526862 ], [ 76.6333554, 12.3526653 ], [ 76.6334498, 12.3526327 ], [ 76.6336841, 12.3525519 ], [ 76.6337077, 12.3525438 ], [ 76.6339602, 12.3524568 ], [ 76.6340772, 12.3524164 ], [ 76.6343287, 12.3523297 ], [ 76.6349407, 12.3521091 ], [ 76.6349906, 12.3520877 ], [ 76.63547, 12.3518819 ], [ 76.6358736, 12.3517086 ], [ 76.6359033, 12.3516903 ], [ 76.636077, 12.3515833 ], [ 76.6363727, 12.351401 ], [ 76.6365753, 12.3512645 ], [ 76.6368897, 12.3510527 ], [ 76.6371214, 12.3508808 ], [ 76.6373056, 12.3507442 ], [ 76.6373835, 12.3506983 ], [ 76.6374824, 12.3506402 ], [ 76.6381974, 12.3502196 ], [ 76.6386916, 12.349998 ], [ 76.6387316, 12.3499854 ], [ 76.6388803, 12.3499383 ], [ 76.6393734, 12.3498454 ], [ 76.6395232, 12.3498335 ], [ 76.6395265, 12.3498332 ], [ 76.6398845, 12.3498048 ], [ 76.6400568, 12.3498068 ], [ 76.6401589, 12.349808 ], [ 76.6408768, 12.3498164 ], [ 76.6416458, 12.3498242 ], [ 76.6420236, 12.349828 ], [ 76.64267, 12.349844 ], [ 76.642708, 12.349845 ], [ 76.6428887, 12.3498494 ], [ 76.6431941, 12.349857 ], [ 76.6441032, 12.3499541 ], [ 76.6444505, 12.3499912 ], [ 76.6452864, 12.3502593 ], [ 76.646031, 12.3504897 ], [ 76.6460427, 12.3504933 ], [ 76.6460557, 12.350497 ], [ 76.6463183, 12.3505715 ], [ 76.6463802, 12.3505891 ], [ 76.6466162, 12.3506561 ], [ 76.6468416, 12.3507506 ], [ 76.6469387, 12.3508022 ], [ 76.6469957, 12.3508326 ], [ 76.6471485, 12.3509139 ], [ 76.6471966, 12.3509502 ], [ 76.6472245, 12.3509713 ], [ 76.64726, 12.3509981 ], [ 76.6473042, 12.3510009 ], [ 76.647421, 12.3510083 ], [ 76.6476553, 12.3510232 ], [ 76.6477531, 12.3510944 ], [ 76.6479082, 12.3512072 ], [ 76.6482243, 12.3512387 ], [ 76.6485132, 12.3511772 ], [ 76.6485442, 12.3511706 ], [ 76.6489611, 12.351082 ], [ 76.6491129, 12.3510497 ], [ 76.6491992, 12.3509664 ], [ 76.6492694, 12.3508988 ], [ 76.6495689, 12.3507433 ], [ 76.6498481, 12.3506934 ], [ 76.6501855, 12.3506611 ], [ 76.6503205, 12.3505398 ], [ 76.6503415, 12.350521 ], [ 76.6504247, 12.3504462 ], [ 76.6504262, 12.3504449 ], [ 76.6504469, 12.3504263 ], [ 76.6507957, 12.3501577 ], [ 76.6506119, 12.350076 ], [ 76.6504688, 12.3500163 ], [ 76.6504509, 12.3500089 ], [ 76.6502861, 12.3499402 ], [ 76.6498603, 12.3497569 ], [ 76.6496676, 12.349674 ], [ 76.6488507, 12.3493211 ], [ 76.6485978, 12.3492098 ], [ 76.6485923, 12.3492074 ], [ 76.6483065, 12.3490817 ], [ 76.6479906, 12.3489473 ], [ 76.6472384, 12.3486204 ], [ 76.6472214, 12.348613 ], [ 76.6470294, 12.3485295 ], [ 76.6468047, 12.3484354 ], [ 76.6464455, 12.3482713 ], [ 76.6461985, 12.3481494 ], [ 76.6460067, 12.3480467 ], [ 76.6458571, 12.3479542 ], [ 76.6455006, 12.3477328 ], [ 76.645367, 12.3476317 ], [ 76.6453655, 12.3476306 ], [ 76.6452884, 12.3475723 ], [ 76.6450772, 12.3474042 ], [ 76.6448806, 12.3472382 ], [ 76.6447962, 12.347162 ], [ 76.6446713, 12.3470378 ], [ 76.6445822, 12.3469471 ], [ 76.6443893, 12.3467367 ], [ 76.6442075, 12.3465239 ], [ 76.6441094, 12.3464003 ], [ 76.6440572, 12.3463293 ], [ 76.6439788, 12.3462098 ], [ 76.6439636, 12.3461867 ], [ 76.6439591, 12.3461798 ], [ 76.6437737, 12.3458737 ], [ 76.6436231, 12.3455862 ], [ 76.6435725, 12.3454896 ], [ 76.6435295, 12.3454045 ], [ 76.643508, 12.3453619 ], [ 76.643465, 12.3452715 ], [ 76.6434255, 12.3451686 ], [ 76.6433736, 12.3450335 ], [ 76.6433474, 12.3449633 ], [ 76.6433429, 12.3449512 ], [ 76.6433406, 12.3449451 ], [ 76.6432893, 12.3448047 ], [ 76.6432086, 12.3445726 ], [ 76.6431318, 12.3442755 ], [ 76.6431243, 12.3442462 ], [ 76.643109, 12.3441648 ], [ 76.6431073, 12.3441556 ], [ 76.6431015, 12.3441249 ], [ 76.6430832, 12.3440201 ], [ 76.6430541, 12.3438311 ], [ 76.6430389, 12.3436809 ], [ 76.6430253, 12.3435467 ], [ 76.6430167, 12.3434313 ], [ 76.6430156, 12.3434155 ], [ 76.6430073, 12.3433052 ], [ 76.6430072, 12.3431597 ], [ 76.6430067, 12.3427983 ], [ 76.6430072, 12.3427285 ], [ 76.6430091, 12.3424153 ], [ 76.6430092, 12.3424076 ], [ 76.6430101, 12.3422625 ], [ 76.6430141, 12.3416142 ], [ 76.6430152, 12.3413009 ], [ 76.6430082, 12.3412984 ], [ 76.6429767, 12.3412908 ], [ 76.6429584, 12.3412864 ], [ 76.6421275, 12.3410876 ], [ 76.6412427, 12.340876 ], [ 76.6410587, 12.3408324 ], [ 76.6407437, 12.3407552 ], [ 76.6400653, 12.3405833 ], [ 76.6398217, 12.3405259 ], [ 76.6383954, 12.3401667 ], [ 76.6383234, 12.3402643 ], [ 76.6382465, 12.3403687 ], [ 76.6379243, 12.3408239 ], [ 76.6375871, 12.3413442 ], [ 76.6373585, 12.341686 ], [ 76.6372613, 12.3418314 ], [ 76.6371379, 12.3420203 ], [ 76.6370743, 12.3421201 ], [ 76.6370355, 12.3421789 ], [ 76.6369928, 12.3422434 ], [ 76.6369666, 12.3422815 ], [ 76.6369469, 12.3423087 ], [ 76.6369053, 12.3423662 ], [ 76.6368615, 12.3424272 ], [ 76.6368491, 12.3424444 ], [ 76.6368222, 12.3424792 ], [ 76.6366966, 12.3426274 ], [ 76.6366086, 12.3427326 ], [ 76.6365824, 12.3427672 ], [ 76.6365512, 12.3428083 ], [ 76.636483, 12.3429009 ], [ 76.6364646, 12.342925 ], [ 76.6361138, 12.3434 ], [ 76.6357222, 12.3439334 ], [ 76.6355992, 12.3441138 ], [ 76.635586, 12.344132 ], [ 76.6355201, 12.3442183 ], [ 76.6355041, 12.3442379 ], [ 76.6354888, 12.3442513 ], [ 76.6354803, 12.3442564 ], [ 76.6354546, 12.3442668 ], [ 76.6354158, 12.3442753 ], [ 76.6352881, 12.3443035 ], [ 76.6350516, 12.3443542 ], [ 76.6347229, 12.3444246 ], [ 76.6338368, 12.3446112 ], [ 76.6336533, 12.3446529 ], [ 76.6336127, 12.3446623 ], [ 76.6333491, 12.3447233 ], [ 76.6330375, 12.3447969 ], [ 76.6329522, 12.344817 ], [ 76.632862, 12.344841 ], [ 76.6328176, 12.3448543 ], [ 76.6326738, 12.3449047 ], [ 76.6325082, 12.3449627 ], [ 76.6322847, 12.3450364 ], [ 76.6321323, 12.3450835 ], [ 76.6321268, 12.3450852 ], [ 76.6320838, 12.3450976 ], [ 76.6320803, 12.3451268 ], [ 76.632069, 12.345223 ], [ 76.631871, 12.3452414 ], [ 76.6316773, 12.345263 ], [ 76.6314773, 12.3452852 ], [ 76.6313443, 12.3453038 ], [ 76.6313078, 12.3453094 ], [ 76.6310662, 12.345345 ], [ 76.6310091, 12.3453493 ], [ 76.6308363, 12.345355 ], [ 76.6306986, 12.3453631 ], [ 76.6305362, 12.345371 ], [ 76.6302831, 12.3453774 ], [ 76.6302185, 12.3457096 ], [ 76.6301845, 12.3458841 ], [ 76.6301661, 12.3459797 ], [ 76.6300318, 12.3466771 ], [ 76.629869, 12.347542 ], [ 76.6297461, 12.348195 ], [ 76.629739, 12.3482331 ], [ 76.6296029, 12.3489918 ], [ 76.6294361, 12.3498674 ], [ 76.6294222, 12.3499405 ], [ 76.6294201, 12.3499506 ], [ 76.6292671, 12.3507084 ], [ 76.6292083, 12.3509965 ], [ 76.6291741, 12.3511911 ], [ 76.6291697, 12.3512162 ], [ 76.6285146, 12.3511892 ], [ 76.6283736, 12.3511834 ], [ 76.6283443, 12.3511822 ], [ 76.6282475, 12.3511782 ], [ 76.6281808, 12.3511771 ], [ 76.6280701, 12.3511783 ], [ 76.6279521, 12.3511795 ], [ 76.6278879, 12.3511802 ], [ 76.6278262, 12.3511809 ], [ 76.6277651, 12.3511829 ], [ 76.6276979, 12.3511851 ], [ 76.6276122, 12.3511901 ], [ 76.6275975, 12.3511913 ], [ 76.6275649, 12.3511943 ], [ 76.6275166, 12.3511988 ], [ 76.6274982, 12.3512021 ], [ 76.6274856, 12.3512052 ], [ 76.62748, 12.3512068 ], [ 76.6274732, 12.3512093 ], [ 76.627463, 12.3512138 ], [ 76.6274565, 12.3512171 ], [ 76.6274543, 12.3512185 ], [ 76.627449, 12.3512217 ], [ 76.6274366, 12.3512307 ], [ 76.6274195, 12.3512458 ], [ 76.6274148, 12.3512507 ], [ 76.6274093, 12.3512571 ], [ 76.6274037, 12.3512653 ], [ 76.6274004, 12.3512707 ], [ 76.6273995, 12.351273 ], [ 76.6273965, 12.3512802 ], [ 76.6273683, 12.3513483 ], [ 76.6273263, 12.3514499 ], [ 76.6273009, 12.3514443 ], [ 76.6272518, 12.3514317 ], [ 76.6271516, 12.3514059 ], [ 76.6271043, 12.3513953 ], [ 76.6270568, 12.3513888 ], [ 76.6270005, 12.3513829 ], [ 76.6269275, 12.3513803 ], [ 76.6268366, 12.3513793 ], [ 76.6268286, 12.3513792 ], [ 76.6267068, 12.3513815 ], [ 76.6264514, 12.3514013 ], [ 76.6261812, 12.3514336 ], [ 76.6261055, 12.3514457 ], [ 76.62604, 12.3514589 ], [ 76.6259649, 12.3514748 ], [ 76.6259423, 12.3514796 ], [ 76.6259009, 12.3514921 ], [ 76.6258505, 12.3515098 ], [ 76.6258266, 12.3515182 ], [ 76.6258131, 12.351523 ], [ 76.625806, 12.3515259 ], [ 76.6257406, 12.351559 ], [ 76.6257389, 12.35156 ], [ 76.6257107, 12.3515775 ], [ 76.6256794, 12.3516002 ], [ 76.6256584, 12.3516168 ], [ 76.6256338, 12.3516388 ], [ 76.625614, 12.3516596 ], [ 76.6255723, 12.3517101 ], [ 76.6255388, 12.3517541 ], [ 76.6254868, 12.35183 ], [ 76.6253898, 12.3519727 ], [ 76.6251751, 12.3523146 ], [ 76.6246988, 12.3530632 ], [ 76.6242281, 12.3537848 ], [ 76.6240774, 12.3540187 ], [ 76.6240677, 12.3540338 ], [ 76.6239492, 12.3542176 ], [ 76.623925, 12.3542551 ], [ 76.6240503, 12.3542463 ], [ 76.6241121, 12.3542419 ], [ 76.6241122, 12.3542442 ], [ 76.624148, 12.3542634 ], [ 76.6241881, 12.3542849 ], [ 76.6241896, 12.3542857 ], [ 76.6244066, 12.3544022 ] ] ] } },
{ "type": "Feature", "id": 7, "properties": { "tessellate": -1, "extrude": 0, "visibility": -1, "KGISWardID": 6367, "KGISWardCode": "2605008", "KGISWardName": "Bannimantapa Hudco Badavane", "SHAPE.STArea()": 1889675.8372192399, "SHAPE.STLength()": 7319.5222030812101, "OBJECTID": 20113, "KGISWardNo": "8", "KGISTownCode": "2605", "LGD_WardCode": 28813, "created_user": "SA", "created_date": 1634898537000.0, "last_edited_user": "SA", "last_edited_date": 1643365734000.0 }, "geometry": { "type": "Polygon", "coordinates": [ [ [ 76.6520651, 12.3495545 ], [ 76.6522103, 12.3495541 ], [ 76.6523439, 12.3495102 ], [ 76.6526015, 12.3494679 ], [ 76.6526805, 12.3494577 ], [ 76.6530618, 12.3494082 ], [ 76.653674, 12.3494309 ], [ 76.6537043, 12.349432 ], [ 76.6538732, 12.3494759 ], [ 76.6542992, 12.3495866 ], [ 76.6552509, 12.3499555 ], [ 76.6560243, 12.3502826 ], [ 76.6569344, 12.3505682 ], [ 76.6576245, 12.350705 ], [ 76.6582788, 12.3508121 ], [ 76.6592306, 12.3508299 ], [ 76.6602835, 12.3506277 ], [ 76.6609438, 12.3504611 ], [ 76.6610014, 12.3504458 ], [ 76.6610401, 12.3504355 ], [ 76.6610049, 12.3503188 ], [ 76.6608691, 12.3498691 ], [ 76.6605838, 12.3491022 ], [ 76.6603799, 12.3485077 ], [ 76.6603554, 12.348428 ], [ 76.6603412, 12.3483868 ], [ 76.6602274, 12.348061 ], [ 76.6601726, 12.3479041 ], [ 76.660136, 12.3478009 ], [ 76.6600399, 12.3475085 ], [ 76.6598197, 12.3468222 ], [ 76.6595557, 12.3459478 ], [ 76.6594848, 12.3457156 ], [ 76.6594116, 12.3454758 ], [ 76.659387, 12.3453921 ], [ 76.6593727, 12.3453436 ], [ 76.6593419, 12.3452499 ], [ 76.6593011, 12.3451397 ], [ 76.6592382, 12.3449896 ], [ 76.6590729, 12.3446233 ], [ 76.6590399, 12.3445456 ], [ 76.6586513, 12.3437169 ], [ 76.658411, 12.3432308 ], [ 76.6581372, 12.342697 ], [ 76.6581055, 12.3426371 ], [ 76.6580477, 12.3425277 ], [ 76.6580124, 12.3424554 ], [ 76.6579927, 12.3424075 ], [ 76.6579597, 12.3423329 ], [ 76.6579506, 12.3423094 ], [ 76.6579414, 12.3422791 ], [ 76.6579371, 12.3422576 ], [ 76.6579335, 12.3422375 ], [ 76.6579205, 12.3421057 ], [ 76.6579161, 12.3420213 ], [ 76.6579163, 12.3419457 ], [ 76.6579232, 12.3418056 ], [ 76.6579264, 12.3417716 ], [ 76.6579522, 12.3415214 ], [ 76.6579735, 12.3413686 ], [ 76.6579918, 12.3412463 ], [ 76.6580604, 12.3408657 ], [ 76.658112, 12.340551 ], [ 76.6581213, 12.340461 ], [ 76.6581301, 12.3403579 ], [ 76.6581311, 12.3403414 ], [ 76.6581317, 12.3403078 ], [ 76.6581316, 12.3402574 ], [ 76.6581307, 12.340218 ], [ 76.658129, 12.3401454 ], [ 76.6581282, 12.3401081 ], [ 76.6581072, 12.3398767 ], [ 76.6580823, 12.3396262 ], [ 76.6580519, 12.3394388 ], [ 76.6580109, 12.3392176 ], [ 76.6579297, 12.338744 ], [ 76.6579263, 12.3387119 ], [ 76.6579247, 12.3386972 ], [ 76.6563507, 12.3388861 ], [ 76.6554002, 12.3389405 ], [ 76.6551732, 12.3389535 ], [ 76.6551651, 12.3390184 ], [ 76.6545576, 12.34211 ], [ 76.6535776, 12.3419817 ], [ 76.6536297, 12.3417312 ], [ 76.653639, 12.3416867 ], [ 76.6536412, 12.3416655 ], [ 76.6536414, 12.3416627 ], [ 76.6536418, 12.3416461 ], [ 76.6536414, 12.3416332 ], [ 76.6536402, 12.3416231 ], [ 76.6536394, 12.3416189 ], [ 76.6536358, 12.3416032 ], [ 76.6536331, 12.3415962 ], [ 76.6536313, 12.3415922 ], [ 76.6536264, 12.3415837 ], [ 76.6536188, 12.3415751 ], [ 76.653613, 12.3415709 ], [ 76.6536005, 12.341562 ], [ 76.653582, 12.3415531 ], [ 76.6535721, 12.3415492 ], [ 76.6535602, 12.3415456 ], [ 76.6535499, 12.3415434 ], [ 76.653528, 12.3415397 ], [ 76.6535006, 12.3415367 ], [ 76.6532923, 12.3415161 ], [ 76.6530625, 12.3414897 ], [ 76.6527692, 12.3414531 ], [ 76.6525319, 12.3414236 ], [ 76.6523048, 12.3413953 ], [ 76.652281, 12.3413922 ], [ 76.6520279, 12.3413599 ], [ 76.6516649, 12.3413031 ], [ 76.6518737, 12.3410274 ], [ 76.6518827, 12.3410092 ], [ 76.651891, 12.3409856 ], [ 76.6519023, 12.3409457 ], [ 76.6519115, 12.3408978 ], [ 76.6519134, 12.3408844 ], [ 76.6519177, 12.3408425 ], [ 76.6519255, 12.3407066 ], [ 76.6519251, 12.3406639 ], [ 76.6519237, 12.340637 ], [ 76.6519207, 12.3405813 ], [ 76.6519172, 12.3405162 ], [ 76.6519108, 12.3404569 ], [ 76.6519052, 12.340427 ], [ 76.6518947, 12.3403969 ], [ 76.6518604, 12.3403213 ], [ 76.6518472, 12.3402979 ], [ 76.6518411, 12.340289 ], [ 76.6518254, 12.3402678 ], [ 76.6518084, 12.3402488 ], [ 76.6518003, 12.3402415 ], [ 76.6517842, 12.340227 ], [ 76.6517786, 12.340222 ], [ 76.651764, 12.3402112 ], [ 76.6515055, 12.3400416 ], [ 76.6513951, 12.3399667 ], [ 76.6513081, 12.3398955 ], [ 76.6512645, 12.3398553 ], [ 76.6512312, 12.3398191 ], [ 76.6512184, 12.3398034 ], [ 76.6511936, 12.3397674 ], [ 76.6511792, 12.3397428 ], [ 76.6511612, 12.3397065 ], [ 76.651143, 12.3396611 ], [ 76.650847, 12.3389204 ], [ 76.6506507, 12.3385206 ], [ 76.6506049, 12.3384462 ], [ 76.6504547, 12.3382448 ], [ 76.6503867, 12.3381563 ], [ 76.6503632, 12.3381257 ], [ 76.6503296, 12.338088 ], [ 76.6502734, 12.3380301 ], [ 76.6502114, 12.3379793 ], [ 76.6501705, 12.3379501 ], [ 76.6499896, 12.3378221 ], [ 76.6494154, 12.3374517 ], [ 76.6491903, 12.3373064 ], [ 76.6486646, 12.3369484 ], [ 76.6485725, 12.3368829 ], [ 76.648128, 12.3365667 ], [ 76.6481155, 12.3365569 ], [ 76.6476082, 12.3361951 ], [ 76.6472511, 12.3359467 ], [ 76.6470928, 12.3358366 ], [ 76.6469188, 12.3357155 ], [ 76.6466488, 12.335533 ], [ 76.6465121, 12.3354501 ], [ 76.6464401, 12.3354254 ], [ 76.6463854, 12.3354162 ], [ 76.6463649, 12.3354156 ], [ 76.6463588, 12.3354155 ], [ 76.6463501, 12.3354152 ], [ 76.6461877, 12.3354327 ], [ 76.646127, 12.3354392 ], [ 76.6461341, 12.3354799 ], [ 76.6461645, 12.335643 ], [ 76.6461694, 12.3356695 ], [ 76.6462538, 12.3361219 ], [ 76.6463481, 12.3365691 ], [ 76.6464757, 12.3371999 ], [ 76.6464882, 12.3372617 ], [ 76.6464974, 12.3373072 ], [ 76.6465716, 12.3376207 ], [ 76.6466053, 12.3377348 ], [ 76.6466549, 12.3378941 ], [ 76.6467631, 12.3386601 ], [ 76.6467688, 12.3387005 ], [ 76.6467693, 12.3387039 ], [ 76.6468267, 12.3391102 ], [ 76.6468354, 12.3392203 ], [ 76.6468417, 12.3393007 ], [ 76.646834, 12.3394658 ], [ 76.6468319, 12.3395993 ], [ 76.6468271, 12.3396595 ], [ 76.6468141, 12.3398203 ], [ 76.6468077, 12.3398999 ], [ 76.6467889, 12.3401334 ], [ 76.6467137, 12.3408629 ], [ 76.64661, 12.3417238 ], [ 76.6466089, 12.3417301 ], [ 76.6466069, 12.3417418 ], [ 76.6463002, 12.34169 ], [ 76.6462555, 12.3416814 ], [ 76.6462, 12.3416709 ], [ 76.6461013, 12.3416482 ], [ 76.6459981, 12.3416246 ], [ 76.6456602, 12.341527 ], [ 76.6456037, 12.3415095 ], [ 76.6455124, 12.3414794 ], [ 76.6454657, 12.3414624 ], [ 76.6454277, 12.3414455 ], [ 76.6451257, 12.3412947 ], [ 76.6449312, 12.3411938 ], [ 76.6448396, 12.3411421 ], [ 76.6447353, 12.3410785 ], [ 76.6446037, 12.340996 ], [ 76.6443582, 12.3408393 ], [ 76.6441635, 12.3407041 ], [ 76.6438825, 12.3405062 ], [ 76.6438373, 12.340472 ], [ 76.6438019, 12.3404431 ], [ 76.6437888, 12.34043 ], [ 76.643771, 12.3404113 ], [ 76.6437548, 12.3403904 ], [ 76.6436732, 12.340251 ], [ 76.6436284, 12.3401772 ], [ 76.6436035, 12.340139 ], [ 76.6435202, 12.3400191 ], [ 76.6434899, 12.3399823 ], [ 76.6434767, 12.3399683 ], [ 76.6434258, 12.3399341 ], [ 76.6430251, 12.3396908 ], [ 76.6430239, 12.3397934 ], [ 76.6430225, 12.3400492 ], [ 76.6430223, 12.3400725 ], [ 76.6430219, 12.3401543 ], [ 76.64302, 12.3404741 ], [ 76.6430186, 12.3407249 ], [ 76.643016, 12.3410703 ], [ 76.6430154, 12.3412546 ], [ 76.6430152, 12.3413009 ], [ 76.6430141, 12.3416142 ], [ 76.6430101, 12.3422625 ], [ 76.6430092, 12.3424076 ], [ 76.6430091, 12.3424153 ], [ 76.6430072, 12.3427285 ], [ 76.6430067, 12.3427983 ], [ 76.6430072, 12.3431597 ], [ 76.6430073, 12.3433052 ], [ 76.6430156, 12.3434155 ], [ 76.6430167, 12.3434313 ], [ 76.6430253, 12.3435467 ], [ 76.6430389, 12.3436809 ], [ 76.6430541, 12.3438311 ], [ 76.6430832, 12.3440201 ], [ 76.6431015, 12.3441249 ], [ 76.6431073, 12.3441556 ], [ 76.643109, 12.3441648 ], [ 76.6431243, 12.3442462 ], [ 76.6431318, 12.3442755 ], [ 76.6432086, 12.3445726 ], [ 76.6432893, 12.3448047 ], [ 76.6433406, 12.3449451 ], [ 76.6433429, 12.3449512 ], [ 76.6433474, 12.3449633 ], [ 76.6433736, 12.3450335 ], [ 76.6434255, 12.3451686 ], [ 76.643465, 12.3452715 ], [ 76.643508, 12.3453619 ], [ 76.6435295, 12.3454045 ], [ 76.6435725, 12.3454896 ], [ 76.6436231, 12.3455862 ], [ 76.6437737, 12.3458737 ], [ 76.6439591, 12.3461798 ], [ 76.6439636, 12.3461867 ], [ 76.6439788, 12.3462098 ], [ 76.6440572, 12.3463293 ], [ 76.6441094, 12.3464003 ], [ 76.6442075, 12.3465239 ], [ 76.6443893, 12.3467367 ], [ 76.6445822, 12.3469471 ], [ 76.6446713, 12.3470378 ], [ 76.6447962, 12.347162 ], [ 76.6448806, 12.3472382 ], [ 76.6450772, 12.3474042 ], [ 76.6452884, 12.3475723 ], [ 76.6453655, 12.3476306 ], [ 76.645367, 12.3476317 ], [ 76.6455006, 12.3477328 ], [ 76.6458571, 12.3479542 ], [ 76.6460067, 12.3480467 ], [ 76.6461985, 12.3481494 ], [ 76.6464455, 12.3482713 ], [ 76.6468047, 12.3484354 ], [ 76.6470294, 12.3485295 ], [ 76.6472214, 12.348613 ], [ 76.6472384, 12.3486204 ], [ 76.6479906, 12.3489473 ], [ 76.6483065, 12.3490817 ], [ 76.6485923, 12.3492074 ], [ 76.6485978, 12.3492098 ], [ 76.6488507, 12.3493211 ], [ 76.6496676, 12.349674 ], [ 76.6498603, 12.3497569 ], [ 76.6502861, 12.3499402 ], [ 76.6504509, 12.3500089 ], [ 76.6504688, 12.3500163 ], [ 76.6506119, 12.350076 ], [ 76.6507957, 12.3501577 ], [ 76.6508649, 12.3501044 ], [ 76.6508977, 12.3500885 ], [ 76.6509774, 12.3500499 ], [ 76.6513585, 12.3496984 ], [ 76.6513695, 12.3496883 ], [ 76.6515128, 12.3495561 ], [ 76.6520651, 12.3495545 ] ] ] } },
{ "type": "Feature", "id": 8, "properties": { "tessellate": -1, "extrude": 0, "visibility": -1, "KGISWardID": 6370, "KGISWardCode": "2605009", "KGISWardName": "Kesare", "SHAPE.STArea()": 1217520.4906005899, "SHAPE.STLength()": 4604.10353365637, "OBJECTID": 20114, "KGISWardNo": "9", "KGISTownCode": "2605", "LGD_WardCode": 28814, "created_user": "SA", "created_date": 1634898537000.0, "last_edited_user": "SA", "last_edited_date": 1643365734000.0 }, "geometry": { "type": "Polygon", "coordinates": [ [ [ 76.6655918, 12.3378579 ], [ 76.6651999, 12.3371985 ], [ 76.6634068, 12.3374622 ], [ 76.6623582, 12.3376282 ], [ 76.6615557, 12.3377553 ], [ 76.6614348, 12.3370953 ], [ 76.6614186, 12.3370067 ], [ 76.6613935, 12.336864 ], [ 76.661349, 12.3366115 ], [ 76.6613429, 12.3365767 ], [ 76.6606135, 12.3366275 ], [ 76.6605895, 12.3366292 ], [ 76.6605893, 12.3365642 ], [ 76.659607, 12.3366669 ], [ 76.6596314, 12.3361767 ], [ 76.6590363, 12.3362209 ], [ 76.6587782, 12.3362472 ], [ 76.6582865, 12.3363046 ], [ 76.6577846, 12.3363632 ], [ 76.6577708, 12.3363649 ], [ 76.6577715, 12.3364232 ], [ 76.6577717, 12.336442 ], [ 76.657777, 12.3369014 ], [ 76.6577781, 12.3369394 ], [ 76.657785, 12.3371596 ], [ 76.6577865, 12.3372073 ], [ 76.6578037, 12.3374813 ], [ 76.6578057, 12.3375069 ], [ 76.6578265, 12.3377824 ], [ 76.657874, 12.3382246 ], [ 76.6578998, 12.338465 ], [ 76.6579231, 12.3386825 ], [ 76.6579247, 12.3386972 ], [ 76.6579263, 12.3387119 ], [ 76.6579297, 12.338744 ], [ 76.6580109, 12.3392176 ], [ 76.6580519, 12.3394388 ], [ 76.6580823, 12.3396262 ], [ 76.6581072, 12.3398767 ], [ 76.6581282, 12.3401081 ], [ 76.658129, 12.3401454 ], [ 76.6581307, 12.340218 ], [ 76.6581316, 12.3402574 ], [ 76.6581317, 12.3403078 ], [ 76.6581311, 12.3403414 ], [ 76.6581301, 12.3403579 ], [ 76.6581213, 12.340461 ], [ 76.658112, 12.340551 ], [ 76.6580604, 12.3408657 ], [ 76.6579918, 12.3412463 ], [ 76.6579735, 12.3413686 ], [ 76.6579522, 12.3415214 ], [ 76.6579264, 12.3417716 ], [ 76.6579232, 12.3418056 ], [ 76.6579163, 12.3419457 ], [ 76.6579161, 12.3420213 ], [ 76.6579205, 12.3421057 ], [ 76.6579335, 12.3422375 ], [ 76.6579371, 12.3422576 ], [ 76.6579414, 12.3422791 ], [ 76.6579506, 12.3423094 ], [ 76.6579597, 12.3423329 ], [ 76.6579927, 12.3424075 ], [ 76.6580124, 12.3424554 ], [ 76.6580477, 12.3425277 ], [ 76.6581055, 12.3426371 ], [ 76.6581372, 12.342697 ], [ 76.658411, 12.3432308 ], [ 76.6586513, 12.3437169 ], [ 76.6590399, 12.3445456 ], [ 76.6590729, 12.3446233 ], [ 76.6592382, 12.3449896 ], [ 76.6593011, 12.3451397 ], [ 76.6593419, 12.3452499 ], [ 76.6593727, 12.3453436 ], [ 76.659387, 12.3453921 ], [ 76.6594116, 12.3454758 ], [ 76.6594848, 12.3457156 ], [ 76.6595557, 12.3459478 ], [ 76.6598197, 12.3468222 ], [ 76.6600399, 12.3475085 ], [ 76.660136, 12.3478009 ], [ 76.6601726, 12.3479041 ], [ 76.6602274, 12.348061 ], [ 76.6603412, 12.3483868 ], [ 76.6603554, 12.348428 ], [ 76.6603799, 12.3485077 ], [ 76.6605838, 12.3491022 ], [ 76.6608691, 12.3498691 ], [ 76.6610049, 12.3503188 ], [ 76.6610401, 12.3504355 ], [ 76.6611464, 12.3504073 ], [ 76.66128, 12.3503719 ], [ 76.661725, 12.3502538 ], [ 76.6619277, 12.3502 ], [ 76.6624973, 12.3500398 ], [ 76.6632183, 12.3497686 ], [ 76.6638179, 12.3495473 ], [ 76.6643462, 12.3494117 ], [ 76.6650743, 12.349326 ], [ 76.6655526, 12.3491975 ], [ 76.6661807, 12.3489048 ], [ 76.666613, 12.3486981 ], [ 76.6666409, 12.3486848 ], [ 76.6666733, 12.3486693 ], [ 76.6667646, 12.3486327 ], [ 76.6668874, 12.3485836 ], [ 76.6669305, 12.348577 ], [ 76.6669654, 12.3485649 ], [ 76.6669814, 12.3484852 ], [ 76.6670552, 12.3481177 ], [ 76.6670665, 12.3480498 ], [ 76.6670965, 12.3478704 ], [ 76.6671518, 12.3475401 ], [ 76.6671931, 12.3472927 ], [ 76.6672331, 12.3469423 ], [ 76.6672415, 12.3466682 ], [ 76.667242, 12.3465448 ], [ 76.667244, 12.3460659 ], [ 76.6672486, 12.3457807 ], [ 76.6672504, 12.3456954 ], [ 76.6672636, 12.3450798 ], [ 76.6673048, 12.3443807 ], [ 76.6673077, 12.3443262 ], [ 76.6673096, 12.3442256 ], [ 76.6673054, 12.3441778 ], [ 76.6672691, 12.3439695 ], [ 76.6672107, 12.3436656 ], [ 76.6671598, 12.3433934 ], [ 76.6671577, 12.3433816 ], [ 76.6671521, 12.3433508 ], [ 76.6671504, 12.3433334 ], [ 76.6671487, 12.3432902 ], [ 76.6671494, 12.3432255 ], [ 76.6671627, 12.3425818 ], [ 76.6671627, 12.3425811 ], [ 76.6671642, 12.3425099 ], [ 76.66717, 12.3422842 ], [ 76.667165, 12.3421099 ], [ 76.6671589, 12.3420475 ], [ 76.667149, 12.3419807 ], [ 76.6671068, 12.3416776 ], [ 76.6670917, 12.341551 ], [ 76.6670296, 12.3410332 ], [ 76.6669893, 12.3407424 ], [ 76.666971, 12.3406347 ], [ 76.6669607, 12.3405708 ], [ 76.6669335, 12.3404222 ], [ 76.6669159, 12.3403525 ], [ 76.6668831, 12.3402227 ], [ 76.6668664, 12.3401564 ], [ 76.6668602, 12.3401343 ], [ 76.6668046, 12.3399638 ], [ 76.6667534, 12.3398302 ], [ 76.6666861, 12.3396677 ], [ 76.6666411, 12.3395732 ], [ 76.6666077, 12.3395116 ], [ 76.6665868, 12.3394731 ], [ 76.6665282, 12.3393763 ], [ 76.6660178, 12.3385736 ], [ 76.6658291, 12.3382769 ], [ 76.6656184, 12.3379026 ], [ 76.6655918, 12.3378579 ] ] ] } },
{ "type": "Feature", "id": 9, "properties": { "tessellate": -1, "extrude": 0, "visibility": -1, "KGISWardID": 6371, "KGISWardCode": "2605010", "KGISWardName": "Rajivanagara", "SHAPE.STArea()": 2051718.4521484401, "SHAPE.STLength()": 6802.0084985438498, "OBJECTID": 20115, "KGISWardNo": "10", "KGISTownCode": "2605", "LGD_WardCode": 28815, "created_user": "SA", "created_date": 1634898537000.0, "last_edited_user": "SA", "last_edited_date": 1643365734000.0 }, "geometry": { "type": "Polygon", "coordinates": [ [ [ 76.681435, 12.3377583 ], [ 76.6821002, 12.336997 ], [ 76.6821189, 12.3369743 ], [ 76.6821526, 12.3369334 ], [ 76.6815827, 12.3366373 ], [ 76.6814521, 12.3365694 ], [ 76.6811424, 12.3364075 ], [ 76.6811333, 12.3364028 ], [ 76.6815815, 12.3359227 ], [ 76.6817708, 12.3357173 ], [ 76.682193, 12.3352592 ], [ 76.6822534, 12.3351942 ], [ 76.6823251, 12.335117 ], [ 76.6824648, 12.3349666 ], [ 76.6822125, 12.3347023 ], [ 76.6821982, 12.3346854 ], [ 76.6821649, 12.3346433 ], [ 76.6821509, 12.3346239 ], [ 76.6821405, 12.3346061 ], [ 76.6821316, 12.3345891 ], [ 76.6821239, 12.3345705 ], [ 76.6821209, 12.3345632 ], [ 76.6821145, 12.3345437 ], [ 76.6821027, 12.3345039 ], [ 76.682042, 12.3342714 ], [ 76.6819734, 12.3339944 ], [ 76.6818927, 12.3336474 ], [ 76.6817355, 12.3329789 ], [ 76.6815733, 12.3330169 ], [ 76.6810015, 12.3331378 ], [ 76.6806086, 12.3332208 ], [ 76.6803093, 12.3332814 ], [ 76.6800887, 12.33333 ], [ 76.67982, 12.3333893 ], [ 76.6794863, 12.3334629 ], [ 76.6794689, 12.3334668 ], [ 76.6784452, 12.3336878 ], [ 76.6780034, 12.3337865 ], [ 76.6779524, 12.3337978 ], [ 76.6776016, 12.3338803 ], [ 76.6774889, 12.333907 ], [ 76.6774656, 12.3339125 ], [ 76.677445, 12.3339174 ], [ 76.6771658, 12.3339835 ], [ 76.6768879, 12.334049 ], [ 76.6768645, 12.3340545 ], [ 76.6767894, 12.3340942 ], [ 76.6766341, 12.3341795 ], [ 76.6766229, 12.3341885 ], [ 76.6766145, 12.3341987 ], [ 76.6765765, 12.3342609 ], [ 76.6765649, 12.3342798 ], [ 76.6765312, 12.3343349 ], [ 76.6759218, 12.3340995 ], [ 76.6755793, 12.3339708 ], [ 76.675292, 12.333862 ], [ 76.6750874, 12.3337861 ], [ 76.6750479, 12.3337715 ], [ 76.6743685, 12.3335196 ], [ 76.6742458, 12.3334746 ], [ 76.6741536, 12.3334336 ], [ 76.6740864, 12.3333981 ], [ 76.6737974, 12.3332349 ], [ 76.6737557, 12.3332098 ], [ 76.6737434, 12.3332029 ], [ 76.673692, 12.3331777 ], [ 76.6736492, 12.333158 ], [ 76.6736192, 12.3331455 ], [ 76.673605, 12.3331395 ], [ 76.6735558, 12.3331204 ], [ 76.6735204, 12.3331072 ], [ 76.6734789, 12.3330939 ], [ 76.6734499, 12.3330852 ], [ 76.6734214, 12.333078 ], [ 76.6733817, 12.3330693 ], [ 76.6733713, 12.3330672 ], [ 76.6729953, 12.3329964 ], [ 76.6728993, 12.3329794 ], [ 76.6727493, 12.3329549 ], [ 76.6727068, 12.3329479 ], [ 76.6726884, 12.3329449 ], [ 76.6722616, 12.3328852 ], [ 76.6719521, 12.3328451 ], [ 76.6719306, 12.3328423 ], [ 76.6717718, 12.3328228 ], [ 76.6715908, 12.3328042 ], [ 76.6714214, 12.3327898 ], [ 76.6713319, 12.3327818 ], [ 76.6712305, 12.3327727 ], [ 76.67086, 12.3327393 ], [ 76.6706754, 12.3327295 ], [ 76.6706064, 12.332727 ], [ 76.6705047, 12.3327293 ], [ 76.6700122, 12.3327403 ], [ 76.6699544, 12.3327424 ], [ 76.6699219, 12.3327428 ], [ 76.6698612, 12.3327432 ], [ 76.669735, 12.3327439 ], [ 76.6696632, 12.332917 ], [ 76.6695017, 12.3333332 ], [ 76.6694849, 12.333374 ], [ 76.6694546, 12.333437 ], [ 76.669311, 12.333718 ], [ 76.6692909, 12.3337541 ], [ 76.6691601, 12.3339547 ], [ 76.6690225, 12.3341657 ], [ 76.6689036, 12.3343258 ], [ 76.6688797, 12.334358 ], [ 76.6688759, 12.334363 ], [ 76.6687856, 12.3344828 ], [ 76.6686351, 12.3346823 ], [ 76.668448, 12.3348737 ], [ 76.6683564, 12.3349585 ], [ 76.6683416, 12.334974 ], [ 76.6683316, 12.3349845 ], [ 76.6683245, 12.3349929 ], [ 76.6683035, 12.3350212 ], [ 76.6682874, 12.3350493 ], [ 76.6682823, 12.3350597 ], [ 76.6682702, 12.3350865 ], [ 76.6682592, 12.3351169 ], [ 76.6682548, 12.3351315 ], [ 76.6682465, 12.3351643 ], [ 76.6682395, 12.3352139 ], [ 76.6682377, 12.3352488 ], [ 76.6682418, 12.3352885 ], [ 76.6682458, 12.3353083 ], [ 76.6682612, 12.3353489 ], [ 76.668302, 12.3354463 ], [ 76.6683657, 12.3356161 ], [ 76.6683883, 12.3356905 ], [ 76.668398, 12.3357293 ], [ 76.6684155, 12.3358072 ], [ 76.668417, 12.3358159 ], [ 76.6684272, 12.3358742 ], [ 76.6684439, 12.335969 ], [ 76.6684507, 12.3360165 ], [ 76.6684597, 12.3361693 ], [ 76.6685985, 12.336201 ], [ 76.6686445, 12.33621 ], [ 76.6687198, 12.3362241 ], [ 76.6687649, 12.3362342 ], [ 76.6688099, 12.3362457 ], [ 76.6688468, 12.3362571 ], [ 76.6688695, 12.3362651 ], [ 76.6689426, 12.3362929 ], [ 76.669001, 12.3363184 ], [ 76.6690309, 12.3363337 ], [ 76.6690647, 12.3363561 ], [ 76.6690776, 12.336366 ], [ 76.6691193, 12.3364092 ], [ 76.6691285, 12.3364199 ], [ 76.6691455, 12.3364396 ], [ 76.6691628, 12.3364648 ], [ 76.6691884, 12.336511 ], [ 76.6691986, 12.3365331 ], [ 76.6692076, 12.3365559 ], [ 76.6693968, 12.3371348 ], [ 76.6694113, 12.3371793 ], [ 76.6695072, 12.3374692 ], [ 76.669613, 12.3377794 ], [ 76.6690686, 12.337768 ], [ 76.6689533, 12.3377618 ], [ 76.6685908, 12.337744 ], [ 76.6680969, 12.3377198 ], [ 76.6680349, 12.337718 ], [ 76.6673138, 12.3376778 ], [ 76.6671487, 12.337671 ], [ 76.6671431, 12.3376709 ], [ 76.6670323, 12.3376691 ], [ 76.6669476, 12.3376698 ], [ 76.666876, 12.3376732 ], [ 76.6668066, 12.3376804 ], [ 76.6667286, 12.3376923 ], [ 76.6662817, 12.3377555 ], [ 76.6660098, 12.3377939 ], [ 76.6658013, 12.3378258 ], [ 76.6655918, 12.3378579 ], [ 76.6656184, 12.3379026 ], [ 76.6658291, 12.3382769 ], [ 76.6660178, 12.3385736 ], [ 76.6665282, 12.3393763 ], [ 76.6665868, 12.3394731 ], [ 76.6666077, 12.3395116 ], [ 76.6666411, 12.3395732 ], [ 76.6666861, 12.3396677 ], [ 76.6667534, 12.3398302 ], [ 76.6668046, 12.3399638 ], [ 76.6668602, 12.3401343 ], [ 76.6668664, 12.3401564 ], [ 76.6668831, 12.3402227 ], [ 76.6669159, 12.3403525 ], [ 76.6669335, 12.3404222 ], [ 76.6669607, 12.3405708 ], [ 76.666971, 12.3406347 ], [ 76.6669893, 12.3407424 ], [ 76.6670296, 12.3410332 ], [ 76.6670917, 12.341551 ], [ 76.6671068, 12.3416776 ], [ 76.667149, 12.3419807 ], [ 76.6671589, 12.3420475 ], [ 76.667165, 12.3421099 ], [ 76.66717, 12.3422842 ], [ 76.6671642, 12.3425099 ], [ 76.6671627, 12.3425811 ], [ 76.6671627, 12.3425818 ], [ 76.6671494, 12.3432255 ], [ 76.6671487, 12.3432902 ], [ 76.6671504, 12.3433334 ], [ 76.6671521, 12.3433508 ], [ 76.6671577, 12.3433816 ], [ 76.6671598, 12.3433934 ], [ 76.6672107, 12.3436656 ], [ 76.6672691, 12.3439695 ], [ 76.6673054, 12.3441778 ], [ 76.6673096, 12.3442256 ], [ 76.6673077, 12.3443262 ], [ 76.6673048, 12.3443807 ], [ 76.6672636, 12.3450798 ], [ 76.6672504, 12.3456954 ], [ 76.6672486, 12.3457807 ], [ 76.667244, 12.3460659 ], [ 76.667242, 12.3465448 ], [ 76.6672415, 12.3466682 ], [ 76.6672331, 12.3469423 ], [ 76.6671931, 12.3472927 ], [ 76.6671518, 12.3475401 ], [ 76.6670965, 12.3478704 ], [ 76.6670665, 12.3480498 ], [ 76.6670552, 12.3481177 ], [ 76.6669814, 12.3484852 ], [ 76.6669654, 12.3485649 ], [ 76.6671758, 12.3484918 ], [ 76.6685153, 12.3482444 ], [ 76.6692686, 12.3481113 ], [ 76.6698345, 12.3479936 ], [ 76.6702303, 12.3478004 ], [ 76.6704457, 12.3476952 ], [ 76.6710975, 12.3471384 ], [ 76.6712514, 12.347011 ], [ 76.6714518, 12.3468451 ], [ 76.6717059, 12.346612 ], [ 76.6720839, 12.3463844 ], [ 76.6726901, 12.3460893 ], [ 76.6727191, 12.3460722 ], [ 76.6732555, 12.3458232 ], [ 76.6739053, 12.3455215 ], [ 76.6739371, 12.3455067 ], [ 76.6740493, 12.3454546 ], [ 76.6741465, 12.3454095 ], [ 76.6743032, 12.34532 ], [ 76.6746468, 12.3451237 ], [ 76.6755895, 12.3446456 ], [ 76.6760339, 12.3444283 ], [ 76.676605, 12.344149 ], [ 76.6776265, 12.3436347 ], [ 76.6788835, 12.3430141 ], [ 76.6796439, 12.3426405 ], [ 76.6800253, 12.3424291 ], [ 76.6800783, 12.3424019 ], [ 76.6804966, 12.3421876 ], [ 76.6806175, 12.3421256 ], [ 76.6810737, 12.3418919 ], [ 76.6818177, 12.3415106 ], [ 76.6818438, 12.3414973 ], [ 76.6820077, 12.3414133 ], [ 76.6820406, 12.3413958 ], [ 76.682053, 12.3413756 ], [ 76.6821978, 12.3411416 ], [ 76.6822008, 12.3411367 ], [ 76.6822159, 12.3411124 ], [ 76.6822852, 12.3410718 ], [ 76.6823527, 12.3410323 ], [ 76.682781, 12.3407816 ], [ 76.6827953, 12.3407732 ], [ 76.6831779, 12.3405493 ], [ 76.6832756, 12.3404914 ], [ 76.6833044, 12.3404744 ], [ 76.6831533, 12.3403019 ], [ 76.6828811, 12.340002 ], [ 76.6826079, 12.3397021 ], [ 76.6824764, 12.3395606 ], [ 76.6824195, 12.3394955 ], [ 76.6820454, 12.3390294 ], [ 76.6817457, 12.3386568 ], [ 76.681246, 12.3380032 ], [ 76.681227, 12.3379784 ], [ 76.6813953, 12.3378014 ], [ 76.6814203, 12.3377751 ], [ 76.681435, 12.3377583 ] ] ] } },
{ "type": "Feature", "id": 10, "properties": { "tessellate": -1, "extrude": 0, "visibility": -1, "KGISWardID": 6374, "KGISWardCode": "2605011", "KGISWardName": "Shanthinagara 1", "SHAPE.STArea()": 950726.27001953102, "SHAPE.STLength()": 5410.5818956646499, "OBJECTID": 20116, "KGISWardNo": "11", "KGISTownCode": "2605", "LGD_WardCode": 28816, "created_user": "SA", "created_date": 1634898537000.0, "last_edited_user": "SA", "last_edited_date": 1643365734000.0 }, "geometry": { "type": "Polygon", "coordinates": [ [ [ 76.6945204, 12.3331431 ], [ 76.6941866, 12.3329321 ], [ 76.693996, 12.3328116 ], [ 76.6939836, 12.332804 ], [ 76.693296, 12.3323813 ], [ 76.6927204, 12.3320185 ], [ 76.6920666, 12.331614 ], [ 76.6919306, 12.3315288 ], [ 76.6914674, 12.3312385 ], [ 76.6912185, 12.3310825 ], [ 76.6909755, 12.3309367 ], [ 76.6906629, 12.3307491 ], [ 76.6905475, 12.3306799 ], [ 76.6898734, 12.3303199 ], [ 76.6898169, 12.3302913 ], [ 76.6896735, 12.3302211 ], [ 76.6895246, 12.3301506 ], [ 76.6894808, 12.3301299 ], [ 76.6893977, 12.3300929 ], [ 76.6893959, 12.3300922 ], [ 76.6893594, 12.330158 ], [ 76.6892331, 12.3303861 ], [ 76.6891817, 12.3304788 ], [ 76.6889612, 12.3309152 ], [ 76.6889526, 12.3309321 ], [ 76.6886633, 12.3315048 ], [ 76.688397, 12.3320062 ], [ 76.6883892, 12.3320193 ], [ 76.6883751, 12.3320417 ], [ 76.6883484, 12.3320783 ], [ 76.6883231, 12.3321072 ], [ 76.6882806, 12.3321546 ], [ 76.6882408, 12.3321936 ], [ 76.6882407, 12.3321937 ], [ 76.6882236, 12.3322104 ], [ 76.6881809, 12.3322493 ], [ 76.6881582, 12.3322689 ], [ 76.6881173, 12.3323009 ], [ 76.6880939, 12.3323184 ], [ 76.6880539, 12.3323464 ], [ 76.6880136, 12.3323723 ], [ 76.6879794, 12.3323915 ], [ 76.6879592, 12.3324024 ], [ 76.6879202, 12.3324226 ], [ 76.6879008, 12.3324314 ], [ 76.6878831, 12.3324388 ], [ 76.6878668, 12.3324448 ], [ 76.6878412, 12.3324529 ], [ 76.687831, 12.3324558 ], [ 76.6878026, 12.3324637 ], [ 76.6877821, 12.3324688 ], [ 76.6877684, 12.3324717 ], [ 76.6877459, 12.3324756 ], [ 76.6877233, 12.3324774 ], [ 76.6877025, 12.3324785 ], [ 76.6876395, 12.3324814 ], [ 76.6875248, 12.3324848 ], [ 76.6873301, 12.3324862 ], [ 76.6871753, 12.3324857 ], [ 76.6871286, 12.3324854 ], [ 76.687125, 12.3324854 ], [ 76.6869009, 12.332484 ], [ 76.6864565, 12.3324813 ], [ 76.6862311, 12.3324797 ], [ 76.6855312, 12.3324749 ], [ 76.6851473, 12.3324687 ], [ 76.685004, 12.3324682 ], [ 76.6846763, 12.3324671 ], [ 76.6843418, 12.3324703 ], [ 76.6842471, 12.3324785 ], [ 76.6841694, 12.332486 ], [ 76.6837876, 12.3325325 ], [ 76.6832364, 12.3326523 ], [ 76.6832329, 12.332639 ], [ 76.6832252, 12.3326102 ], [ 76.6831933, 12.3324691 ], [ 76.6831699, 12.3323652 ], [ 76.683143, 12.3322462 ], [ 76.6830956, 12.3320601 ], [ 76.6830899, 12.3320378 ], [ 76.683057, 12.3318883 ], [ 76.6828829, 12.331098 ], [ 76.6828808, 12.3310883 ], [ 76.6828749, 12.3310617 ], [ 76.6827281, 12.3310893 ], [ 76.6825502, 12.3311227 ], [ 76.6824516, 12.3311412 ], [ 76.6824452, 12.331091 ], [ 76.682386, 12.3306278 ], [ 76.6823468, 12.330291 ], [ 76.6823278, 12.3301041 ], [ 76.682315, 12.3299499 ], [ 76.6822697, 12.3299449 ], [ 76.6821792, 12.3299309 ], [ 76.6820203, 12.3299061 ], [ 76.6819092, 12.3298889 ], [ 76.6817173, 12.329854 ], [ 76.6816101, 12.3298328 ], [ 76.6810307, 12.3297166 ], [ 76.6806175, 12.3296509 ], [ 76.680418, 12.3296101 ], [ 76.6795576, 12.329434 ], [ 76.6795211, 12.3294265 ], [ 76.6795152, 12.3294461 ], [ 76.6794975, 12.3295052 ], [ 76.6795193, 12.329533 ], [ 76.6795314, 12.3295518 ], [ 76.6795439, 12.329571 ], [ 76.6795634, 12.3296056 ], [ 76.6795786, 12.3296349 ], [ 76.6795831, 12.3296434 ], [ 76.6795855, 12.3296484 ], [ 76.6796061, 12.3296898 ], [ 76.6796464, 12.3297799 ], [ 76.6796534, 12.3297957 ], [ 76.67966, 12.3298134 ], [ 76.6796648, 12.3298276 ], [ 76.6796676, 12.3298408 ], [ 76.6796685, 12.3298553 ], [ 76.6796685, 12.3298707 ], [ 76.679667, 12.3298845 ], [ 76.6796593, 12.3299578 ], [ 76.6796551, 12.3299905 ], [ 76.6796431, 12.330058 ], [ 76.6796024, 12.3302558 ], [ 76.6795532, 12.3305176 ], [ 76.6795122, 12.3307543 ], [ 76.6794911, 12.3308836 ], [ 76.6794831, 12.3309441 ], [ 76.6794777, 12.330984 ], [ 76.6794508, 12.3311982 ], [ 76.6794418, 12.3312755 ], [ 76.679435, 12.3313619 ], [ 76.6794217, 12.3315768 ], [ 76.6794058, 12.331832 ], [ 76.6794026, 12.3319262 ], [ 76.6794059, 12.3328056 ], [ 76.679409, 12.3329375 ], [ 76.6794107, 12.3329907 ], [ 76.6794124, 12.333011 ], [ 76.6794128, 12.3330149 ], [ 76.6794235, 12.3331284 ], [ 76.6794675, 12.3334547 ], [ 76.6794689, 12.3334668 ], [ 76.6794863, 12.3334629 ], [ 76.67982, 12.3333893 ], [ 76.6800887, 12.33333 ], [ 76.6803093, 12.3332814 ], [ 76.6806086, 12.3332208 ], [ 76.6810015, 12.3331378 ], [ 76.6815733, 12.3330169 ], [ 76.6817355, 12.3329789 ], [ 76.6818927, 12.3336474 ], [ 76.6819734, 12.3339944 ], [ 76.682042, 12.3342714 ], [ 76.6821027, 12.3345039 ], [ 76.6821145, 12.3345437 ], [ 76.6821209, 12.3345632 ], [ 76.6821239, 12.3345705 ], [ 76.6821316, 12.3345891 ], [ 76.6821405, 12.3346061 ], [ 76.6821509, 12.3346239 ], [ 76.6821649, 12.3346433 ], [ 76.6821982, 12.3346854 ], [ 76.6822125, 12.3347023 ], [ 76.6824648, 12.3349666 ], [ 76.6823251, 12.335117 ], [ 76.6822534, 12.3351942 ], [ 76.682193, 12.3352592 ], [ 76.6817708, 12.3357173 ], [ 76.6815815, 12.3359227 ], [ 76.6811333, 12.3364028 ], [ 76.6811424, 12.3364075 ], [ 76.6814521, 12.3365694 ], [ 76.6815827, 12.3366373 ], [ 76.6821526, 12.3369334 ], [ 76.6821189, 12.3369743 ], [ 76.6821002, 12.336997 ], [ 76.681435, 12.3377583 ], [ 76.6814203, 12.3377751 ], [ 76.6813953, 12.3378014 ], [ 76.681227, 12.3379784 ], [ 76.681246, 12.3380032 ], [ 76.6817457, 12.3386568 ], [ 76.6820454, 12.3390294 ], [ 76.6824195, 12.3394955 ], [ 76.6824764, 12.3395606 ], [ 76.6826079, 12.3397021 ], [ 76.6828811, 12.340002 ], [ 76.6831533, 12.3403019 ], [ 76.6833044, 12.3404744 ], [ 76.6833682, 12.3404366 ], [ 76.683476, 12.3404514 ], [ 76.6835166, 12.340457 ], [ 76.6836699, 12.3404395 ], [ 76.6836835, 12.3404379 ], [ 76.6836936, 12.3404367 ], [ 76.6837949, 12.3403743 ], [ 76.683814, 12.3403626 ], [ 76.683869, 12.3403287 ], [ 76.683882, 12.340324 ], [ 76.6845548, 12.33991 ], [ 76.6846568, 12.3398472 ], [ 76.6847407, 12.3397956 ], [ 76.6856831, 12.3392157 ], [ 76.6857531, 12.3391726 ], [ 76.6859606, 12.3390449 ], [ 76.6860086, 12.3390154 ], [ 76.687026, 12.3383892 ], [ 76.6870556, 12.338371 ], [ 76.6871525, 12.3383114 ], [ 76.6873869, 12.3381671 ], [ 76.6876235, 12.3380215 ], [ 76.6878241, 12.3378841 ], [ 76.6878576, 12.3378611 ], [ 76.6879854, 12.3377735 ], [ 76.6879981, 12.3377648 ], [ 76.688722, 12.3372687 ], [ 76.6899411, 12.3364332 ], [ 76.6902812, 12.3361952 ], [ 76.6903369, 12.3361562 ], [ 76.6905663, 12.3359956 ], [ 76.690844, 12.3358012 ], [ 76.6912736, 12.3355005 ], [ 76.6912801, 12.335496 ], [ 76.6913665, 12.3354365 ], [ 76.6916998, 12.335207 ], [ 76.6929417, 12.334352 ], [ 76.6933397, 12.334078 ], [ 76.693596, 12.3339015 ], [ 76.6940675, 12.333513 ], [ 76.694116, 12.333473 ], [ 76.6944613, 12.3331885 ], [ 76.6944999, 12.3331567 ], [ 76.6945204, 12.3331431 ] ] ] } },
{ "type": "Feature", "id": 11, "properties": { "tessellate": -1, "extrude": 0, "visibility": -1, "KGISWardID": 6375, "KGISWardCode": "2605012", "KGISWardName": "Shanthinagara 2", "SHAPE.STArea()": 456746.19708252, "SHAPE.STLength()": 3706.1744083448698, "OBJECTID": 20117, "KGISWardNo": "12", "KGISTownCode": "2605", "LGD_WardCode": 28817, "created_user": "SA", "created_date": 1634898537000.0, "last_edited_user": "SA", "last_edited_date": 1643365734000.0 }, "geometry": { "type": "Polygon", "coordinates": [ [ [ 76.6893977, 12.3300929 ], [ 76.6893925, 12.3300905 ], [ 76.6893612, 12.3300757 ], [ 76.6892301, 12.3300232 ], [ 76.6890815, 12.3299588 ], [ 76.6889329, 12.329888 ], [ 76.6888858, 12.3298658 ], [ 76.6888248, 12.3298348 ], [ 76.6887809, 12.3298087 ], [ 76.6887189, 12.3297697 ], [ 76.6886872, 12.3297487 ], [ 76.6886559, 12.3297252 ], [ 76.6886082, 12.3296869 ], [ 76.6885993, 12.3296798 ], [ 76.688596, 12.3296771 ], [ 76.6885418, 12.3296297 ], [ 76.6884815, 12.3295748 ], [ 76.6884433, 12.3295428 ], [ 76.6884263, 12.3295301 ], [ 76.6883777, 12.3294936 ], [ 76.6882417, 12.3294111 ], [ 76.6881414, 12.3293651 ], [ 76.6880508, 12.3293399 ], [ 76.6879448, 12.3293097 ], [ 76.6877857, 12.3292704 ], [ 76.6875632, 12.3292139 ], [ 76.687516, 12.3292019 ], [ 76.687393, 12.3291725 ], [ 76.6873297, 12.3291591 ], [ 76.6870677, 12.3291035 ], [ 76.6869347, 12.3290751 ], [ 76.6865924, 12.3290049 ], [ 76.6864197, 12.3289678 ], [ 76.6860824, 12.3288951 ], [ 76.686028, 12.3288834 ], [ 76.686012, 12.3288804 ], [ 76.685814, 12.3288433 ], [ 76.685657, 12.3288127 ], [ 76.6855437, 12.3287877 ], [ 76.6854931, 12.3287743 ], [ 76.6854565, 12.3287632 ], [ 76.6854202, 12.3287512 ], [ 76.685306, 12.3287124 ], [ 76.6850215, 12.3286039 ], [ 76.6847993, 12.3285163 ], [ 76.6844465, 12.3283715 ], [ 76.6844098, 12.3283558 ], [ 76.6843722, 12.3283388 ], [ 76.6842897, 12.3283009 ], [ 76.6842277, 12.3282696 ], [ 76.6841394, 12.3282238 ], [ 76.6839995, 12.3281495 ], [ 76.6837467, 12.3280153 ], [ 76.6835582, 12.3279114 ], [ 76.6835075, 12.3278857 ], [ 76.6834459, 12.3278555 ], [ 76.6832785, 12.3277752 ], [ 76.6832255, 12.3277512 ], [ 76.6831129, 12.3277038 ], [ 76.683089, 12.3276936 ], [ 76.6830483, 12.3276771 ], [ 76.6829609, 12.327643 ], [ 76.6828863, 12.3276159 ], [ 76.6826933, 12.3275508 ], [ 76.6825751, 12.3275109 ], [ 76.6824404, 12.3274682 ], [ 76.6822762, 12.3274181 ], [ 76.6821994, 12.3273942 ], [ 76.68217, 12.327385 ], [ 76.6821705, 12.3273748 ], [ 76.6821928, 12.326925 ], [ 76.6821987, 12.3268096 ], [ 76.6822452, 12.3261772 ], [ 76.6822608, 12.3259942 ], [ 76.6822681, 12.3259245 ], [ 76.6822786, 12.3258499 ], [ 76.6823428, 12.3254103 ], [ 76.6824259, 12.324842 ], [ 76.682312, 12.3248203 ], [ 76.6822793, 12.3248144 ], [ 76.6820107, 12.3247659 ], [ 76.6816233, 12.3246958 ], [ 76.6816031, 12.3246922 ], [ 76.6814752, 12.3246691 ], [ 76.6811139, 12.3246144 ], [ 76.6805104, 12.3245178 ], [ 76.6803184, 12.3244871 ], [ 76.6802623, 12.3244781 ], [ 76.6800826, 12.3244493 ], [ 76.6798363, 12.324413 ], [ 76.6792583, 12.3243211 ], [ 76.6790397, 12.3242863 ], [ 76.6788852, 12.3242649 ], [ 76.6788698, 12.3243836 ], [ 76.6788624, 12.3244402 ], [ 76.6788539, 12.3244997 ], [ 76.678842, 12.3245766 ], [ 76.6788009, 12.3248305 ], [ 76.6787807, 12.324948 ], [ 76.6787281, 12.3252441 ], [ 76.6787275, 12.3252496 ], [ 76.6787273, 12.3252524 ], [ 76.6787279, 12.3252581 ], [ 76.6787286, 12.3252613 ], [ 76.67873, 12.3252655 ], [ 76.6787372, 12.3252819 ], [ 76.6787399, 12.3252892 ], [ 76.6787406, 12.3252932 ], [ 76.6787407, 12.3252954 ], [ 76.6787405, 12.3253016 ], [ 76.6787401, 12.3253061 ], [ 76.6787392, 12.3253128 ], [ 76.6786614, 12.3257184 ], [ 76.678672, 12.3257246 ], [ 76.6786919, 12.3257361 ], [ 76.6788321, 12.3258241 ], [ 76.679042, 12.3259559 ], [ 76.6791008, 12.3259906 ], [ 76.6793387, 12.3261313 ], [ 76.6793802, 12.3261559 ], [ 76.6793809, 12.3261563 ], [ 76.6794831, 12.3262167 ], [ 76.6795413, 12.3262496 ], [ 76.6796516, 12.3263101 ], [ 76.6797708, 12.3263748 ], [ 76.6799566, 12.3264745 ], [ 76.6802481, 12.3266349 ], [ 76.6803718, 12.3267031 ], [ 76.6803676, 12.3267179 ], [ 76.6803356, 12.3268305 ], [ 76.6801739, 12.3273798 ], [ 76.6799255, 12.3281222 ], [ 76.6796923, 12.3288552 ], [ 76.6796536, 12.3289844 ], [ 76.6795211, 12.3294265 ], [ 76.6795576, 12.329434 ], [ 76.680418, 12.3296101 ], [ 76.6806175, 12.3296509 ], [ 76.6810307, 12.3297166 ], [ 76.6816101, 12.3298328 ], [ 76.6817173, 12.329854 ], [ 76.6819092, 12.3298889 ], [ 76.6820203, 12.3299061 ], [ 76.6821792, 12.3299309 ], [ 76.6822697, 12.3299449 ], [ 76.682315, 12.3299499 ], [ 76.6823278, 12.3301041 ], [ 76.6823468, 12.330291 ], [ 76.682386, 12.3306278 ], [ 76.6824452, 12.331091 ], [ 76.6824516, 12.3311412 ], [ 76.6825502, 12.3311227 ], [ 76.6827281, 12.3310893 ], [ 76.6828749, 12.3310617 ], [ 76.6828808, 12.3310883 ], [ 76.6828829, 12.331098 ], [ 76.683057, 12.3318883 ], [ 76.6830899, 12.3320378 ], [ 76.6830956, 12.3320601 ], [ 76.683143, 12.3322462 ], [ 76.6831699, 12.3323652 ], [ 76.6831933, 12.3324691 ], [ 76.6832252, 12.3326102 ], [ 76.6832329, 12.332639 ], [ 76.6832364, 12.3326523 ], [ 76.6837876, 12.3325325 ], [ 76.6841694, 12.332486 ], [ 76.6842471, 12.3324785 ], [ 76.6843418, 12.3324703 ], [ 76.6846763, 12.3324671 ], [ 76.685004, 12.3324682 ], [ 76.6851473, 12.3324687 ], [ 76.6855312, 12.3324749 ], [ 76.6862311, 12.3324797 ], [ 76.6864565, 12.3324813 ], [ 76.6869009, 12.332484 ], [ 76.687125, 12.3324854 ], [ 76.6871286, 12.3324854 ], [ 76.6871753, 12.3324857 ], [ 76.6873301, 12.3324862 ], [ 76.6875248, 12.3324848 ], [ 76.6876395, 12.3324814 ], [ 76.6877025, 12.3324785 ], [ 76.6877233, 12.3324774 ], [ 76.6877459, 12.3324756 ], [ 76.6877684, 12.3324717 ], [ 76.6877821, 12.3324688 ], [ 76.6878026, 12.3324637 ], [ 76.687831, 12.3324558 ], [ 76.6878412, 12.3324529 ], [ 76.6878668, 12.3324448 ], [ 76.6878831, 12.3324388 ], [ 76.6879008, 12.3324314 ], [ 76.6879202, 12.3324226 ], [ 76.6879592, 12.3324024 ], [ 76.6879794, 12.3323915 ], [ 76.6880136, 12.3323723 ], [ 76.6880539, 12.3323464 ], [ 76.6880939, 12.3323184 ], [ 76.6881173, 12.3323009 ], [ 76.6881582, 12.3322689 ], [ 76.6881809, 12.3322493 ], [ 76.6882236, 12.3322104 ], [ 76.6882407, 12.3321937 ], [ 76.6882408, 12.3321936 ], [ 76.6882806, 12.3321546 ], [ 76.6883231, 12.3321072 ], [ 76.6883484, 12.3320783 ], [ 76.6883751, 12.3320417 ], [ 76.6883892, 12.3320193 ], [ 76.688397, 12.3320062 ], [ 76.6886633, 12.3315048 ], [ 76.6889526, 12.3309321 ], [ 76.6889612, 12.3309152 ], [ 76.6891817, 12.3304788 ], [ 76.6892331, 12.3303861 ], [ 76.6893594, 12.330158 ], [ 76.6893959, 12.3300922 ], [ 76.6893977, 12.3300929 ] ] ] } },
{ "type": "Feature", "id": 12, "properties": { "tessellate": -1, "extrude": 0, "visibility": -1, "KGISWardID": 6378, "KGISWardCode": "2605013", "KGISWardName": "Udayagiri", "SHAPE.STArea()": 613275.96081543004, "SHAPE.STLength()": 3683.18224292885, "OBJECTID": 20118, "KGISWardNo": "13", "KGISTownCode": "2605", "LGD_WardCode": 28818, "created_user": "SA", "created_date": 1634898537000.0, "last_edited_user": "SA", "last_edited_date": 1643365734000.0 }, "geometry": { "type": "Polygon", "coordinates": [ [ [ 76.6794059, 12.3328056 ], [ 76.6794026, 12.3319262 ], [ 76.6794058, 12.331832 ], [ 76.6794217, 12.3315768 ], [ 76.679435, 12.3313619 ], [ 76.6794418, 12.3312755 ], [ 76.6794508, 12.3311982 ], [ 76.6794777, 12.330984 ], [ 76.6794831, 12.3309441 ], [ 76.6794911, 12.3308836 ], [ 76.6795122, 12.3307543 ], [ 76.6795532, 12.3305176 ], [ 76.6796024, 12.3302558 ], [ 76.6796431, 12.330058 ], [ 76.6796551, 12.3299905 ], [ 76.6796593, 12.3299578 ], [ 76.679667, 12.3298845 ], [ 76.6796685, 12.3298707 ], [ 76.6796685, 12.3298553 ], [ 76.6796676, 12.3298408 ], [ 76.6796648, 12.3298276 ], [ 76.67966, 12.3298134 ], [ 76.6796534, 12.3297957 ], [ 76.6796464, 12.3297799 ], [ 76.6796061, 12.3296898 ], [ 76.6795855, 12.3296484 ], [ 76.6795831, 12.3296434 ], [ 76.6795786, 12.3296349 ], [ 76.6795634, 12.3296056 ], [ 76.6795439, 12.329571 ], [ 76.6795314, 12.3295518 ], [ 76.6795193, 12.329533 ], [ 76.6794975, 12.3295052 ], [ 76.6795152, 12.3294461 ], [ 76.6795211, 12.3294265 ], [ 76.6796536, 12.3289844 ], [ 76.6796923, 12.3288552 ], [ 76.6799255, 12.3281222 ], [ 76.6801739, 12.3273798 ], [ 76.6803356, 12.3268305 ], [ 76.6803676, 12.3267179 ], [ 76.6803718, 12.3267031 ], [ 76.6802481, 12.3266349 ], [ 76.6799566, 12.3264745 ], [ 76.6797708, 12.3263748 ], [ 76.6796516, 12.3263101 ], [ 76.6795413, 12.3262496 ], [ 76.6794831, 12.3262167 ], [ 76.6793809, 12.3261563 ], [ 76.6793802, 12.3261559 ], [ 76.6793387, 12.3261313 ], [ 76.6791008, 12.3259906 ], [ 76.679042, 12.3259559 ], [ 76.6788321, 12.3258241 ], [ 76.6786919, 12.3257361 ], [ 76.678672, 12.3257246 ], [ 76.6786614, 12.3257184 ], [ 76.6785113, 12.3256317 ], [ 76.6782796, 12.3255033 ], [ 76.6782467, 12.3254851 ], [ 76.6778372, 12.3252667 ], [ 76.6777894, 12.3252429 ], [ 76.6775594, 12.3256311 ], [ 76.6772478, 12.3261995 ], [ 76.6767551, 12.3270987 ], [ 76.6766859, 12.327228 ], [ 76.6766338, 12.3273252 ], [ 76.6762904, 12.3279666 ], [ 76.676171, 12.3281856 ], [ 76.6759034, 12.328672 ], [ 76.6755913, 12.3286373 ], [ 76.6753549, 12.3286173 ], [ 76.6747583, 12.3285788 ], [ 76.6746355, 12.3285688 ], [ 76.6743114, 12.3285432 ], [ 76.6742958, 12.3287484 ], [ 76.6742782, 12.3289809 ], [ 76.6742169, 12.3289733 ], [ 76.6739092, 12.3289528 ], [ 76.6738136, 12.3289464 ], [ 76.6729697, 12.3288903 ], [ 76.6729696, 12.3288903 ], [ 76.6718955, 12.3288149 ], [ 76.6718839, 12.3290635 ], [ 76.6718822, 12.3290997 ], [ 76.6718695, 12.3293717 ], [ 76.6718416, 12.3299659 ], [ 76.6718299, 12.3302689 ], [ 76.6717618, 12.3302668 ], [ 76.6714912, 12.3302688 ], [ 76.6713074, 12.3302681 ], [ 76.6712811, 12.330268 ], [ 76.6712473, 12.3302695 ], [ 76.6712315, 12.3302715 ], [ 76.6710401, 12.3303022 ], [ 76.6710093, 12.3303082 ], [ 76.6709839, 12.3303143 ], [ 76.6709304, 12.3303289 ], [ 76.6709014, 12.330338 ], [ 76.6706671, 12.3304119 ], [ 76.6703477, 12.3305126 ], [ 76.6703363, 12.3305162 ], [ 76.6703648, 12.3305799 ], [ 76.6703793, 12.3306152 ], [ 76.6703989, 12.3306717 ], [ 76.6704116, 12.3307268 ], [ 76.6704167, 12.330761 ], [ 76.6704185, 12.3307925 ], [ 76.6704181, 12.3308068 ], [ 76.6704134, 12.3308416 ], [ 76.6704054, 12.3308752 ], [ 76.6704015, 12.330892 ], [ 76.6703958, 12.3309088 ], [ 76.6703894, 12.3309233 ], [ 76.6703686, 12.3309609 ], [ 76.6703476, 12.3309931 ], [ 76.6703246, 12.3310223 ], [ 76.6702946, 12.3310594 ], [ 76.6702558, 12.3311041 ], [ 76.6701123, 12.3312465 ], [ 76.6700975, 12.3312675 ], [ 76.6700923, 12.3312786 ], [ 76.6700829, 12.3313056 ], [ 76.6700772, 12.3313373 ], [ 76.6700735, 12.331358 ], [ 76.6700675, 12.3313845 ], [ 76.6700642, 12.3314051 ], [ 76.6700612, 12.331436 ], [ 76.6700592, 12.3314991 ], [ 76.6700601, 12.3315501 ], [ 76.6700893, 12.3318383 ], [ 76.6700958, 12.3319373 ], [ 76.6701004, 12.3320358 ], [ 76.6701026, 12.3320818 ], [ 76.6701011, 12.3321204 ], [ 76.6700992, 12.3321338 ], [ 76.6700875, 12.3321866 ], [ 76.6700695, 12.3322465 ], [ 76.6700497, 12.332319 ], [ 76.6700055, 12.3324807 ], [ 76.6699808, 12.3325954 ], [ 76.6699544, 12.3327424 ], [ 76.6700122, 12.3327403 ], [ 76.6705047, 12.3327293 ], [ 76.6706064, 12.332727 ], [ 76.6706754, 12.3327295 ], [ 76.67086, 12.3327393 ], [ 76.6712305, 12.3327727 ], [ 76.6713319, 12.3327818 ], [ 76.6714214, 12.3327898 ], [ 76.6715908, 12.3328042 ], [ 76.6717718, 12.3328228 ], [ 76.6719306, 12.3328423 ], [ 76.6719521, 12.3328451 ], [ 76.6722616, 12.3328852 ], [ 76.6726884, 12.3329449 ], [ 76.6727068, 12.3329479 ], [ 76.6727493, 12.3329549 ], [ 76.6728993, 12.3329794 ], [ 76.6729953, 12.3329964 ], [ 76.6733713, 12.3330672 ], [ 76.6733817, 12.3330693 ], [ 76.6734214, 12.333078 ], [ 76.6734499, 12.3330852 ], [ 76.6734789, 12.3330939 ], [ 76.6735204, 12.3331072 ], [ 76.6735558, 12.3331204 ], [ 76.673605, 12.3331395 ], [ 76.6736192, 12.3331455 ], [ 76.6736492, 12.333158 ], [ 76.673692, 12.3331777 ], [ 76.6737434, 12.3332029 ], [ 76.6737557, 12.3332098 ], [ 76.6737974, 12.3332349 ], [ 76.6740864, 12.3333981 ], [ 76.6741536, 12.3334336 ], [ 76.6742458, 12.3334746 ], [ 76.6743685, 12.3335196 ], [ 76.6750479, 12.3337715 ], [ 76.6750874, 12.3337861 ], [ 76.675292, 12.333862 ], [ 76.6755793, 12.3339708 ], [ 76.6759218, 12.3340995 ], [ 76.6765312, 12.3343349 ], [ 76.6765649, 12.3342798 ], [ 76.6765765, 12.3342609 ], [ 76.6766145, 12.3341987 ], [ 76.6766229, 12.3341885 ], [ 76.6766341, 12.3341795 ], [ 76.6767894, 12.3340942 ], [ 76.6768645, 12.3340545 ], [ 76.6768879, 12.334049 ], [ 76.6771658, 12.3339835 ], [ 76.677445, 12.3339174 ], [ 76.6774656, 12.3339125 ], [ 76.6774889, 12.333907 ], [ 76.6776016, 12.3338803 ], [ 76.6779524, 12.3337978 ], [ 76.6780034, 12.3337865 ], [ 76.6784452, 12.3336878 ], [ 76.6794689, 12.3334668 ], [ 76.6794675, 12.3334547 ], [ 76.6794235, 12.3331284 ], [ 76.6794128, 12.3330149 ], [ 76.6794124, 12.333011 ], [ 76.6794107, 12.3329907 ], [ 76.679409, 12.3329375 ], [ 76.6794059, 12.3328056 ] ] ] } },
{ "type": "Feature", "id": 13, "properties": { "tessellate": -1, "extrude": 0, "visibility": -1, "KGISWardID": 6379, "KGISWardCode": "2605014", "KGISWardName": "Sathyanagara", "SHAPE.STArea()": 610495.33697509801, "SHAPE.STLength()": 4250.4906319431202, "OBJECTID": 20119, "KGISWardNo": "14", "KGISTownCode": "2605", "LGD_WardCode": 28819, "created_user": "SA", "created_date": 1634898537000.0, "last_edited_user": "SA", "last_edited_date": 1643365734000.0 }, "geometry": { "type": "Polygon", "coordinates": [ [ [ 76.6718839, 12.3290635 ], [ 76.6718955, 12.3288149 ], [ 76.6729696, 12.3288903 ], [ 76.6729697, 12.3288903 ], [ 76.6738136, 12.3289464 ], [ 76.6739092, 12.3289528 ], [ 76.6742169, 12.3289733 ], [ 76.6742782, 12.3289809 ], [ 76.6742958, 12.3287484 ], [ 76.6743114, 12.3285432 ], [ 76.6746355, 12.3285688 ], [ 76.6747583, 12.3285788 ], [ 76.6753549, 12.3286173 ], [ 76.6755913, 12.3286373 ], [ 76.6759034, 12.328672 ], [ 76.676171, 12.3281856 ], [ 76.6762904, 12.3279666 ], [ 76.6766338, 12.3273252 ], [ 76.6766859, 12.327228 ], [ 76.6767551, 12.3270987 ], [ 76.6772478, 12.3261995 ], [ 76.6775594, 12.3256311 ], [ 76.6777894, 12.3252429 ], [ 76.6775189, 12.3251079 ], [ 76.6775101, 12.3251038 ], [ 76.6773605, 12.3250327 ], [ 76.6772305, 12.324971 ], [ 76.677081, 12.3249 ], [ 76.6767713, 12.3247377 ], [ 76.6764602, 12.3245748 ], [ 76.6759083, 12.324262 ], [ 76.6758241, 12.3242143 ], [ 76.675719, 12.3241509 ], [ 76.6756338, 12.3241034 ], [ 76.6754548, 12.3240075 ], [ 76.6754139, 12.3239856 ], [ 76.6753687, 12.3239614 ], [ 76.6753315, 12.3239393 ], [ 76.675278, 12.3239073 ], [ 76.6752103, 12.3238625 ], [ 76.6750606, 12.3237621 ], [ 76.6749723, 12.3236975 ], [ 76.6749584, 12.3236872 ], [ 76.6746886, 12.3234854 ], [ 76.6745641, 12.3233923 ], [ 76.6741862, 12.3231152 ], [ 76.6741532, 12.323091 ], [ 76.6733815, 12.3225496 ], [ 76.6729671, 12.3222594 ], [ 76.6724525, 12.3219019 ], [ 76.6721663, 12.3217053 ], [ 76.671989, 12.3215834 ], [ 76.6719819, 12.321579 ], [ 76.6718563, 12.3215006 ], [ 76.6717749, 12.3214519 ], [ 76.6716642, 12.3213857 ], [ 76.6715351, 12.3213142 ], [ 76.6714855, 12.3212886 ], [ 76.6713782, 12.3212375 ], [ 76.6712374, 12.3211726 ], [ 76.6711517, 12.3211344 ], [ 76.6710409, 12.3210851 ], [ 76.6710305, 12.3210807 ], [ 76.6708759, 12.3210174 ], [ 76.6706885, 12.3209457 ], [ 76.6705227, 12.3208814 ], [ 76.6699161, 12.3206462 ], [ 76.6696889, 12.3205616 ], [ 76.6696479, 12.3205441 ], [ 76.6692614, 12.3203937 ], [ 76.6690488, 12.320311 ], [ 76.6689807, 12.3202844 ], [ 76.6689595, 12.3202764 ], [ 76.6689577, 12.3202758 ], [ 76.6689007, 12.3202543 ], [ 76.668893, 12.3202513 ], [ 76.6687598, 12.3202011 ], [ 76.6687495, 12.3201972 ], [ 76.6684384, 12.3200799 ], [ 76.6684044, 12.320067 ], [ 76.6682621, 12.3200133 ], [ 76.6678496, 12.3198707 ], [ 76.667868, 12.3200535 ], [ 76.6679245, 12.3206136 ], [ 76.6679387, 12.3207534 ], [ 76.6679585, 12.320948 ], [ 76.6680062, 12.3216776 ], [ 76.6680594, 12.3216726 ], [ 76.668558, 12.3216254 ], [ 76.6686646, 12.3216153 ], [ 76.6686719, 12.3216556 ], [ 76.6686999, 12.3218088 ], [ 76.6687264, 12.3219571 ], [ 76.6687423, 12.3219537 ], [ 76.6688937, 12.3219216 ], [ 76.6693046, 12.3218344 ], [ 76.6693129, 12.3218326 ], [ 76.6693191, 12.3218652 ], [ 76.6693383, 12.3219598 ], [ 76.6693424, 12.3219798 ], [ 76.6693495, 12.3220148 ], [ 76.6693594, 12.3220584 ], [ 76.6693668, 12.3220786 ], [ 76.669379, 12.3220917 ], [ 76.6693925, 12.3220988 ], [ 76.6694073, 12.3221007 ], [ 76.6694192, 12.3221022 ], [ 76.6698851, 12.3220306 ], [ 76.6699356, 12.3220247 ], [ 76.6700197, 12.3220174 ], [ 76.6701202, 12.3220097 ], [ 76.6702711, 12.3219981 ], [ 76.6704183, 12.3219868 ], [ 76.6705181, 12.3219791 ], [ 76.670642, 12.3219696 ], [ 76.6706448, 12.3220024 ], [ 76.6706469, 12.3220274 ], [ 76.6706519, 12.3221085 ], [ 76.670648, 12.3221181 ], [ 76.6706383, 12.3221286 ], [ 76.6706271, 12.3221408 ], [ 76.6705816, 12.3221794 ], [ 76.6705135, 12.3222318 ], [ 76.6704617, 12.3222726 ], [ 76.6704541, 12.3222787 ], [ 76.67044, 12.3222863 ], [ 76.6704191, 12.3222948 ], [ 76.6704085, 12.3222981 ], [ 76.6703952, 12.3223014 ], [ 76.6700733, 12.3223775 ], [ 76.6700028, 12.3223941 ], [ 76.6700527, 12.3225693 ], [ 76.6698052, 12.3226762 ], [ 76.6694389, 12.3228171 ], [ 76.6694612, 12.3228816 ], [ 76.6695668, 12.3232436 ], [ 76.6695799, 12.3232887 ], [ 76.6696869, 12.3236557 ], [ 76.6697345, 12.3238385 ], [ 76.669859, 12.3247307 ], [ 76.6698698, 12.3247917 ], [ 76.6699112, 12.3247813 ], [ 76.6699142, 12.3247983 ], [ 76.6699257, 12.3248369 ], [ 76.6699421, 12.3248851 ], [ 76.6699573, 12.3249247 ], [ 76.6699686, 12.3249527 ], [ 76.669998, 12.3250146 ], [ 76.6700202, 12.3250588 ], [ 76.6700351, 12.3250849 ], [ 76.6701373, 12.3252808 ], [ 76.6701465, 12.3253045 ], [ 76.6701485, 12.325311 ], [ 76.670152, 12.3253338 ], [ 76.6701526, 12.3253415 ], [ 76.6701524, 12.3253545 ], [ 76.6701501, 12.3253864 ], [ 76.670109, 12.3257371 ], [ 76.6700821, 12.3259353 ], [ 76.6700587, 12.3261068 ], [ 76.6700492, 12.3261769 ], [ 76.6700302, 12.3263165 ], [ 76.6700277, 12.326358 ], [ 76.6700285, 12.326373 ], [ 76.6700327, 12.3263933 ], [ 76.6700398, 12.3264158 ], [ 76.6700583, 12.3264607 ], [ 76.6701697, 12.3266826 ], [ 76.6688466, 12.3270296 ], [ 76.6688396, 12.3270315 ], [ 76.6688529, 12.3270896 ], [ 76.6688709, 12.3271747 ], [ 76.6688833, 12.3272331 ], [ 76.6688865, 12.3272451 ], [ 76.6688922, 12.3272664 ], [ 76.6689127, 12.3273342 ], [ 76.6689384, 12.3273972 ], [ 76.6689672, 12.327468 ], [ 76.6689925, 12.3275301 ], [ 76.6690353, 12.3276327 ], [ 76.6690967, 12.3277647 ], [ 76.6691476, 12.3278691 ], [ 76.6691759, 12.3279269 ], [ 76.669225, 12.328017 ], [ 76.6692673, 12.3280976 ], [ 76.6693097, 12.3282004 ], [ 76.6693265, 12.3282421 ], [ 76.6693797, 12.3283877 ], [ 76.6694153, 12.3284778 ], [ 76.6694417, 12.3285572 ], [ 76.6694665, 12.3286443 ], [ 76.669512, 12.3288223 ], [ 76.669535, 12.3289127 ], [ 76.6695583, 12.3290041 ], [ 76.6695684, 12.3290422 ], [ 76.6695827, 12.3290962 ], [ 76.6696293, 12.3292512 ], [ 76.6696861, 12.3294254 ], [ 76.6697445, 12.3296042 ], [ 76.6698118, 12.3298238 ], [ 76.6699339, 12.3302841 ], [ 76.6700025, 12.3302733 ], [ 76.6700376, 12.33027 ], [ 76.6700533, 12.3302693 ], [ 76.670092, 12.3302675 ], [ 76.6701171, 12.3302682 ], [ 76.6701337, 12.3302704 ], [ 76.6701431, 12.3302722 ], [ 76.6701607, 12.330278 ], [ 76.6701867, 12.3302892 ], [ 76.6702025, 12.3302977 ], [ 76.6702154, 12.3303058 ], [ 76.6702178, 12.3303075 ], [ 76.6702273, 12.3303189 ], [ 76.6702936, 12.3304331 ], [ 76.6703302, 12.3305026 ], [ 76.6703363, 12.3305162 ], [ 76.6703477, 12.3305126 ], [ 76.6706671, 12.3304119 ], [ 76.6709014, 12.330338 ], [ 76.6709304, 12.3303289 ], [ 76.6709839, 12.3303143 ], [ 76.6710093, 12.3303082 ], [ 76.6710401, 12.3303022 ], [ 76.6712315, 12.3302715 ], [ 76.6712473, 12.3302695 ], [ 76.6712811, 12.330268 ], [ 76.6713074, 12.3302681 ], [ 76.6714912, 12.3302688 ], [ 76.6717618, 12.3302668 ], [ 76.6718299, 12.3302689 ], [ 76.6718416, 12.3299659 ], [ 76.6718695, 12.3293717 ], [ 76.6718822, 12.3290997 ], [ 76.6718839, 12.3290635 ] ] ] } },
{ "type": "Feature", "id": 14, "properties": { "tessellate": -1, "extrude": 0, "visibility": -1, "KGISWardID": 6382, "KGISWardCode": "2605015", "KGISWardName": "Rajendranagara", "SHAPE.STArea()": 637423.31488037098, "SHAPE.STLength()": 3836.6430366206, "OBJECTID": 20120, "KGISWardNo": "15", "KGISTownCode": "2605", "LGD_WardCode": 28820, "created_user": "SA", "created_date": 1634898537000.0, "last_edited_user": "SA", "last_edited_date": 1643365734000.0 }, "geometry": { "type": "Polygon", "coordinates": [ [ [ 76.6683564, 12.3349585 ], [ 76.668448, 12.3348737 ], [ 76.6686351, 12.3346823 ], [ 76.6687856, 12.3344828 ], [ 76.6688759, 12.334363 ], [ 76.6688797, 12.334358 ], [ 76.6689036, 12.3343258 ], [ 76.6690225, 12.3341657 ], [ 76.6691601, 12.3339547 ], [ 76.6692909, 12.3337541 ], [ 76.669311, 12.333718 ], [ 76.6694546, 12.333437 ], [ 76.6694849, 12.333374 ], [ 76.6695017, 12.3333332 ], [ 76.6696632, 12.332917 ], [ 76.669735, 12.3327439 ], [ 76.6698612, 12.3327432 ], [ 76.6699219, 12.3327428 ], [ 76.6699544, 12.3327424 ], [ 76.6699808, 12.3325954 ], [ 76.6700055, 12.3324807 ], [ 76.6700497, 12.332319 ], [ 76.6700695, 12.3322465 ], [ 76.6700875, 12.3321866 ], [ 76.6700992, 12.3321338 ], [ 76.6701011, 12.3321204 ], [ 76.6701026, 12.3320818 ], [ 76.6701004, 12.3320358 ], [ 76.6700958, 12.3319373 ], [ 76.6700893, 12.3318383 ], [ 76.6700601, 12.3315501 ], [ 76.6700592, 12.3314991 ], [ 76.6700612, 12.331436 ], [ 76.6700642, 12.3314051 ], [ 76.6700675, 12.3313845 ], [ 76.6700735, 12.331358 ], [ 76.6700772, 12.3313373 ], [ 76.6700829, 12.3313056 ], [ 76.6700923, 12.3312786 ], [ 76.6700975, 12.3312675 ], [ 76.6701123, 12.3312465 ], [ 76.6702558, 12.3311041 ], [ 76.6702946, 12.3310594 ], [ 76.6703246, 12.3310223 ], [ 76.6703476, 12.3309931 ], [ 76.6703686, 12.3309609 ], [ 76.6703894, 12.3309233 ], [ 76.6703958, 12.3309088 ], [ 76.6704015, 12.330892 ], [ 76.6704054, 12.3308752 ], [ 76.6704134, 12.3308416 ], [ 76.6704181, 12.3308068 ], [ 76.6704185, 12.3307925 ], [ 76.6704167, 12.330761 ], [ 76.6704116, 12.3307268 ], [ 76.6703989, 12.3306717 ], [ 76.6703793, 12.3306152 ], [ 76.6703648, 12.3305799 ], [ 76.6703363, 12.3305162 ], [ 76.6703302, 12.3305026 ], [ 76.6702936, 12.3304331 ], [ 76.6702273, 12.3303189 ], [ 76.6702178, 12.3303075 ], [ 76.6702154, 12.3303058 ], [ 76.6702025, 12.3302977 ], [ 76.6701867, 12.3302892 ], [ 76.6701607, 12.330278 ], [ 76.6701431, 12.3302722 ], [ 76.6701337, 12.3302704 ], [ 76.6701171, 12.3302682 ], [ 76.670092, 12.3302675 ], [ 76.6700533, 12.3302693 ], [ 76.6700376, 12.33027 ], [ 76.6700025, 12.3302733 ], [ 76.6699339, 12.3302841 ], [ 76.6698118, 12.3298238 ], [ 76.6697445, 12.3296042 ], [ 76.6696861, 12.3294254 ], [ 76.6696293, 12.3292512 ], [ 76.6695827, 12.3290962 ], [ 76.6695684, 12.3290422 ], [ 76.6695583, 12.3290041 ], [ 76.669535, 12.3289127 ], [ 76.669512, 12.3288223 ], [ 76.6694665, 12.3286443 ], [ 76.6694417, 12.3285572 ], [ 76.6694153, 12.3284778 ], [ 76.6693797, 12.3283877 ], [ 76.6693265, 12.3282421 ], [ 76.6693097, 12.3282004 ], [ 76.6692673, 12.3280976 ], [ 76.669225, 12.328017 ], [ 76.6691759, 12.3279269 ], [ 76.6691476, 12.3278691 ], [ 76.6690967, 12.3277647 ], [ 76.6690353, 12.3276327 ], [ 76.6689925, 12.3275301 ], [ 76.6689672, 12.327468 ], [ 76.6689384, 12.3273972 ], [ 76.6689127, 12.3273342 ], [ 76.6688922, 12.3272664 ], [ 76.6688865, 12.3272451 ], [ 76.6688833, 12.3272331 ], [ 76.6688709, 12.3271747 ], [ 76.6688529, 12.3270896 ], [ 76.6688396, 12.3270315 ], [ 76.6688263, 12.3270351 ], [ 76.6688232, 12.3270359 ], [ 76.6673484, 12.3274324 ], [ 76.6668824, 12.3280384 ], [ 76.6663206, 12.3287735 ], [ 76.6663112, 12.3287666 ], [ 76.6662811, 12.3287442 ], [ 76.6659999, 12.328535 ], [ 76.6659096, 12.3284694 ], [ 76.6659035, 12.328465 ], [ 76.6656229, 12.3288218 ], [ 76.6653933, 12.329118 ], [ 76.6653279, 12.3292024 ], [ 76.6649391, 12.3297253 ], [ 76.6648403, 12.3298581 ], [ 76.6648274, 12.3298755 ], [ 76.6644174, 12.3304268 ], [ 76.6643101, 12.3305764 ], [ 76.6642504, 12.3306534 ], [ 76.6638913, 12.3311229 ], [ 76.6637833, 12.3312642 ], [ 76.6639233, 12.3312504 ], [ 76.6640612, 12.3312368 ], [ 76.6640929, 12.3312355 ], [ 76.6641088, 12.3312365 ], [ 76.6641246, 12.331242 ], [ 76.6641426, 12.3312524 ], [ 76.6641565, 12.3312689 ], [ 76.6641625, 12.3312788 ], [ 76.6641688, 12.3312893 ], [ 76.6641735, 12.3313001 ], [ 76.6641802, 12.3313156 ], [ 76.6641882, 12.3313383 ], [ 76.6641925, 12.3313534 ], [ 76.6642038, 12.3313966 ], [ 76.66434, 12.3319977 ], [ 76.6646306, 12.3332809 ], [ 76.6642286, 12.3333307 ], [ 76.6627103, 12.3335185 ], [ 76.6628066, 12.3340394 ], [ 76.6628725, 12.3343957 ], [ 76.6630749, 12.3354909 ], [ 76.6632921, 12.3368061 ], [ 76.6633304, 12.3370252 ], [ 76.6633724, 12.3372655 ], [ 76.6634068, 12.3374622 ], [ 76.6651999, 12.3371985 ], [ 76.6655918, 12.3378579 ], [ 76.6658013, 12.3378258 ], [ 76.6660098, 12.3377939 ], [ 76.6662817, 12.3377555 ], [ 76.6667286, 12.3376923 ], [ 76.6668066, 12.3376804 ], [ 76.666876, 12.3376732 ], [ 76.6669476, 12.3376698 ], [ 76.6670323, 12.3376691 ], [ 76.6671431, 12.3376709 ], [ 76.6671487, 12.337671 ], [ 76.6673138, 12.3376778 ], [ 76.6680349, 12.337718 ], [ 76.6680969, 12.3377198 ], [ 76.6685908, 12.337744 ], [ 76.6689533, 12.3377618 ], [ 76.6690686, 12.337768 ], [ 76.669613, 12.3377794 ], [ 76.6695072, 12.3374692 ], [ 76.6694113, 12.3371793 ], [ 76.6693968, 12.3371348 ], [ 76.6692076, 12.3365559 ], [ 76.6691986, 12.3365331 ], [ 76.6691884, 12.336511 ], [ 76.6691628, 12.3364648 ], [ 76.6691455, 12.3364396 ], [ 76.6691285, 12.3364199 ], [ 76.6691193, 12.3364092 ], [ 76.6690776, 12.336366 ], [ 76.6690647, 12.3363561 ], [ 76.6690309, 12.3363337 ], [ 76.669001, 12.3363184 ], [ 76.6689426, 12.3362929 ], [ 76.6688695, 12.3362651 ], [ 76.6688468, 12.3362571 ], [ 76.6688099, 12.3362457 ], [ 76.6687649, 12.3362342 ], [ 76.6687198, 12.3362241 ], [ 76.6686445, 12.33621 ], [ 76.6685985, 12.336201 ], [ 76.6684597, 12.3361693 ], [ 76.6684507, 12.3360165 ], [ 76.6684439, 12.335969 ], [ 76.6684272, 12.3358742 ], [ 76.668417, 12.3358159 ], [ 76.6684155, 12.3358072 ], [ 76.668398, 12.3357293 ], [ 76.6683883, 12.3356905 ], [ 76.6683657, 12.3356161 ], [ 76.668302, 12.3354463 ], [ 76.6682612, 12.3353489 ], [ 76.6682458, 12.3353083 ], [ 76.6682418, 12.3352885 ], [ 76.6682377, 12.3352488 ], [ 76.6682395, 12.3352139 ], [ 76.6682465, 12.3351643 ], [ 76.6682548, 12.3351315 ], [ 76.6682592, 12.3351169 ], [ 76.6682702, 12.3350865 ], [ 76.6682823, 12.3350597 ], [ 76.6682874, 12.3350493 ], [ 76.6683035, 12.3350212 ], [ 76.6683245, 12.3349929 ], [ 76.6683316, 12.3349845 ], [ 76.6683416, 12.334974 ], [ 76.6683564, 12.3349585 ] ] ] } },
{ "type": "Feature", "id": 15, "properties": { "tessellate": -1, "extrude": 0, "visibility": -1, "KGISWardID": 6383, "KGISWardCode": "2605016", "KGISWardName": "Subashnagara", "SHAPE.STArea()": 641747.36578369106, "SHAPE.STLength()": 4291.0483834925299, "OBJECTID": 20121, "KGISWardNo": "16", "KGISTownCode": "2605", "LGD_WardCode": 28821, "created_user": "SA", "created_date": 1634898537000.0, "last_edited_user": "SA", "last_edited_date": 1643365734000.0 }, "geometry": { "type": "Polygon", "coordinates": [ [ [ 76.6632921, 12.3368061 ], [ 76.6630749, 12.3354909 ], [ 76.6628725, 12.3343957 ], [ 76.6628066, 12.3340394 ], [ 76.6627103, 12.3335185 ], [ 76.6642286, 12.3333307 ], [ 76.6646306, 12.3332809 ], [ 76.66434, 12.3319977 ], [ 76.6642038, 12.3313966 ], [ 76.6641925, 12.3313534 ], [ 76.6641882, 12.3313383 ], [ 76.6641802, 12.3313156 ], [ 76.6641735, 12.3313001 ], [ 76.6641688, 12.3312893 ], [ 76.6641625, 12.3312788 ], [ 76.6641565, 12.3312689 ], [ 76.6641426, 12.3312524 ], [ 76.6641246, 12.331242 ], [ 76.6641088, 12.3312365 ], [ 76.6640929, 12.3312355 ], [ 76.6640612, 12.3312368 ], [ 76.6639233, 12.3312504 ], [ 76.6637833, 12.3312642 ], [ 76.6638913, 12.3311229 ], [ 76.6642504, 12.3306534 ], [ 76.6643101, 12.3305764 ], [ 76.6644174, 12.3304268 ], [ 76.6648274, 12.3298755 ], [ 76.6648403, 12.3298581 ], [ 76.6649391, 12.3297253 ], [ 76.6649289, 12.3297172 ], [ 76.6648926, 12.3296884 ], [ 76.6647818, 12.3296076 ], [ 76.6646418, 12.3295055 ], [ 76.6640899, 12.3291033 ], [ 76.663921, 12.3289801 ], [ 76.6627618, 12.3281181 ], [ 76.6625162, 12.3279355 ], [ 76.6608725, 12.3267131 ], [ 76.6603146, 12.3262951 ], [ 76.6601622, 12.326181 ], [ 76.6600919, 12.3261295 ], [ 76.6598058, 12.3259201 ], [ 76.6596292, 12.3257908 ], [ 76.6593172, 12.3255552 ], [ 76.658978, 12.3252991 ], [ 76.6591148, 12.3255107 ], [ 76.6595529, 12.3261887 ], [ 76.6599245, 12.3267279 ], [ 76.6602397, 12.3271845 ], [ 76.6602997, 12.3272724 ], [ 76.6604032, 12.3274252 ], [ 76.6604032, 12.3274253 ], [ 76.6604957, 12.3275625 ], [ 76.6604086, 12.3275997 ], [ 76.6603521, 12.3276239 ], [ 76.6603048, 12.3276434 ], [ 76.6600995, 12.3277281 ], [ 76.6597693, 12.3278644 ], [ 76.6596677, 12.3279064 ], [ 76.6596522, 12.3279127 ], [ 76.6596551, 12.3280804 ], [ 76.6596759, 12.3284043 ], [ 76.6596797, 12.3284636 ], [ 76.6597207, 12.329101 ], [ 76.6593236, 12.3290557 ], [ 76.6591946, 12.329048 ], [ 76.6589863, 12.3290404 ], [ 76.6588939, 12.329037 ], [ 76.6588834, 12.3290366 ], [ 76.6578953, 12.3289652 ], [ 76.6578761, 12.3290451 ], [ 76.6578571, 12.3291201 ], [ 76.6577935, 12.3293708 ], [ 76.6577868, 12.3293972 ], [ 76.6577729, 12.3294538 ], [ 76.6577606, 12.3295035 ], [ 76.6577558, 12.3295285 ], [ 76.6577544, 12.3295367 ], [ 76.6577512, 12.3295646 ], [ 76.6577393, 12.3296952 ], [ 76.657739, 12.3297269 ], [ 76.6577386, 12.3297578 ], [ 76.6577397, 12.3298083 ], [ 76.6577405, 12.3298265 ], [ 76.6577419, 12.3298408 ], [ 76.6577527, 12.3299302 ], [ 76.6577741, 12.3301075 ], [ 76.6577903, 12.330241 ], [ 76.6578176, 12.3304798 ], [ 76.6578353, 12.3306339 ], [ 76.6578455, 12.330775 ], [ 76.6578539, 12.3308908 ], [ 76.6578591, 12.3309626 ], [ 76.6578634, 12.3311387 ], [ 76.6578644, 12.3313984 ], [ 76.6578573, 12.3316603 ], [ 76.6578248, 12.3322572 ], [ 76.6577785, 12.3330602 ], [ 76.6577739, 12.3331369 ], [ 76.6577417, 12.3338218 ], [ 76.6577394, 12.3340244 ], [ 76.6577384, 12.3341114 ], [ 76.6577378, 12.3341634 ], [ 76.6577358, 12.334342 ], [ 76.6577543, 12.3353524 ], [ 76.6577622, 12.335616 ], [ 76.6577708, 12.3363649 ], [ 76.6577846, 12.3363632 ], [ 76.6582865, 12.3363046 ], [ 76.6587782, 12.3362472 ], [ 76.6590363, 12.3362209 ], [ 76.6596314, 12.3361767 ], [ 76.659607, 12.3366669 ], [ 76.6605893, 12.3365642 ], [ 76.6605895, 12.3366292 ], [ 76.6606135, 12.3366275 ], [ 76.6613429, 12.3365767 ], [ 76.661349, 12.3366115 ], [ 76.6613935, 12.336864 ], [ 76.6614186, 12.3370067 ], [ 76.6614348, 12.3370953 ], [ 76.6615557, 12.3377553 ], [ 76.6623582, 12.3376282 ], [ 76.6634068, 12.3374622 ], [ 76.6633724, 12.3372655 ], [ 76.6633304, 12.3370252 ], [ 76.6632921, 12.3368061 ] ] ] } },
{ "type": "Feature", "id": 16, "properties": { "tessellate": -1, "extrude": 0, "visibility": -1, "KGISWardID": 6386, "KGISWardCode": "2605017", "KGISWardName": "Bannimantapa", "SHAPE.STArea()": 1593745.08312988, "SHAPE.STLength()": 6405.9324093433997, "OBJECTID": 20122, "KGISWardNo": "17", "KGISTownCode": "2605", "LGD_WardCode": 28822, "created_user": "SA", "created_date": 1634898537000.0, "last_edited_user": "SA", "last_edited_date": 1643365734000.0 }, "geometry": { "type": "Polygon", "coordinates": [ [ [ 76.6579247, 12.3386972 ], [ 76.6579231, 12.3386825 ], [ 76.6578998, 12.338465 ], [ 76.657874, 12.3382246 ], [ 76.6578265, 12.3377824 ], [ 76.6578057, 12.3375069 ], [ 76.6578037, 12.3374813 ], [ 76.6577865, 12.3372073 ], [ 76.657785, 12.3371596 ], [ 76.6577781, 12.3369394 ], [ 76.657777, 12.3369014 ], [ 76.6577717, 12.336442 ], [ 76.6577715, 12.3364232 ], [ 76.6577708, 12.3363649 ], [ 76.6577622, 12.335616 ], [ 76.6577543, 12.3353524 ], [ 76.6577358, 12.334342 ], [ 76.6577378, 12.3341634 ], [ 76.6577384, 12.3341114 ], [ 76.6577394, 12.3340244 ], [ 76.6577417, 12.3338218 ], [ 76.6577739, 12.3331369 ], [ 76.6577785, 12.3330602 ], [ 76.6578248, 12.3322572 ], [ 76.6578573, 12.3316603 ], [ 76.6578644, 12.3313984 ], [ 76.6578634, 12.3311387 ], [ 76.6578591, 12.3309626 ], [ 76.6578539, 12.3308908 ], [ 76.6578455, 12.330775 ], [ 76.6578353, 12.3306339 ], [ 76.6578176, 12.3304798 ], [ 76.6577903, 12.330241 ], [ 76.6577741, 12.3301075 ], [ 76.6577527, 12.3299302 ], [ 76.6577419, 12.3298408 ], [ 76.6577405, 12.3298265 ], [ 76.6577397, 12.3298083 ], [ 76.6577386, 12.3297578 ], [ 76.657739, 12.3297269 ], [ 76.6577393, 12.3296952 ], [ 76.6577346, 12.3296854 ], [ 76.6577175, 12.3297153 ], [ 76.6573448, 12.3303672 ], [ 76.657275, 12.3303518 ], [ 76.6571684, 12.3303335 ], [ 76.6567559, 12.3302625 ], [ 76.6553443, 12.3300352 ], [ 76.6544779, 12.3298505 ], [ 76.6543385, 12.3298208 ], [ 76.6542121, 12.3297938 ], [ 76.6540632, 12.3297621 ], [ 76.6539172, 12.3297274 ], [ 76.6538768, 12.3297197 ], [ 76.6538299, 12.3297132 ], [ 76.6538077, 12.329711 ], [ 76.6537675, 12.3297131 ], [ 76.653752, 12.3297157 ], [ 76.6537258, 12.3297247 ], [ 76.6531799, 12.3299676 ], [ 76.6529424, 12.3300653 ], [ 76.6528798, 12.330087 ], [ 76.6528481, 12.3300955 ], [ 76.6528002, 12.3301038 ], [ 76.6527221, 12.3301131 ], [ 76.6526408, 12.3301138 ], [ 76.652134, 12.3300963 ], [ 76.6521493, 12.3294655 ], [ 76.6521748, 12.3289916 ], [ 76.6522164, 12.3283531 ], [ 76.6522648, 12.3277415 ], [ 76.652276, 12.3275644 ], [ 76.6522762, 12.3275614 ], [ 76.6523161, 12.326931 ], [ 76.6523998, 12.325558 ], [ 76.6524207, 12.325216 ], [ 76.6526838, 12.3252434 ], [ 76.6530558, 12.3252821 ], [ 76.6530684, 12.32526 ], [ 76.6532464, 12.3249453 ], [ 76.6533344, 12.3247896 ], [ 76.6533502, 12.3246874 ], [ 76.6534378, 12.3235196 ], [ 76.65348, 12.3231022 ], [ 76.6530088, 12.3230735 ], [ 76.6525131, 12.3230437 ], [ 76.6515778, 12.3229875 ], [ 76.6509295, 12.3229409 ], [ 76.6508212, 12.3229341 ], [ 76.6506609, 12.322924 ], [ 76.6506482, 12.322925 ], [ 76.6506477, 12.322925 ], [ 76.650638, 12.3229252 ], [ 76.6506235, 12.3229274 ], [ 76.6506174, 12.3229293 ], [ 76.6506127, 12.3229322 ], [ 76.6505972, 12.3229442 ], [ 76.6505802, 12.3229621 ], [ 76.6505649, 12.3229784 ], [ 76.6505506, 12.3229935 ], [ 76.6505455, 12.3229991 ], [ 76.650528, 12.3230227 ], [ 76.6504493, 12.3231567 ], [ 76.6504091, 12.3232224 ], [ 76.6504083, 12.3232239 ], [ 76.6502043, 12.3236088 ], [ 76.6501763, 12.3236614 ], [ 76.6499925, 12.3240083 ], [ 76.6493609, 12.3251694 ], [ 76.6491228, 12.3256405 ], [ 76.6489724, 12.3259406 ], [ 76.6487707, 12.3263278 ], [ 76.648632, 12.326594 ], [ 76.6481877, 12.3274467 ], [ 76.6480991, 12.3276167 ], [ 76.6478711, 12.3280544 ], [ 76.6474333, 12.328941 ], [ 76.6471057, 12.3296046 ], [ 76.6470562, 12.3297177 ], [ 76.6465531, 12.3300475 ], [ 76.6464854, 12.330092 ], [ 76.646052, 12.3304025 ], [ 76.6457174, 12.3306642 ], [ 76.6456918, 12.330695 ], [ 76.6456786, 12.3307109 ], [ 76.6455993, 12.3308063 ], [ 76.6455373, 12.3308816 ], [ 76.6455223, 12.3309017 ], [ 76.6455155, 12.3309124 ], [ 76.6455088, 12.330923 ], [ 76.6455024, 12.3309374 ], [ 76.6454996, 12.3309462 ], [ 76.6454962, 12.3309593 ], [ 76.6454939, 12.3309798 ], [ 76.6454921, 12.3310575 ], [ 76.6454919, 12.3310908 ], [ 76.6454917, 12.3311477 ], [ 76.6454909, 12.3311662 ], [ 76.6454871, 12.3312004 ], [ 76.6454858, 12.3312874 ], [ 76.6454886, 12.3313359 ], [ 76.6454992, 12.3314213 ], [ 76.6455024, 12.3314472 ], [ 76.6455449, 12.3317902 ], [ 76.6456004, 12.3321423 ], [ 76.6456287, 12.3323111 ], [ 76.6457152, 12.332826 ], [ 76.6457648, 12.3331495 ], [ 76.6458364, 12.3336471 ], [ 76.6458492, 12.3337361 ], [ 76.6458813, 12.3339546 ], [ 76.6459512, 12.3344011 ], [ 76.6459851, 12.3346174 ], [ 76.6460734, 12.335129 ], [ 76.646127, 12.3354392 ], [ 76.6461877, 12.3354327 ], [ 76.6463501, 12.3354152 ], [ 76.6463588, 12.3354155 ], [ 76.6463649, 12.3354156 ], [ 76.6463854, 12.3354162 ], [ 76.6464401, 12.3354254 ], [ 76.6465121, 12.3354501 ], [ 76.6466488, 12.335533 ], [ 76.6469188, 12.3357155 ], [ 76.6470928, 12.3358366 ], [ 76.6472511, 12.3359467 ], [ 76.6476082, 12.3361951 ], [ 76.6481155, 12.3365569 ], [ 76.648128, 12.3365667 ], [ 76.6485725, 12.3368829 ], [ 76.6486646, 12.3369484 ], [ 76.6491903, 12.3373064 ], [ 76.6494154, 12.3374517 ], [ 76.6499896, 12.3378221 ], [ 76.6501705, 12.3379501 ], [ 76.6502114, 12.3379793 ], [ 76.6502734, 12.3380301 ], [ 76.6503296, 12.338088 ], [ 76.6503632, 12.3381257 ], [ 76.6503867, 12.3381563 ], [ 76.6504547, 12.3382448 ], [ 76.6506049, 12.3384462 ], [ 76.6506507, 12.3385206 ], [ 76.650847, 12.3389204 ], [ 76.651143, 12.3396611 ], [ 76.6511612, 12.3397065 ], [ 76.6511792, 12.3397428 ], [ 76.6511936, 12.3397674 ], [ 76.6512184, 12.3398034 ], [ 76.6512312, 12.3398191 ], [ 76.6512645, 12.3398553 ], [ 76.6513081, 12.3398955 ], [ 76.6513951, 12.3399667 ], [ 76.6515055, 12.3400416 ], [ 76.651764, 12.3402112 ], [ 76.6517786, 12.340222 ], [ 76.6517842, 12.340227 ], [ 76.6518003, 12.3402415 ], [ 76.6518084, 12.3402488 ], [ 76.6518254, 12.3402678 ], [ 76.6518411, 12.340289 ], [ 76.6518472, 12.3402979 ], [ 76.6518604, 12.3403213 ], [ 76.6518947, 12.3403969 ], [ 76.6519052, 12.340427 ], [ 76.6519108, 12.3404569 ], [ 76.6519172, 12.3405162 ], [ 76.6519207, 12.3405813 ], [ 76.6519237, 12.340637 ], [ 76.6519251, 12.3406639 ], [ 76.6519255, 12.3407066 ], [ 76.6519177, 12.3408425 ], [ 76.6519134, 12.3408844 ], [ 76.6519115, 12.3408978 ], [ 76.6519023, 12.3409457 ], [ 76.651891, 12.3409856 ], [ 76.6518827, 12.3410092 ], [ 76.6518737, 12.3410274 ], [ 76.6516649, 12.3413031 ], [ 76.6520279, 12.3413599 ], [ 76.652281, 12.3413922 ], [ 76.6523048, 12.3413953 ], [ 76.6525319, 12.3414236 ], [ 76.6527692, 12.3414531 ], [ 76.6530625, 12.3414897 ], [ 76.6532923, 12.3415161 ], [ 76.6535006, 12.3415367 ], [ 76.653528, 12.3415397 ], [ 76.6535499, 12.3415434 ], [ 76.6535602, 12.3415456 ], [ 76.6535721, 12.3415492 ], [ 76.653582, 12.3415531 ], [ 76.6536005, 12.341562 ], [ 76.653613, 12.3415709 ], [ 76.6536188, 12.3415751 ], [ 76.6536264, 12.3415837 ], [ 76.6536313, 12.3415922 ], [ 76.6536331, 12.3415962 ], [ 76.6536358, 12.3416032 ], [ 76.6536394, 12.3416189 ], [ 76.6536402, 12.3416231 ], [ 76.6536414, 12.3416332 ], [ 76.6536418, 12.3416461 ], [ 76.6536414, 12.3416627 ], [ 76.6536412, 12.3416655 ], [ 76.653639, 12.3416867 ], [ 76.6536297, 12.3417312 ], [ 76.6535776, 12.3419817 ], [ 76.6545576, 12.34211 ], [ 76.6551651, 12.3390184 ], [ 76.6551732, 12.3389535 ], [ 76.6554002, 12.3389405 ], [ 76.6563507, 12.3388861 ], [ 76.6579247, 12.3386972 ] ] ] } },
{ "type": "Feature", "id": 17, "properties": { "tessellate": -1, "extrude": 0, "visibility": -1, "KGISWardID": 6387, "KGISWardCode": "2605018", "KGISWardName": "Yadavagiri", "SHAPE.STArea()": 2329425.9270019499, "SHAPE.STLength()": 8310.9506093580003, "OBJECTID": 20123, "KGISWardNo": "18", "KGISTownCode": "2605", "LGD_WardCode": 28823, "created_user": "SA", "created_date": 1634898537000.0, "last_edited_user": "SA", "last_edited_date": 1643365734000.0 }, "geometry": { "type": "Polygon", "coordinates": [ [ [ 76.6460734, 12.335129 ], [ 76.6459851, 12.3346174 ], [ 76.6459512, 12.3344011 ], [ 76.6458813, 12.3339546 ], [ 76.6458492, 12.3337361 ], [ 76.6458364, 12.3336471 ], [ 76.6457648, 12.3331495 ], [ 76.6457152, 12.332826 ], [ 76.6456287, 12.3323111 ], [ 76.6456004, 12.3321423 ], [ 76.6455449, 12.3317902 ], [ 76.6455024, 12.3314472 ], [ 76.6454992, 12.3314213 ], [ 76.6454886, 12.3313359 ], [ 76.6454858, 12.3312874 ], [ 76.6454871, 12.3312004 ], [ 76.6454909, 12.3311662 ], [ 76.6454917, 12.3311477 ], [ 76.6454919, 12.3310908 ], [ 76.6454921, 12.3310575 ], [ 76.6454939, 12.3309798 ], [ 76.6454962, 12.3309593 ], [ 76.6454996, 12.3309462 ], [ 76.6455024, 12.3309374 ], [ 76.6455088, 12.330923 ], [ 76.6455155, 12.3309124 ], [ 76.6455223, 12.3309017 ], [ 76.6455373, 12.3308816 ], [ 76.6455993, 12.3308063 ], [ 76.6456786, 12.3307109 ], [ 76.6456306, 12.3306448 ], [ 76.6456233, 12.3306347 ], [ 76.6455681, 12.3305456 ], [ 76.6455608, 12.3305337 ], [ 76.6455527, 12.3305206 ], [ 76.6455321, 12.3304874 ], [ 76.6454483, 12.330352 ], [ 76.6454056, 12.3302778 ], [ 76.645376, 12.3302262 ], [ 76.6453558, 12.3301889 ], [ 76.6452937, 12.3300613 ], [ 76.645101, 12.3296225 ], [ 76.6450106, 12.3293655 ], [ 76.6449793, 12.3292766 ], [ 76.6448732, 12.3289753 ], [ 76.6448511, 12.3289042 ], [ 76.64481, 12.328743 ], [ 76.6447872, 12.3286172 ], [ 76.6447425, 12.3282987 ], [ 76.6447272, 12.3281897 ], [ 76.6446723, 12.3275969 ], [ 76.6446721, 12.3273378 ], [ 76.6446721, 12.3273279 ], [ 76.6446721, 12.3273277 ], [ 76.6446721, 12.3271778 ], [ 76.644677, 12.3269697 ], [ 76.6446961, 12.3267112 ], [ 76.6447099, 12.3265403 ], [ 76.6447266, 12.3263798 ], [ 76.6447589, 12.3261874 ], [ 76.6448146, 12.3259192 ], [ 76.6448896, 12.3256015 ], [ 76.6449361, 12.3254188 ], [ 76.6450966, 12.3248117 ], [ 76.6450707, 12.3248028 ], [ 76.6448666, 12.3247421 ], [ 76.6446497, 12.324679 ], [ 76.6440562, 12.3245063 ], [ 76.6438805, 12.3247986 ], [ 76.6427443, 12.3246151 ], [ 76.6427617, 12.3244776 ], [ 76.64278, 12.3243325 ], [ 76.6428017, 12.3242059 ], [ 76.6428222, 12.3241016 ], [ 76.6428327, 12.3240586 ], [ 76.6428581, 12.3239687 ], [ 76.6429117, 12.3238132 ], [ 76.6429485, 12.3237092 ], [ 76.6429912, 12.3235916 ], [ 76.6430359, 12.3234798 ], [ 76.6430842, 12.3233588 ], [ 76.6431311, 12.3232497 ], [ 76.6431643, 12.3231804 ], [ 76.643226, 12.3230576 ], [ 76.6432737, 12.3229693 ], [ 76.6433462, 12.3228436 ], [ 76.6433796, 12.3227906 ], [ 76.6434534, 12.3226868 ], [ 76.6434613, 12.3226764 ], [ 76.6436382, 12.3224439 ], [ 76.6437367, 12.3223264 ], [ 76.6438519, 12.3221891 ], [ 76.644341, 12.3216634 ], [ 76.6444638, 12.3215314 ], [ 76.6447738, 12.321136 ], [ 76.6447804, 12.3211277 ], [ 76.6448788, 12.3209875 ], [ 76.6449342, 12.3209085 ], [ 76.6453142, 12.3203291 ], [ 76.6453391, 12.3202911 ], [ 76.6453458, 12.3202809 ], [ 76.6453881, 12.3202165 ], [ 76.6455557, 12.3199593 ], [ 76.6457616, 12.3196021 ], [ 76.6458088, 12.3194981 ], [ 76.6463389, 12.3184428 ], [ 76.6462532, 12.3183722 ], [ 76.6461364, 12.3182901 ], [ 76.6450838, 12.3175507 ], [ 76.6431299, 12.3162559 ], [ 76.64313, 12.3163016 ], [ 76.6431254, 12.3166891 ], [ 76.6431205, 12.3171019 ], [ 76.6431149, 12.3176808 ], [ 76.6431119, 12.3177445 ], [ 76.6431085, 12.3177873 ], [ 76.6431009, 12.3178258 ], [ 76.643085, 12.3178863 ], [ 76.6430645, 12.3179481 ], [ 76.6430268, 12.3180365 ], [ 76.6429835, 12.3181217 ], [ 76.6429402, 12.318192 ], [ 76.6429292, 12.3182091 ], [ 76.6428911, 12.318268 ], [ 76.6428514, 12.3183165 ], [ 76.6428251, 12.3183419 ], [ 76.6428036, 12.3183628 ], [ 76.642745, 12.3184173 ], [ 76.6426611, 12.318478 ], [ 76.6425395, 12.3185587 ], [ 76.6423879, 12.3186463 ], [ 76.6423073, 12.3186912 ], [ 76.6422949, 12.3186977 ], [ 76.642091, 12.3187908 ], [ 76.641113, 12.3192008 ], [ 76.6407418, 12.3193452 ], [ 76.6402604, 12.3195216 ], [ 76.6398881, 12.3196475 ], [ 76.6393129, 12.3198352 ], [ 76.6392203, 12.3199246 ], [ 76.6390436, 12.3200952 ], [ 76.6385241, 12.3205966 ], [ 76.6383676, 12.3207502 ], [ 76.6369358, 12.3221923 ], [ 76.6360801, 12.3230633 ], [ 76.6357758, 12.3233691 ], [ 76.6357454, 12.3233997 ], [ 76.6356653, 12.3234803 ], [ 76.6347727, 12.3243601 ], [ 76.6339794, 12.3251857 ], [ 76.6337152, 12.3254578 ], [ 76.6336995, 12.3255053 ], [ 76.6336624, 12.3256174 ], [ 76.6336404, 12.3256755 ], [ 76.6335987, 12.3257649 ], [ 76.63357, 12.3258312 ], [ 76.6335574, 12.3258628 ], [ 76.633534, 12.3259269 ], [ 76.6335016, 12.3260311 ], [ 76.6334746, 12.3261272 ], [ 76.6334501, 12.326268 ], [ 76.6334336, 12.3264269 ], [ 76.6333791, 12.3268565 ], [ 76.63333, 12.3272095 ], [ 76.6333028, 12.3274215 ], [ 76.6333028, 12.3274216 ], [ 76.6332578, 12.3277908 ], [ 76.633173, 12.3284343 ], [ 76.6331063, 12.3289762 ], [ 76.6329801, 12.3300061 ], [ 76.6328397, 12.3311817 ], [ 76.6327751, 12.3316996 ], [ 76.6327711, 12.3317317 ], [ 76.632761, 12.3318129 ], [ 76.6327014, 12.3322903 ], [ 76.6326994, 12.3323249 ], [ 76.6329796, 12.3324652 ], [ 76.6331272, 12.3325431 ], [ 76.6334708, 12.332743 ], [ 76.6335553, 12.3327945 ], [ 76.6336853, 12.3328876 ], [ 76.6337333, 12.3329269 ], [ 76.6337994, 12.3329879 ], [ 76.633916, 12.333094 ], [ 76.6342006, 12.3333523 ], [ 76.6342223, 12.3333717 ], [ 76.6343039, 12.3334446 ], [ 76.6345372, 12.3336545 ], [ 76.6346202, 12.3337303 ], [ 76.6347937, 12.3338841 ], [ 76.634921, 12.3339937 ], [ 76.6349434, 12.3340127 ], [ 76.6349644, 12.3340307 ], [ 76.6350585, 12.3341108 ], [ 76.6351794, 12.3342067 ], [ 76.6353919, 12.3343699 ], [ 76.6355071, 12.3344562 ], [ 76.6356093, 12.3345317 ], [ 76.6356822, 12.3345856 ], [ 76.6356899, 12.3345914 ], [ 76.6357293, 12.3346214 ], [ 76.635726, 12.335459 ], [ 76.6357165, 12.3362126 ], [ 76.636092, 12.3361829 ], [ 76.6364116, 12.3361576 ], [ 76.6368412, 12.3361216 ], [ 76.6368616, 12.3361199 ], [ 76.6370203, 12.3361066 ], [ 76.6377421, 12.336064 ], [ 76.6380038, 12.3359026 ], [ 76.6382605, 12.335728 ], [ 76.6387575, 12.3353936 ], [ 76.638761, 12.335391 ], [ 76.6387771, 12.3353765 ], [ 76.638783, 12.3353682 ], [ 76.6387855, 12.3353647 ], [ 76.6387915, 12.3353517 ], [ 76.6387953, 12.3353405 ], [ 76.6387983, 12.3353272 ], [ 76.6388019, 12.3353075 ], [ 76.6388031, 12.3353019 ], [ 76.638836, 12.3356927 ], [ 76.6388443, 12.3358432 ], [ 76.6388578, 12.3360522 ], [ 76.638859, 12.3360702 ], [ 76.6389771, 12.3361271 ], [ 76.6391025, 12.3361844 ], [ 76.6391685, 12.3362121 ], [ 76.6394992, 12.3363546 ], [ 76.6395516, 12.3363734 ], [ 76.6395926, 12.336385 ], [ 76.6396456, 12.3363968 ], [ 76.6396802, 12.3364042 ], [ 76.6397235, 12.3364118 ], [ 76.6398107, 12.336421 ], [ 76.6400169, 12.3364413 ], [ 76.6400977, 12.3364473 ], [ 76.640171, 12.3364525 ], [ 76.6401841, 12.3364534 ], [ 76.6402663, 12.3364581 ], [ 76.6404075, 12.336464 ], [ 76.640471, 12.3364653 ], [ 76.6409176, 12.3364633 ], [ 76.6413681, 12.3364788 ], [ 76.6414502, 12.3363465 ], [ 76.641458, 12.3363336 ], [ 76.6416377, 12.3360298 ], [ 76.6416635, 12.3359843 ], [ 76.6417142, 12.3358879 ], [ 76.6417239, 12.3358683 ], [ 76.6417521, 12.3358112 ], [ 76.6417839, 12.335743 ], [ 76.6418385, 12.3356112 ], [ 76.6418606, 12.335555 ], [ 76.6418875, 12.3354813 ], [ 76.6419103, 12.3354173 ], [ 76.6419266, 12.3353683 ], [ 76.6419537, 12.335277 ], [ 76.6420025, 12.3351006 ], [ 76.6421577, 12.3350717 ], [ 76.6421778, 12.3350679 ], [ 76.6425147, 12.3350036 ], [ 76.6425916, 12.334988 ], [ 76.6427303, 12.3349617 ], [ 76.6429124, 12.3349307 ], [ 76.6429585, 12.3349228 ], [ 76.6430016, 12.3352967 ], [ 76.6430227, 12.3355501 ], [ 76.643026, 12.3356334 ], [ 76.643027, 12.335661 ], [ 76.6430316, 12.335778 ], [ 76.6430406, 12.3362348 ], [ 76.6430409, 12.336831 ], [ 76.643041, 12.3368367 ], [ 76.643041, 12.3368591 ], [ 76.6430303, 12.3380444 ], [ 76.64303, 12.3381286 ], [ 76.6430297, 12.3382269 ], [ 76.6430275, 12.3389423 ], [ 76.6430284, 12.3393951 ], [ 76.6430251, 12.3396908 ], [ 76.6434258, 12.3399341 ], [ 76.6434767, 12.3399683 ], [ 76.6434899, 12.3399823 ], [ 76.6435202, 12.3400191 ], [ 76.6436035, 12.340139 ], [ 76.6436284, 12.3401772 ], [ 76.6436732, 12.340251 ], [ 76.6437548, 12.3403904 ], [ 76.643771, 12.3404113 ], [ 76.6437888, 12.34043 ], [ 76.6438019, 12.3404431 ], [ 76.6438373, 12.340472 ], [ 76.6438825, 12.3405062 ], [ 76.6441635, 12.3407041 ], [ 76.6443582, 12.3408393 ], [ 76.6446037, 12.340996 ], [ 76.6447353, 12.3410785 ], [ 76.6448396, 12.3411421 ], [ 76.6449312, 12.3411938 ], [ 76.6451257, 12.3412947 ], [ 76.6454277, 12.3414455 ], [ 76.6454657, 12.3414624 ], [ 76.6455124, 12.3414794 ], [ 76.6456037, 12.3415095 ], [ 76.6456602, 12.341527 ], [ 76.6459981, 12.3416246 ], [ 76.6461013, 12.3416482 ], [ 76.6462, 12.3416709 ], [ 76.6462555, 12.3416814 ], [ 76.6463002, 12.34169 ], [ 76.6466069, 12.3417418 ], [ 76.6466089, 12.3417301 ], [ 76.64661, 12.3417238 ], [ 76.6467137, 12.3408629 ], [ 76.6467889, 12.3401334 ], [ 76.6468077, 12.3398999 ], [ 76.6468141, 12.3398203 ], [ 76.6468271, 12.3396595 ], [ 76.6468319, 12.3395993 ], [ 76.646834, 12.3394658 ], [ 76.6468417, 12.3393007 ], [ 76.6468354, 12.3392203 ], [ 76.6468267, 12.3391102 ], [ 76.6467693, 12.3387039 ], [ 76.6467688, 12.3387005 ], [ 76.6467631, 12.3386601 ], [ 76.6466549, 12.3378941 ], [ 76.6466053, 12.3377348 ], [ 76.6465716, 12.3376207 ], [ 76.6464974, 12.3373072 ], [ 76.6464882, 12.3372617 ], [ 76.6464757, 12.3371999 ], [ 76.6463481, 12.3365691 ], [ 76.6462538, 12.3361219 ], [ 76.6461694, 12.3356695 ], [ 76.6461645, 12.335643 ], [ 76.6461341, 12.3354799 ], [ 76.646127, 12.3354392 ], [ 76.6460734, 12.335129 ] ] ] } },
{ "type": "Feature", "id": 18, "properties": { "tessellate": -1, "extrude": 0, "visibility": -1, "KGISWardID": 6390, "KGISWardCode": "2605019", "KGISWardName": "Jayalakshmipuram,V.V.Mohalla", "SHAPE.STArea()": 4056601.1270752, "SHAPE.STLength()": 11564.293562811299, "OBJECTID": 20124, "KGISWardNo": "19", "KGISTownCode": "2605", "LGD_WardCode": 28824, "created_user": "SA", "created_date": 1634898537000.0, "last_edited_user": "SA", "last_edited_date": 1643365734000.0 }, "geometry": { "type": "Polygon", "coordinates": [ [ [ 76.6220391, 12.3377431 ], [ 76.6230553, 12.3377157 ], [ 76.6240628, 12.3377245 ], [ 76.624038, 12.3374787 ], [ 76.6240121, 12.3372225 ], [ 76.623956, 12.3366764 ], [ 76.6239307, 12.3363635 ], [ 76.623929, 12.3363432 ], [ 76.6239239, 12.3362546 ], [ 76.6239176, 12.3361438 ], [ 76.6239165, 12.3361247 ], [ 76.6239082, 12.3360238 ], [ 76.6239045, 12.3359909 ], [ 76.6238951, 12.335909 ], [ 76.6237489, 12.3351258 ], [ 76.6237206, 12.334983 ], [ 76.6236443, 12.3344929 ], [ 76.6236278, 12.3343777 ], [ 76.6236055, 12.3342086 ], [ 76.6235798, 12.3342107 ], [ 76.6233905, 12.3342267 ], [ 76.6233351, 12.3340173 ], [ 76.6233108, 12.3338664 ], [ 76.623312, 12.3337786 ], [ 76.6233228, 12.3336114 ], [ 76.6233596, 12.3332947 ], [ 76.6233898, 12.3330352 ], [ 76.6234178, 12.3328278 ], [ 76.6234378, 12.3327133 ], [ 76.6234824, 12.3325231 ], [ 76.6235416, 12.3323203 ], [ 76.6235869, 12.3321879 ], [ 76.6236105, 12.3321249 ], [ 76.6236446, 12.3320453 ], [ 76.6236724, 12.3319903 ], [ 76.6236985, 12.331944 ], [ 76.6237178, 12.3319106 ], [ 76.6238239, 12.3317264 ], [ 76.6238531, 12.3316878 ], [ 76.6239234, 12.3316067 ], [ 76.6240096, 12.3315074 ], [ 76.6240569, 12.331463 ], [ 76.6241913, 12.3313606 ], [ 76.6243051, 12.331288 ], [ 76.6244765, 12.3312175 ], [ 76.6246008, 12.3311714 ], [ 76.6246347, 12.3311605 ], [ 76.6248384, 12.3310853 ], [ 76.6249438, 12.3310556 ], [ 76.6251003, 12.3310238 ], [ 76.6253005, 12.3310085 ], [ 76.6253242, 12.3310065 ], [ 76.6254415, 12.331004 ], [ 76.6256242, 12.3310005 ], [ 76.6261267, 12.3310003 ], [ 76.6270488, 12.331 ], [ 76.6270585, 12.3309736 ], [ 76.6271169, 12.3308133 ], [ 76.6271467, 12.3307358 ], [ 76.6271702, 12.3306746 ], [ 76.6271867, 12.3306314 ], [ 76.6272296, 12.3305198 ], [ 76.6272728, 12.3305297 ], [ 76.6274011, 12.330559 ], [ 76.6278873, 12.3306701 ], [ 76.6280272, 12.3306992 ], [ 76.6280912, 12.3307124 ], [ 76.6285291, 12.3308033 ], [ 76.6291492, 12.3301512 ], [ 76.6295751, 12.3297406 ], [ 76.6302525, 12.3290252 ], [ 76.6307043, 12.3285468 ], [ 76.6316619, 12.3275914 ], [ 76.6318974, 12.3273563 ], [ 76.6325604, 12.3266489 ], [ 76.6330612, 12.3261312 ], [ 76.6337152, 12.3254578 ], [ 76.6339794, 12.3251857 ], [ 76.6347727, 12.3243601 ], [ 76.6356653, 12.3234803 ], [ 76.6357454, 12.3233997 ], [ 76.6357758, 12.3233691 ], [ 76.6360801, 12.3230633 ], [ 76.6369358, 12.3221923 ], [ 76.6383676, 12.3207502 ], [ 76.6385241, 12.3205966 ], [ 76.6390436, 12.3200952 ], [ 76.6392203, 12.3199246 ], [ 76.6393129, 12.3198352 ], [ 76.6386734, 12.3200369 ], [ 76.6385569, 12.3200737 ], [ 76.6384962, 12.3200931 ], [ 76.6375234, 12.3204045 ], [ 76.6369316, 12.3205905 ], [ 76.635855, 12.3208995 ], [ 76.6352512, 12.3211004 ], [ 76.6352253, 12.3211267 ], [ 76.6351526, 12.3212008 ], [ 76.6345304, 12.3218344 ], [ 76.6337341, 12.3226452 ], [ 76.6331969, 12.3231996 ], [ 76.6328367, 12.3235714 ], [ 76.6317522, 12.3246625 ], [ 76.6291632, 12.3222274 ], [ 76.6291083, 12.3221758 ], [ 76.6285057, 12.3216374 ], [ 76.6283859, 12.3209449 ], [ 76.6283448, 12.3206491 ], [ 76.628327, 12.320543 ], [ 76.6282068, 12.3198265 ], [ 76.6281478, 12.3194751 ], [ 76.6278856, 12.3181844 ], [ 76.6278278, 12.317917 ], [ 76.6278208, 12.3178844 ], [ 76.6277548, 12.3175676 ], [ 76.6276374, 12.3168247 ], [ 76.627604, 12.3166131 ], [ 76.6275986, 12.3165691 ], [ 76.6275965, 12.3165528 ], [ 76.6275206, 12.3161785 ], [ 76.6273782, 12.3153345 ], [ 76.6272598, 12.3146329 ], [ 76.6272549, 12.3146003 ], [ 76.6272359, 12.3144913 ], [ 76.6271382, 12.3139316 ], [ 76.6269261, 12.3125746 ], [ 76.6268083, 12.3118732 ], [ 76.6267623, 12.3115996 ], [ 76.6265604, 12.310398 ], [ 76.6265349, 12.3102527 ], [ 76.6264226, 12.3096041 ], [ 76.6263041, 12.3089194 ], [ 76.6261115, 12.3078586 ], [ 76.6260617, 12.3075837 ], [ 76.6260428, 12.3074791 ], [ 76.6258762, 12.3065594 ], [ 76.6258647, 12.3064961 ], [ 76.6258607, 12.3064826 ], [ 76.6258581, 12.3064737 ], [ 76.6258522, 12.3064536 ], [ 76.6258405, 12.3064052 ], [ 76.6257268, 12.3064457 ], [ 76.6257077, 12.3064538 ], [ 76.6256277, 12.3064901 ], [ 76.6255748, 12.3065166 ], [ 76.625519, 12.3065446 ], [ 76.6254578, 12.3065803 ], [ 76.6254361, 12.3065942 ], [ 76.6254223, 12.3066031 ], [ 76.6251795, 12.3067592 ], [ 76.6251508, 12.3067777 ], [ 76.6249231, 12.3069249 ], [ 76.6243669, 12.3072953 ], [ 76.6238725, 12.3076368 ], [ 76.6236387, 12.3077801 ], [ 76.6234846, 12.3078668 ], [ 76.6233978, 12.3079061 ], [ 76.623362, 12.3079191 ], [ 76.6233115, 12.3079352 ], [ 76.6232699, 12.307947 ], [ 76.623234, 12.3079525 ], [ 76.6231796, 12.3079564 ], [ 76.6231607, 12.3079571 ], [ 76.6230894, 12.3079541 ], [ 76.6230411, 12.3079486 ], [ 76.6229455, 12.3079352 ], [ 76.6224612, 12.3078355 ], [ 76.6219, 12.3077202 ], [ 76.6217272, 12.3076847 ], [ 76.6214177, 12.3076211 ], [ 76.6212763, 12.307596 ], [ 76.6210318, 12.3075409 ], [ 76.6206886, 12.3074637 ], [ 76.6204976, 12.3074206 ], [ 76.6203933, 12.3073998 ], [ 76.6202651, 12.3073763 ], [ 76.6200171, 12.3073366 ], [ 76.6199386, 12.3073243 ], [ 76.6192807, 12.3072205 ], [ 76.6189251, 12.3071718 ], [ 76.6188671, 12.3071654 ], [ 76.6184617, 12.3071316 ], [ 76.618181, 12.3071207 ], [ 76.6180879, 12.3071159 ], [ 76.6171989, 12.3070967 ], [ 76.6171235, 12.3070949 ], [ 76.617052, 12.307095 ], [ 76.6167896, 12.3070976 ], [ 76.6167246, 12.3070999 ], [ 76.6165499, 12.3071172 ], [ 76.6165054, 12.3071227 ], [ 76.6163194, 12.3071457 ], [ 76.6159515, 12.3071865 ], [ 76.6159458, 12.3072244 ], [ 76.6158925, 12.3075818 ], [ 76.6158074, 12.3082182 ], [ 76.6157132, 12.309049 ], [ 76.6156903, 12.3092516 ], [ 76.615539, 12.3105575 ], [ 76.6154054, 12.3117265 ], [ 76.615395, 12.3118088 ], [ 76.6153602, 12.3120861 ], [ 76.615219, 12.3132115 ], [ 76.6151934, 12.3134113 ], [ 76.6150402, 12.3148491 ], [ 76.6149577, 12.3158345 ], [ 76.6149089, 12.3165783 ], [ 76.6148719, 12.3173752 ], [ 76.6148274, 12.3181272 ], [ 76.6148226, 12.3182642 ], [ 76.6148253, 12.3183229 ], [ 76.6148643, 12.3190072 ], [ 76.6148773, 12.319115 ], [ 76.6148842, 12.3191643 ], [ 76.6148927, 12.3192012 ], [ 76.614901, 12.3192277 ], [ 76.6149157, 12.3192621 ], [ 76.6149283, 12.3192878 ], [ 76.6149404, 12.3193082 ], [ 76.6149626, 12.3193399 ], [ 76.6150618, 12.3194823 ], [ 76.6152117, 12.3196951 ], [ 76.6152326, 12.3197247 ], [ 76.6158617, 12.3206176 ], [ 76.61654, 12.321574 ], [ 76.6169636, 12.3221646 ], [ 76.6169469, 12.3221701 ], [ 76.6168038, 12.3222488 ], [ 76.6167298, 12.3222895 ], [ 76.6167353, 12.322304 ], [ 76.6168076, 12.3224938 ], [ 76.6168772, 12.3226766 ], [ 76.6169875, 12.3229598 ], [ 76.6170023, 12.3229978 ], [ 76.6171252, 12.3233138 ], [ 76.6171652, 12.3234259 ], [ 76.6171847, 12.3234927 ], [ 76.6172097, 12.3235883 ], [ 76.6172323, 12.3236981 ], [ 76.6172343, 12.3237092 ], [ 76.617237, 12.3237202 ], [ 76.6172403, 12.3237307 ], [ 76.6172435, 12.3237387 ], [ 76.6172498, 12.3237491 ], [ 76.6172567, 12.3237578 ], [ 76.6172626, 12.3237633 ], [ 76.6172698, 12.3237684 ], [ 76.6172798, 12.3237747 ], [ 76.6173416, 12.3238043 ], [ 76.6174502, 12.3238507 ], [ 76.617536, 12.3238838 ], [ 76.6175951, 12.3239048 ], [ 76.6178194, 12.3239816 ], [ 76.617924, 12.324016 ], [ 76.6180429, 12.3240557 ], [ 76.6182492, 12.3241251 ], [ 76.6182749, 12.3241357 ], [ 76.6182819, 12.3241391 ], [ 76.6182981, 12.3241498 ], [ 76.618304, 12.3241549 ], [ 76.6183227, 12.3241735 ], [ 76.6183777, 12.3242368 ], [ 76.6183242, 12.3242738 ], [ 76.6182107, 12.3243544 ], [ 76.6181094, 12.3244309 ], [ 76.6180721, 12.3244598 ], [ 76.6180424, 12.3244847 ], [ 76.6180319, 12.3244943 ], [ 76.6180205, 12.324508 ], [ 76.6180171, 12.3245136 ], [ 76.6180131, 12.3245219 ], [ 76.6180116, 12.3245262 ], [ 76.6180097, 12.3245372 ], [ 76.6180092, 12.3245444 ], [ 76.6180098, 12.3245551 ], [ 76.6180108, 12.3245628 ], [ 76.6180139, 12.3245731 ], [ 76.6180164, 12.324578 ], [ 76.6180213, 12.3245857 ], [ 76.6180268, 12.324593 ], [ 76.6183423, 12.3249199 ], [ 76.618411, 12.3249902 ], [ 76.6184267, 12.3250081 ], [ 76.6184372, 12.3250231 ], [ 76.6184535, 12.3250507 ], [ 76.6184612, 12.3250637 ], [ 76.6184703, 12.3250821 ], [ 76.6184785, 12.3250999 ], [ 76.6184806, 12.3251048 ], [ 76.6184889, 12.3251263 ], [ 76.6185257, 12.3252359 ], [ 76.6186797, 12.3256936 ], [ 76.6187929, 12.3260264 ], [ 76.6188594, 12.3262211 ], [ 76.6189761, 12.3262218 ], [ 76.6189712, 12.3264651 ], [ 76.6189919, 12.3272799 ], [ 76.6189939, 12.3273554 ], [ 76.6190006, 12.3276218 ], [ 76.618998, 12.328028 ], [ 76.618991, 12.3283993 ], [ 76.6189831, 12.3286093 ], [ 76.6189776, 12.328645 ], [ 76.6189699, 12.3286714 ], [ 76.6189597, 12.3287009 ], [ 76.6189387, 12.328753 ], [ 76.6189167, 12.328804 ], [ 76.6189062, 12.3288284 ], [ 76.6188975, 12.328848 ], [ 76.618721, 12.3292344 ], [ 76.6187097, 12.3292649 ], [ 76.6186952, 12.3293102 ], [ 76.61868, 12.3293825 ], [ 76.6186617, 12.3294951 ], [ 76.6186166, 12.3297816 ], [ 76.6186139, 12.3298032 ], [ 76.6185985, 12.3299119 ], [ 76.618578, 12.3300642 ], [ 76.6185232, 12.3304697 ], [ 76.618464, 12.3309166 ], [ 76.6184409, 12.3311182 ], [ 76.6184253, 12.3312908 ], [ 76.6184194, 12.3313614 ], [ 76.6184174, 12.3313879 ], [ 76.6184127, 12.3314677 ], [ 76.6184108, 12.3315193 ], [ 76.6184096, 12.3315997 ], [ 76.6184106, 12.3317889 ], [ 76.6183782, 12.3330046 ], [ 76.6183582, 12.3335109 ], [ 76.618357, 12.3335438 ], [ 76.6183552, 12.333731 ], [ 76.6183554, 12.3337513 ], [ 76.6183564, 12.3338215 ], [ 76.618362, 12.3342355 ], [ 76.6184089, 12.3364308 ], [ 76.6184365, 12.3371705 ], [ 76.6184387, 12.3372282 ], [ 76.61844, 12.3372651 ], [ 76.618445, 12.3373991 ], [ 76.6184628, 12.3378741 ], [ 76.618966, 12.3378611 ], [ 76.6193012, 12.3378525 ], [ 76.6197681, 12.3378338 ], [ 76.6207669, 12.3377939 ], [ 76.6211678, 12.3377781 ], [ 76.6220391, 12.3377431 ] ] ] } },
{ "type": "Feature", "id": 19, "properties": { "tessellate": -1, "extrude": 0, "visibility": -1, "KGISWardID": 6391, "KGISWardCode": "2605020", "KGISWardName": "Vijayanagara 1St & 2Nd Stage", "SHAPE.STArea()": 2859200.4507446298, "SHAPE.STLength()": 8123.9926403983, "OBJECTID": 20125, "KGISWardNo": "20", "KGISTownCode": "2605", "LGD_WardCode": 28825, "created_user": "SA", "created_date": 1634898537000.0, "last_edited_user": "SURESHBV", "last_edited_date": 1644824955000.0 }, "geometry": { "type": "Polygon", "coordinates": [ [ [ 76.6066552, 12.3329709 ], [ 76.6066627, 12.3329953 ], [ 76.6066863, 12.3330711 ], [ 76.6067181, 12.333174 ], [ 76.6067869, 12.333396 ], [ 76.6068487, 12.3335319 ], [ 76.6068879, 12.3336183 ], [ 76.6070127, 12.3338878 ], [ 76.6070653, 12.3340016 ], [ 76.6068863, 12.3340455 ], [ 76.6060345, 12.3342547 ], [ 76.6060224, 12.3342576 ], [ 76.6058774, 12.3342409 ], [ 76.6058522, 12.3342472 ], [ 76.6053744, 12.3343671 ], [ 76.6046847, 12.3343104 ], [ 76.6046737, 12.3344375 ], [ 76.6045185, 12.3344512 ], [ 76.6044174, 12.3344602 ], [ 76.6041421, 12.3344846 ], [ 76.604087, 12.3344894 ], [ 76.6037577, 12.3345186 ], [ 76.6035791, 12.3344034 ], [ 76.6030948, 12.3344118 ], [ 76.6029437, 12.3344997 ], [ 76.6023924, 12.3345039 ], [ 76.6016504, 12.3345219 ], [ 76.6015889, 12.3345234 ], [ 76.6010216, 12.3345371 ], [ 76.60102, 12.3347183 ], [ 76.6009857, 12.3347191 ], [ 76.6003153, 12.3347336 ], [ 76.6002747, 12.3347345 ], [ 76.6002157, 12.3347431 ], [ 76.5998958, 12.3347896 ], [ 76.5998316, 12.334799 ], [ 76.5996691, 12.3347978 ], [ 76.5995996, 12.3347973 ], [ 76.5995345, 12.3348026 ], [ 76.5994506, 12.3348095 ], [ 76.5989733, 12.3348487 ], [ 76.5987308, 12.3349322 ], [ 76.5986805, 12.3349495 ], [ 76.5986804, 12.3349851 ], [ 76.5986804, 12.3349944 ], [ 76.5986799, 12.3352385 ], [ 76.5986797, 12.3353492 ], [ 76.598685, 12.3354634 ], [ 76.5986869, 12.3355033 ], [ 76.5987105, 12.3360114 ], [ 76.5987123, 12.3360483 ], [ 76.5987621, 12.3360922 ], [ 76.5987618, 12.3360975 ], [ 76.5987518, 12.336283 ], [ 76.5989181, 12.3365626 ], [ 76.5989619, 12.3366405 ], [ 76.5989919, 12.3366938 ], [ 76.5992009, 12.3372144 ], [ 76.5993227, 12.3376028 ], [ 76.5993569, 12.3377119 ], [ 76.5994183, 12.3378861 ], [ 76.5995034, 12.338127 ], [ 76.5997397, 12.3387367 ], [ 76.5997713, 12.3388181 ], [ 76.5998594, 12.3390455 ], [ 76.5999039, 12.3391377 ], [ 76.5999257, 12.3391828 ], [ 76.6000089, 12.3393549 ], [ 76.6002241, 12.3398006 ], [ 76.6003473, 12.3400556 ], [ 76.600399, 12.3401627 ], [ 76.6005596, 12.3405158 ], [ 76.6006365, 12.3406848 ], [ 76.6008302, 12.3411106 ], [ 76.6009694, 12.3414165 ], [ 76.6010652, 12.34159 ], [ 76.6011045, 12.3416612 ], [ 76.6012072, 12.3418471 ], [ 76.6013136, 12.3420399 ], [ 76.6014875, 12.3423547 ], [ 76.6014915, 12.342362 ], [ 76.6016863, 12.3427149 ], [ 76.6017741, 12.3428738 ], [ 76.6021505, 12.3429452 ], [ 76.6022002, 12.3429547 ], [ 76.602286, 12.342971 ], [ 76.6024113, 12.3429947 ], [ 76.6026803, 12.3430477 ], [ 76.6029567, 12.3430984 ], [ 76.6029772, 12.3431022 ], [ 76.6034345, 12.3431861 ], [ 76.6036686, 12.343229 ], [ 76.6040544, 12.3432978 ], [ 76.6040776, 12.343302 ], [ 76.6041785, 12.34332 ], [ 76.604302, 12.343342 ], [ 76.6044929, 12.3433804 ], [ 76.6046064, 12.3434033 ], [ 76.6046176, 12.343406 ], [ 76.6046702, 12.343421 ], [ 76.6046901, 12.3434278 ], [ 76.6046994, 12.3434317 ], [ 76.6047069, 12.3434359 ], [ 76.6047555, 12.3434627 ], [ 76.6047782, 12.3434753 ], [ 76.6047821, 12.3434773 ], [ 76.6047829, 12.3434778 ], [ 76.6048205, 12.3435 ], [ 76.604862, 12.3435245 ], [ 76.6050158, 12.3436209 ], [ 76.6050241, 12.3436261 ], [ 76.6051638, 12.3437136 ], [ 76.6055862, 12.3439784 ], [ 76.6056123, 12.3439946 ], [ 76.6056292, 12.3440052 ], [ 76.6060809, 12.3442867 ], [ 76.6062402, 12.3441771 ], [ 76.6063847, 12.3440777 ], [ 76.6064778, 12.3440195 ], [ 76.6066595, 12.3439122 ], [ 76.6066873, 12.3438974 ], [ 76.60696, 12.3437517 ], [ 76.6069899, 12.3437355 ], [ 76.6071376, 12.3436665 ], [ 76.6073359, 12.343588 ], [ 76.6080693, 12.3433307 ], [ 76.608181, 12.3432862 ], [ 76.6082507, 12.3432547 ], [ 76.6083314, 12.3432183 ], [ 76.6083515, 12.3432089 ], [ 76.6084318, 12.3431676 ], [ 76.6084412, 12.3431627 ], [ 76.6084642, 12.3431497 ], [ 76.6084689, 12.3431469 ], [ 76.6084977, 12.3431277 ], [ 76.6085436, 12.3430934 ], [ 76.6085608, 12.34308 ], [ 76.6085991, 12.3430466 ], [ 76.6086118, 12.343034 ], [ 76.6086475, 12.3429958 ], [ 76.6086731, 12.3429674 ], [ 76.6087041, 12.3429332 ], [ 76.608732, 12.3429023 ], [ 76.608744, 12.3428904 ], [ 76.6087539, 12.3428796 ], [ 76.6090644, 12.3425088 ], [ 76.6092873, 12.3422408 ], [ 76.6094471, 12.3420422 ], [ 76.6095946, 12.3418587 ], [ 76.609644, 12.3417973 ], [ 76.6096578, 12.3417802 ], [ 76.6097321, 12.3416877 ], [ 76.6097997, 12.3416006 ], [ 76.6098681, 12.3415089 ], [ 76.6099449, 12.3414075 ], [ 76.6100794, 12.341239 ], [ 76.6100873, 12.3412301 ], [ 76.61015, 12.3411626 ], [ 76.6101639, 12.3411511 ], [ 76.6101872, 12.3411353 ], [ 76.6102108, 12.3411226 ], [ 76.6102277, 12.341115 ], [ 76.6103168, 12.3410828 ], [ 76.6104145, 12.3410518 ], [ 76.610749, 12.3409567 ], [ 76.610772, 12.3409501 ], [ 76.6108192, 12.3409367 ], [ 76.6114426, 12.340768 ], [ 76.6116919, 12.3406914 ], [ 76.6117602, 12.3406769 ], [ 76.6119272, 12.340652 ], [ 76.612532, 12.3405597 ], [ 76.6124545, 12.3400398 ], [ 76.6124576, 12.3400396 ], [ 76.612979, 12.340025 ], [ 76.6132936, 12.3400353 ], [ 76.6133917, 12.3400349 ], [ 76.6143473, 12.3400344 ], [ 76.6147982, 12.3400357 ], [ 76.6150396, 12.3400364 ], [ 76.6151439, 12.340038 ], [ 76.6151509, 12.3400382 ], [ 76.6151762, 12.3396983 ], [ 76.6151787, 12.3396648 ], [ 76.615188, 12.3395389 ], [ 76.615217, 12.3390744 ], [ 76.6152209, 12.3388375 ], [ 76.6151887, 12.3383362 ], [ 76.6151462, 12.3375033 ], [ 76.6151368, 12.3373213 ], [ 76.6153557, 12.3373153 ], [ 76.6155325, 12.3373105 ], [ 76.6164009, 12.337303 ], [ 76.6173301, 12.3372831 ], [ 76.6179373, 12.3372733 ], [ 76.6180294, 12.3372718 ], [ 76.61844, 12.3372651 ], [ 76.6184387, 12.3372282 ], [ 76.6184365, 12.3371705 ], [ 76.6184089, 12.3364308 ], [ 76.618362, 12.3342355 ], [ 76.6183564, 12.3338215 ], [ 76.6183554, 12.3337513 ], [ 76.6183552, 12.333731 ], [ 76.618357, 12.3335438 ], [ 76.6183582, 12.3335109 ], [ 76.6183782, 12.3330046 ], [ 76.6184106, 12.3317889 ], [ 76.6184096, 12.3315997 ], [ 76.6184108, 12.3315193 ], [ 76.6184127, 12.3314677 ], [ 76.6184174, 12.3313879 ], [ 76.6184194, 12.3313614 ], [ 76.6184253, 12.3312908 ], [ 76.6184409, 12.3311182 ], [ 76.618464, 12.3309166 ], [ 76.6185232, 12.3304697 ], [ 76.618578, 12.3300642 ], [ 76.6185985, 12.3299119 ], [ 76.6186139, 12.3298032 ], [ 76.6186166, 12.3297816 ], [ 76.6186617, 12.3294951 ], [ 76.61868, 12.3293825 ], [ 76.6186952, 12.3293102 ], [ 76.6187097, 12.3292649 ], [ 76.618721, 12.3292344 ], [ 76.6188975, 12.328848 ], [ 76.6189062, 12.3288284 ], [ 76.6189167, 12.328804 ], [ 76.6189387, 12.328753 ], [ 76.6189597, 12.3287009 ], [ 76.6189699, 12.3286714 ], [ 76.6189776, 12.328645 ], [ 76.6189831, 12.3286093 ], [ 76.618991, 12.3283993 ], [ 76.618998, 12.328028 ], [ 76.6190006, 12.3276218 ], [ 76.6189939, 12.3273554 ], [ 76.6189919, 12.3272799 ], [ 76.6189712, 12.3264651 ], [ 76.6189761, 12.3262218 ], [ 76.6188594, 12.3262211 ], [ 76.6187929, 12.3260264 ], [ 76.6186797, 12.3256936 ], [ 76.6185257, 12.3252359 ], [ 76.6184889, 12.3251263 ], [ 76.6184806, 12.3251048 ], [ 76.6184785, 12.3250999 ], [ 76.6184703, 12.3250821 ], [ 76.6184612, 12.3250637 ], [ 76.6184535, 12.3250507 ], [ 76.6184372, 12.3250231 ], [ 76.6184267, 12.3250081 ], [ 76.618411, 12.3249902 ], [ 76.6183423, 12.3249199 ], [ 76.6180268, 12.324593 ], [ 76.6180213, 12.3245857 ], [ 76.6180164, 12.324578 ], [ 76.6180139, 12.3245731 ], [ 76.6180108, 12.3245628 ], [ 76.6180098, 12.3245551 ], [ 76.6180092, 12.3245444 ], [ 76.6180097, 12.3245372 ], [ 76.6180116, 12.3245262 ], [ 76.6180131, 12.3245219 ], [ 76.6180171, 12.3245136 ], [ 76.6180205, 12.324508 ], [ 76.6180319, 12.3244943 ], [ 76.6180424, 12.3244847 ], [ 76.6180721, 12.3244598 ], [ 76.6181094, 12.3244309 ], [ 76.6182107, 12.3243544 ], [ 76.6183242, 12.3242738 ], [ 76.6183777, 12.3242368 ], [ 76.6183227, 12.3241735 ], [ 76.618304, 12.3241549 ], [ 76.6182981, 12.3241498 ], [ 76.6182819, 12.3241391 ], [ 76.6182749, 12.3241357 ], [ 76.6182492, 12.3241251 ], [ 76.6180429, 12.3240557 ], [ 76.617924, 12.324016 ], [ 76.6178194, 12.3239816 ], [ 76.6175951, 12.3239048 ], [ 76.617536, 12.3238838 ], [ 76.6174502, 12.3238507 ], [ 76.6173416, 12.3238043 ], [ 76.6172798, 12.3237747 ], [ 76.6172698, 12.3237684 ], [ 76.6172626, 12.3237633 ], [ 76.6172567, 12.3237578 ], [ 76.6172498, 12.3237491 ], [ 76.6172435, 12.3237387 ], [ 76.6172403, 12.3237307 ], [ 76.617237, 12.3237202 ], [ 76.6172343, 12.3237092 ], [ 76.6172323, 12.3236981 ], [ 76.6172097, 12.3235883 ], [ 76.6171847, 12.3234927 ], [ 76.6171652, 12.3234259 ], [ 76.6171252, 12.3233138 ], [ 76.6170023, 12.3229978 ], [ 76.6169875, 12.3229598 ], [ 76.6168772, 12.3226766 ], [ 76.6168076, 12.3224938 ], [ 76.6167353, 12.322304 ], [ 76.6167298, 12.3222895 ], [ 76.6163525, 12.3224914 ], [ 76.6161127, 12.322627 ], [ 76.6156326, 12.3228895 ], [ 76.6156099, 12.3229025 ], [ 76.6155868, 12.3229156 ], [ 76.6155168, 12.3229555 ], [ 76.6153183, 12.3230685 ], [ 76.6149498, 12.3232704 ], [ 76.6146972, 12.3234068 ], [ 76.6143635, 12.3235733 ], [ 76.6140344, 12.3237307 ], [ 76.6139702, 12.3237614 ], [ 76.6136237, 12.3239149 ], [ 76.613603, 12.3239241 ], [ 76.6134525, 12.3239907 ], [ 76.6132247, 12.3241 ], [ 76.6131352, 12.3241428 ], [ 76.6128812, 12.3242732 ], [ 76.6127656, 12.3243326 ], [ 76.6125942, 12.3244171 ], [ 76.612068, 12.3246769 ], [ 76.611612, 12.3249622 ], [ 76.6112794, 12.325182 ], [ 76.6106122, 12.3256911 ], [ 76.6100828, 12.3261003 ], [ 76.6098406, 12.3262875 ], [ 76.6097187, 12.3263818 ], [ 76.6086047, 12.3272392 ], [ 76.6075988, 12.3280231 ], [ 76.607587, 12.3280323 ], [ 76.6075612, 12.3280524 ], [ 76.6075339, 12.3280737 ], [ 76.6076204, 12.328258 ], [ 76.6076248, 12.3283112 ], [ 76.6076813, 12.3289919 ], [ 76.6076841, 12.3290263 ], [ 76.6077074, 12.3293065 ], [ 76.6078346, 12.3293164 ], [ 76.6079906, 12.3293284 ], [ 76.6079985, 12.3293291 ], [ 76.6079938, 12.3294983 ], [ 76.6079861, 12.3297763 ], [ 76.6079527, 12.3297692 ], [ 76.6075355, 12.3296807 ], [ 76.6075073, 12.3297412 ], [ 76.6075042, 12.3297479 ], [ 76.6074179, 12.3299385 ], [ 76.6073547, 12.3300781 ], [ 76.6073385, 12.3301146 ], [ 76.6072545, 12.3303105 ], [ 76.6072431, 12.3303372 ], [ 76.6072349, 12.3303563 ], [ 76.6072317, 12.3303639 ], [ 76.6072173, 12.3303973 ], [ 76.6072488, 12.3304466 ], [ 76.6072729, 12.3304699 ], [ 76.6072863, 12.3304722 ], [ 76.6073981, 12.3306693 ], [ 76.6074006, 12.3306737 ], [ 76.6074165, 12.3307083 ], [ 76.6075285, 12.330953 ], [ 76.6076124, 12.3314999 ], [ 76.6076138, 12.3315091 ], [ 76.6076383, 12.3315628 ], [ 76.6076596, 12.331588 ], [ 76.6075943, 12.3317098 ], [ 76.6075621, 12.3317395 ], [ 76.6073032, 12.3319793 ], [ 76.6071925, 12.3320819 ], [ 76.6071767, 12.3322033 ], [ 76.6071674, 12.3322746 ], [ 76.607136, 12.3322754 ], [ 76.606992, 12.332279 ], [ 76.6068496, 12.3322826 ], [ 76.6067906, 12.3322851 ], [ 76.606736, 12.3322875 ], [ 76.6066995, 12.332289 ], [ 76.6066244, 12.3328278 ], [ 76.6066265, 12.3328593 ], [ 76.6066414, 12.3329172 ], [ 76.6066552, 12.3329709 ] ] ] } },
{ "type": "Feature", "id": 20, "properties": { "tessellate": -1, "extrude": 0, "visibility": -1, "KGISWardID": 6394, "KGISWardCode": "2605021", "KGISWardName": "Gangothri Ward", "SHAPE.STArea()": 3904151.8273315402, "SHAPE.STLength()": 15087.551291264001, "OBJECTID": 20126, "KGISWardNo": "21", "KGISTownCode": "2605", "LGD_WardCode": 28826, "created_user": "SA", "created_date": 1634898537000.0, "last_edited_user": "SA", "last_edited_date": 1643365734000.0 }, "geometry": { "type": "Polygon", "coordinates": [ [ [ 76.6146972, 12.3234068 ], [ 76.6149498, 12.3232704 ], [ 76.6153183, 12.3230685 ], [ 76.6155168, 12.3229555 ], [ 76.6155868, 12.3229156 ], [ 76.6156099, 12.3229025 ], [ 76.6156326, 12.3228895 ], [ 76.6161127, 12.322627 ], [ 76.6163525, 12.3224914 ], [ 76.6167298, 12.3222895 ], [ 76.6168038, 12.3222488 ], [ 76.6169469, 12.3221701 ], [ 76.6169636, 12.3221646 ], [ 76.61654, 12.321574 ], [ 76.6158617, 12.3206176 ], [ 76.6152326, 12.3197247 ], [ 76.6152117, 12.3196951 ], [ 76.6150618, 12.3194823 ], [ 76.6149626, 12.3193399 ], [ 76.6149404, 12.3193082 ], [ 76.6149283, 12.3192878 ], [ 76.6149157, 12.3192621 ], [ 76.614901, 12.3192277 ], [ 76.6148927, 12.3192012 ], [ 76.6148842, 12.3191643 ], [ 76.6148773, 12.319115 ], [ 76.6148643, 12.3190072 ], [ 76.6148253, 12.3183229 ], [ 76.6148226, 12.3182642 ], [ 76.6148274, 12.3181272 ], [ 76.6148719, 12.3173752 ], [ 76.6149089, 12.3165783 ], [ 76.6149577, 12.3158345 ], [ 76.6150402, 12.3148491 ], [ 76.6151934, 12.3134113 ], [ 76.615219, 12.3132115 ], [ 76.6153602, 12.3120861 ], [ 76.615395, 12.3118088 ], [ 76.6154054, 12.3117265 ], [ 76.615539, 12.3105575 ], [ 76.6156903, 12.3092516 ], [ 76.6157132, 12.309049 ], [ 76.6158074, 12.3082182 ], [ 76.6158925, 12.3075818 ], [ 76.6159458, 12.3072244 ], [ 76.6159515, 12.3071865 ], [ 76.6163194, 12.3071457 ], [ 76.6165054, 12.3071227 ], [ 76.6165499, 12.3071172 ], [ 76.6167246, 12.3070999 ], [ 76.6167896, 12.3070976 ], [ 76.617052, 12.307095 ], [ 76.6171235, 12.3070949 ], [ 76.6171989, 12.3070967 ], [ 76.6180879, 12.3071159 ], [ 76.618181, 12.3071207 ], [ 76.6184617, 12.3071316 ], [ 76.6188671, 12.3071654 ], [ 76.6189251, 12.3071718 ], [ 76.6192807, 12.3072205 ], [ 76.6199386, 12.3073243 ], [ 76.6200171, 12.3073366 ], [ 76.6202651, 12.3073763 ], [ 76.6203933, 12.3073998 ], [ 76.6204976, 12.3074206 ], [ 76.6206886, 12.3074637 ], [ 76.6210318, 12.3075409 ], [ 76.6212763, 12.307596 ], [ 76.6214177, 12.3076211 ], [ 76.6217272, 12.3076847 ], [ 76.6219, 12.3077202 ], [ 76.6224612, 12.3078355 ], [ 76.6229455, 12.3079352 ], [ 76.6230411, 12.3079486 ], [ 76.6230894, 12.3079541 ], [ 76.6231607, 12.3079571 ], [ 76.6231796, 12.3079564 ], [ 76.623234, 12.3079525 ], [ 76.6232699, 12.307947 ], [ 76.6233115, 12.3079352 ], [ 76.623362, 12.3079191 ], [ 76.6233978, 12.3079061 ], [ 76.6234846, 12.3078668 ], [ 76.6236387, 12.3077801 ], [ 76.6238725, 12.3076368 ], [ 76.6243669, 12.3072953 ], [ 76.6249231, 12.3069249 ], [ 76.6251508, 12.3067777 ], [ 76.6251795, 12.3067592 ], [ 76.6254223, 12.3066031 ], [ 76.6254361, 12.3065942 ], [ 76.6254578, 12.3065803 ], [ 76.625519, 12.3065446 ], [ 76.6255748, 12.3065166 ], [ 76.6256277, 12.3064901 ], [ 76.6257077, 12.3064538 ], [ 76.6257268, 12.3064457 ], [ 76.6258405, 12.3064052 ], [ 76.6258522, 12.3064536 ], [ 76.6258581, 12.3064737 ], [ 76.6258607, 12.3064826 ], [ 76.6258647, 12.3064961 ], [ 76.6258762, 12.3065594 ], [ 76.6260428, 12.3074791 ], [ 76.6260617, 12.3075837 ], [ 76.6261115, 12.3078586 ], [ 76.6263041, 12.3089194 ], [ 76.6264226, 12.3096041 ], [ 76.6265349, 12.3102527 ], [ 76.6265604, 12.310398 ], [ 76.6267623, 12.3115996 ], [ 76.6268083, 12.3118732 ], [ 76.6269261, 12.3125746 ], [ 76.6271382, 12.3139316 ], [ 76.6272359, 12.3144913 ], [ 76.6272549, 12.3146003 ], [ 76.6272598, 12.3146329 ], [ 76.6273782, 12.3153345 ], [ 76.6275206, 12.3161785 ], [ 76.6275965, 12.3165528 ], [ 76.6279999, 12.3164786 ], [ 76.628311, 12.3164433 ], [ 76.6285772, 12.3164202 ], [ 76.6290684, 12.3163814 ], [ 76.6292489, 12.3163769 ], [ 76.6294721, 12.3163577 ], [ 76.6295849, 12.316346 ], [ 76.6296597, 12.3163362 ], [ 76.6297406, 12.3163226 ], [ 76.629822, 12.3163066 ], [ 76.629876, 12.316295 ], [ 76.6299005, 12.3162891 ], [ 76.629945, 12.3162784 ], [ 76.6300248, 12.316256 ], [ 76.6301474, 12.3162185 ], [ 76.6304048, 12.3161414 ], [ 76.6307078, 12.3160458 ], [ 76.6310535, 12.3159328 ], [ 76.6312689, 12.3158538 ], [ 76.6313376, 12.3158276 ], [ 76.6315316, 12.3157535 ], [ 76.6317647, 12.3156629 ], [ 76.6319472, 12.3155859 ], [ 76.6319766, 12.3155727 ], [ 76.6320031, 12.3155608 ], [ 76.6321865, 12.3154786 ], [ 76.6323542, 12.3153986 ], [ 76.6323627, 12.3153946 ], [ 76.6323844, 12.3153839 ], [ 76.6325604, 12.3152973 ], [ 76.6326313, 12.3152582 ], [ 76.6326476, 12.3152491 ], [ 76.6327226, 12.3152077 ], [ 76.6328992, 12.3151037 ], [ 76.633077, 12.3149903 ], [ 76.6331714, 12.3149167 ], [ 76.6332234, 12.314865 ], [ 76.6332886, 12.3147857 ], [ 76.6333862, 12.314638 ], [ 76.6334839, 12.3144851 ], [ 76.6336013, 12.3143014 ], [ 76.6337606, 12.3140508 ], [ 76.633868, 12.3138805 ], [ 76.6339453, 12.3137578 ], [ 76.6340725, 12.3135581 ], [ 76.6341425, 12.3134601 ], [ 76.6342509, 12.313337 ], [ 76.6342958, 12.3132991 ], [ 76.6343307, 12.3132719 ], [ 76.6343477, 12.3132608 ], [ 76.6343973, 12.3132352 ], [ 76.6344146, 12.3132281 ], [ 76.634476, 12.3132063 ], [ 76.6345366, 12.3131881 ], [ 76.6347079, 12.3131428 ], [ 76.634765, 12.3131288 ], [ 76.6348525, 12.3131074 ], [ 76.6349641, 12.3130827 ], [ 76.6351595, 12.3130393 ], [ 76.6353645, 12.3129929 ], [ 76.6359845, 12.3128525 ], [ 76.6379657, 12.3124227 ], [ 76.6384224, 12.3123236 ], [ 76.6384489, 12.3123178 ], [ 76.6384654, 12.3123142 ], [ 76.6384482, 12.3122319 ], [ 76.6382657, 12.3113147 ], [ 76.6382334, 12.3111524 ], [ 76.6381886, 12.3109448 ], [ 76.6378225, 12.309275 ], [ 76.637812, 12.3092275 ], [ 76.6375442, 12.3081703 ], [ 76.6375298, 12.3081216 ], [ 76.6375137, 12.3080762 ], [ 76.6375068, 12.3080618 ], [ 76.6374871, 12.3080231 ], [ 76.6374593, 12.3079739 ], [ 76.6374501, 12.3079576 ], [ 76.6374185, 12.3079136 ], [ 76.6373643, 12.3078471 ], [ 76.6373294, 12.307806 ], [ 76.637148, 12.3075919 ], [ 76.6371308, 12.3075711 ], [ 76.6371014, 12.3075405 ], [ 76.637057, 12.3075029 ], [ 76.6370443, 12.3074938 ], [ 76.6370092, 12.3074716 ], [ 76.6369747, 12.3074539 ], [ 76.636953, 12.3074446 ], [ 76.636877, 12.3074185 ], [ 76.6364994, 12.3073081 ], [ 76.6357651, 12.307088 ], [ 76.6357154, 12.3070727 ], [ 76.6356844, 12.30674 ], [ 76.6356154, 12.3061138 ], [ 76.6355856, 12.3058429 ], [ 76.6355058, 12.3051189 ], [ 76.6353798, 12.3040601 ], [ 76.6352963, 12.3033401 ], [ 76.635155, 12.3020559 ], [ 76.6350544, 12.300962 ], [ 76.6350468, 12.3008816 ], [ 76.6350292, 12.3008832 ], [ 76.6347518, 12.3009175 ], [ 76.6338347, 12.3010274 ], [ 76.6336687, 12.3010473 ], [ 76.6329576, 12.3011266 ], [ 76.6324845, 12.3011793 ], [ 76.6324368, 12.3011843 ], [ 76.6324412, 12.3012231 ], [ 76.632579, 12.3023899 ], [ 76.6326747, 12.3033425 ], [ 76.6327631, 12.3042215 ], [ 76.6327962, 12.3046086 ], [ 76.6303228, 12.304592 ], [ 76.6296236, 12.3046025 ], [ 76.6295593, 12.3046037 ], [ 76.6294992, 12.3040133 ], [ 76.6293721, 12.3027666 ], [ 76.629255, 12.3016168 ], [ 76.629252, 12.3015876 ], [ 76.6292459, 12.301529 ], [ 76.6279699, 12.3016718 ], [ 76.6281858, 12.3036807 ], [ 76.6267682, 12.3037785 ], [ 76.6267254, 12.3037807 ], [ 76.6267039, 12.3037818 ], [ 76.6266112, 12.3029399 ], [ 76.62625, 12.3001605 ], [ 76.6262123, 12.2998704 ], [ 76.6262055, 12.2998285 ], [ 76.6248139, 12.2999852 ], [ 76.6246854, 12.3000031 ], [ 76.6239787, 12.3001016 ], [ 76.6238566, 12.3001187 ], [ 76.6237123, 12.3001388 ], [ 76.623664, 12.3001455 ], [ 76.6235939, 12.3001532 ], [ 76.6235361, 12.3001569 ], [ 76.6234156, 12.3001563 ], [ 76.6233321, 12.3001504 ], [ 76.6232949, 12.3001448 ], [ 76.6231852, 12.3001266 ], [ 76.6230636, 12.3001007 ], [ 76.6229487, 12.3000698 ], [ 76.6228437, 12.3000333 ], [ 76.6226865, 12.299973 ], [ 76.6223573, 12.299837 ], [ 76.6216202, 12.2995229 ], [ 76.6215542, 12.2994976 ], [ 76.6214025, 12.2994392 ], [ 76.6212915, 12.2994025 ], [ 76.6211974, 12.2993741 ], [ 76.6211908, 12.2993721 ], [ 76.6210687, 12.2993404 ], [ 76.6210386, 12.2993331 ], [ 76.6209562, 12.2993132 ], [ 76.6204551, 12.2991995 ], [ 76.6204439, 12.299197 ], [ 76.6203741, 12.2991812 ], [ 76.6203474, 12.2991751 ], [ 76.6202315, 12.2998461 ], [ 76.6201612, 12.3004243 ], [ 76.6201103, 12.3008551 ], [ 76.6199479, 12.302422 ], [ 76.6191376, 12.3024116 ], [ 76.6190281, 12.3024122 ], [ 76.6189332, 12.3024128 ], [ 76.6176478, 12.3024205 ], [ 76.6173069, 12.3024211 ], [ 76.6169533, 12.3024217 ], [ 76.6166471, 12.3024222 ], [ 76.6166151, 12.3028544 ], [ 76.6166063, 12.3029733 ], [ 76.6160759, 12.3029642 ], [ 76.6153353, 12.3029569 ], [ 76.6146868, 12.3029585 ], [ 76.6144393, 12.3029591 ], [ 76.6143886, 12.3029591 ], [ 76.6136627, 12.3029692 ], [ 76.6134267, 12.3029725 ], [ 76.6131066, 12.3029614 ], [ 76.6130181, 12.3029583 ], [ 76.6128736, 12.3029583 ], [ 76.6128324, 12.3038129 ], [ 76.6128013, 12.3044593 ], [ 76.6127805, 12.3047645 ], [ 76.6127669, 12.3049851 ], [ 76.6127577, 12.3051067 ], [ 76.6127532, 12.305157 ], [ 76.6124074, 12.3051248 ], [ 76.6123747, 12.3051215 ], [ 76.6122902, 12.3051107 ], [ 76.6116079, 12.3050236 ], [ 76.6113951, 12.3049944 ], [ 76.6113719, 12.3049905 ], [ 76.6113012, 12.3049788 ], [ 76.6112695, 12.3043121 ], [ 76.6112343, 12.3035735 ], [ 76.6112321, 12.3035264 ], [ 76.6106836, 12.3035717 ], [ 76.6103615, 12.3036111 ], [ 76.6103071, 12.303619 ], [ 76.6102492, 12.3036275 ], [ 76.6102041, 12.3036368 ], [ 76.6101755, 12.3036444 ], [ 76.6101439, 12.3036556 ], [ 76.6101196, 12.3036658 ], [ 76.6100813, 12.3036846 ], [ 76.6100672, 12.3036932 ], [ 76.6100134, 12.3037229 ], [ 76.6099874, 12.303739 ], [ 76.6099461, 12.303769 ], [ 76.6099045, 12.3038014 ], [ 76.6098538, 12.3038459 ], [ 76.6097694, 12.3039245 ], [ 76.6097168, 12.3039769 ], [ 76.6096793, 12.3040178 ], [ 76.6096466, 12.3040604 ], [ 76.6096239, 12.304094 ], [ 76.6095927, 12.304153 ], [ 76.6095675, 12.3042051 ], [ 76.6095442, 12.3042596 ], [ 76.6095253, 12.3043062 ], [ 76.6095136, 12.3043351 ], [ 76.609428, 12.304544 ], [ 76.6093822, 12.3046668 ], [ 76.6093453, 12.3047656 ], [ 76.609297, 12.304896 ], [ 76.6092725, 12.3049707 ], [ 76.6092609, 12.3050099 ], [ 76.6092529, 12.305042 ], [ 76.6092405, 12.3050914 ], [ 76.6092222, 12.3051696 ], [ 76.6091907, 12.3053045 ], [ 76.6091702, 12.3054081 ], [ 76.6091657, 12.3054312 ], [ 76.6091585, 12.3054748 ], [ 76.6091292, 12.3056245 ], [ 76.6091261, 12.3056431 ], [ 76.6091216, 12.3056815 ], [ 76.6091171, 12.3057295 ], [ 76.6091168, 12.3057377 ], [ 76.6091037, 12.3059644 ], [ 76.609103, 12.306079 ], [ 76.6091034, 12.3061006 ], [ 76.6091246, 12.3064774 ], [ 76.6092308, 12.3065906 ], [ 76.6095132, 12.3068917 ], [ 76.609573, 12.3069549 ], [ 76.6096757, 12.3070634 ], [ 76.6097738, 12.3071671 ], [ 76.6098398, 12.3072258 ], [ 76.6098414, 12.307227 ], [ 76.6098739, 12.3072529 ], [ 76.6099422, 12.307303 ], [ 76.6099599, 12.3073149 ], [ 76.6100299, 12.3073573 ], [ 76.6100942, 12.3073928 ], [ 76.6101669, 12.3074329 ], [ 76.6103662, 12.3075251 ], [ 76.6104041, 12.3075461 ], [ 76.6104222, 12.3075578 ], [ 76.6104327, 12.3075668 ], [ 76.6104512, 12.3075904 ], [ 76.6104551, 12.3075966 ], [ 76.6104627, 12.3076124 ], [ 76.6104705, 12.3076367 ], [ 76.61049, 12.3077275 ], [ 76.6105102, 12.3078213 ], [ 76.6105397, 12.3079584 ], [ 76.6105465, 12.3080302 ], [ 76.6105434, 12.3080634 ], [ 76.6105349, 12.3081069 ], [ 76.6105235, 12.3081448 ], [ 76.6105124, 12.3081723 ], [ 76.6105009, 12.3081924 ], [ 76.6104752, 12.3082233 ], [ 76.6104671, 12.3082312 ], [ 76.6104435, 12.3082514 ], [ 76.6104065, 12.3082757 ], [ 76.6102955, 12.308348 ], [ 76.6101634, 12.3084339 ], [ 76.6101347, 12.3084521 ], [ 76.6100519, 12.3085045 ], [ 76.6098711, 12.3086148 ], [ 76.6098564, 12.3086225 ], [ 76.6098349, 12.3086319 ], [ 76.6098098, 12.3086394 ], [ 76.60979, 12.3086434 ], [ 76.6097456, 12.308647 ], [ 76.6094669, 12.3086554 ], [ 76.6094737, 12.3091626 ], [ 76.6094719, 12.3091855 ], [ 76.6094611, 12.3092267 ], [ 76.609388, 12.3093095 ], [ 76.6092483, 12.3094646 ], [ 76.6088881, 12.3098648 ], [ 76.6088779, 12.3098768 ], [ 76.6088172, 12.3099478 ], [ 76.6087683, 12.3100109 ], [ 76.6086348, 12.3101911 ], [ 76.6085702, 12.3102838 ], [ 76.6084826, 12.3104147 ], [ 76.6083804, 12.3105787 ], [ 76.6083277, 12.3106632 ], [ 76.6082187, 12.3108344 ], [ 76.6082144, 12.3108411 ], [ 76.6081912, 12.3108792 ], [ 76.6081739, 12.3109172 ], [ 76.608158, 12.3109643 ], [ 76.6081339, 12.3110504 ], [ 76.6080689, 12.3112898 ], [ 76.6080401, 12.3113916 ], [ 76.6080263, 12.3114392 ], [ 76.608019, 12.3114647 ], [ 76.6079985, 12.3115356 ], [ 76.607992, 12.3115581 ], [ 76.6079249, 12.3117901 ], [ 76.6079097, 12.311805 ], [ 76.6078987, 12.3118157 ], [ 76.6078605, 12.311853 ], [ 76.6077205, 12.311827 ], [ 76.6077181, 12.3118554 ], [ 76.6077143, 12.3118997 ], [ 76.6077046, 12.3120131 ], [ 76.6078307, 12.3124987 ], [ 76.6081285, 12.3131394 ], [ 76.6081818, 12.3132542 ], [ 76.608199, 12.3132912 ], [ 76.6083335, 12.3135805 ], [ 76.6083777, 12.3136756 ], [ 76.6084138, 12.3137533 ], [ 76.6085002, 12.3139362 ], [ 76.608664, 12.3142831 ], [ 76.6086096, 12.314619 ], [ 76.6086071, 12.3146338 ], [ 76.6085906, 12.314736 ], [ 76.6082846, 12.3155597 ], [ 76.6082838, 12.3158493 ], [ 76.6082837, 12.3159165 ], [ 76.6082816, 12.3166918 ], [ 76.608055, 12.3173468 ], [ 76.6080324, 12.3174123 ], [ 76.6079578, 12.3176277 ], [ 76.607958, 12.3177128 ], [ 76.6079581, 12.3177655 ], [ 76.6079592, 12.3184403 ], [ 76.6080825, 12.3188997 ], [ 76.6081608, 12.3191914 ], [ 76.6081715, 12.3192314 ], [ 76.6081962, 12.3192663 ], [ 76.6082875, 12.319395 ], [ 76.6083758, 12.3195197 ], [ 76.6084643, 12.3196445 ], [ 76.6087919, 12.3201067 ], [ 76.6088119, 12.3201199 ], [ 76.6088605, 12.320152 ], [ 76.6088799, 12.3201649 ], [ 76.6089261, 12.3201953 ], [ 76.6089321, 12.320381 ], [ 76.6089357, 12.320449 ], [ 76.6089367, 12.3204688 ], [ 76.608959, 12.3208907 ], [ 76.608962, 12.3209471 ], [ 76.6089687, 12.3210728 ], [ 76.6089586, 12.3215173 ], [ 76.608963, 12.3215989 ], [ 76.6089723, 12.3216748 ], [ 76.6090172, 12.3220411 ], [ 76.6090746, 12.3225094 ], [ 76.6090752, 12.3225141 ], [ 76.6091029, 12.3228037 ], [ 76.6091196, 12.3229787 ], [ 76.609129, 12.3230776 ], [ 76.6091558, 12.323358 ], [ 76.609333, 12.3233551 ], [ 76.6096301, 12.3233504 ], [ 76.6097076, 12.323348 ], [ 76.6104083, 12.3233267 ], [ 76.6104549, 12.3233255 ], [ 76.6108103, 12.3233165 ], [ 76.611004, 12.32331 ], [ 76.6115581, 12.3232912 ], [ 76.6117224, 12.3232902 ], [ 76.6121571, 12.3232876 ], [ 76.6123702, 12.3233163 ], [ 76.6124738, 12.3233605 ], [ 76.6125258, 12.323417 ], [ 76.6126274, 12.3236078 ], [ 76.6126753, 12.3237745 ], [ 76.6126926, 12.3238346 ], [ 76.6127, 12.323882 ], [ 76.6127224, 12.3240251 ], [ 76.6127251, 12.3240428 ], [ 76.6127583, 12.3242552 ], [ 76.6127654, 12.3243006 ], [ 76.6127658, 12.3243041 ], [ 76.6127656, 12.3243326 ], [ 76.6128812, 12.3242732 ], [ 76.6131352, 12.3241428 ], [ 76.6132247, 12.3241 ], [ 76.6134525, 12.3239907 ], [ 76.613603, 12.3239241 ], [ 76.6136237, 12.3239149 ], [ 76.6139702, 12.3237614 ], [ 76.6140344, 12.3237307 ], [ 76.6143635, 12.3235733 ], [ 76.6146972, 12.3234068 ] ] ] } },
{ "type": "Feature", "id": 21, "properties": { "tessellate": -1, "extrude": 0, "visibility": -1, "KGISWardID": 6395, "KGISWardCode": "2605022", "KGISWardName": "Padavarahalli_Vontikoppal", "SHAPE.STArea()": 465843.37237548799, "SHAPE.STLength()": 3055.52536001199, "OBJECTID": 20127, "KGISWardNo": "22", "KGISTownCode": "2605", "LGD_WardCode": 28827, "created_user": "SA", "created_date": 1634898537000.0, "last_edited_user": "SA", "last_edited_date": 1643365734000.0 }, "geometry": { "type": "Polygon", "coordinates": [ [ [ 76.6352512, 12.3211004 ], [ 76.6344655, 12.321317 ], [ 76.6337424, 12.3215163 ], [ 76.63358, 12.320706 ], [ 76.633396, 12.3197873 ], [ 76.6329449, 12.3173717 ], [ 76.6329298, 12.3172973 ], [ 76.6328777, 12.3170392 ], [ 76.6328429, 12.316867 ], [ 76.6327941, 12.3165396 ], [ 76.6327779, 12.3162519 ], [ 76.632768, 12.3159177 ], [ 76.6327625, 12.3158319 ], [ 76.6327597, 12.3157874 ], [ 76.6327593, 12.3157549 ], [ 76.6327571, 12.3155367 ], [ 76.6327535, 12.3154896 ], [ 76.6327355, 12.3154093 ], [ 76.6327021, 12.3153176 ], [ 76.6326806, 12.3152822 ], [ 76.6326476, 12.3152491 ], [ 76.6326313, 12.3152582 ], [ 76.6325604, 12.3152973 ], [ 76.6323844, 12.3153839 ], [ 76.6323627, 12.3153946 ], [ 76.6323542, 12.3153986 ], [ 76.6321865, 12.3154786 ], [ 76.6320031, 12.3155608 ], [ 76.6319766, 12.3155727 ], [ 76.6319472, 12.3155859 ], [ 76.6317647, 12.3156629 ], [ 76.6315316, 12.3157535 ], [ 76.6313376, 12.3158276 ], [ 76.6312689, 12.3158538 ], [ 76.6310535, 12.3159328 ], [ 76.6307078, 12.3160458 ], [ 76.6304048, 12.3161414 ], [ 76.6301474, 12.3162185 ], [ 76.6300248, 12.316256 ], [ 76.629945, 12.3162784 ], [ 76.6299005, 12.3162891 ], [ 76.629876, 12.316295 ], [ 76.629822, 12.3163066 ], [ 76.6297406, 12.3163226 ], [ 76.6296597, 12.3163362 ], [ 76.6295849, 12.316346 ], [ 76.6294721, 12.3163577 ], [ 76.6292489, 12.3163769 ], [ 76.6290684, 12.3163814 ], [ 76.6285772, 12.3164202 ], [ 76.628311, 12.3164433 ], [ 76.6279999, 12.3164786 ], [ 76.6275965, 12.3165528 ], [ 76.6275986, 12.3165691 ], [ 76.627604, 12.3166131 ], [ 76.6276374, 12.3168247 ], [ 76.6277548, 12.3175676 ], [ 76.6278208, 12.3178844 ], [ 76.6278278, 12.317917 ], [ 76.6278856, 12.3181844 ], [ 76.6281478, 12.3194751 ], [ 76.6282068, 12.3198265 ], [ 76.628327, 12.320543 ], [ 76.6283448, 12.3206491 ], [ 76.6283859, 12.3209449 ], [ 76.6285057, 12.3216374 ], [ 76.6291083, 12.3221758 ], [ 76.6291632, 12.3222274 ], [ 76.6317522, 12.3246625 ], [ 76.6328367, 12.3235714 ], [ 76.6331969, 12.3231996 ], [ 76.6337341, 12.3226452 ], [ 76.6345304, 12.3218344 ], [ 76.6351526, 12.3212008 ], [ 76.6352253, 12.3211267 ], [ 76.6352512, 12.3211004 ] ] ] } },
{ "type": "Feature", "id": 22, "properties": { "tessellate": -1, "extrude": 0, "visibility": -1, "KGISWardID": 6398, "KGISWardCode": "2605023", "KGISWardName": "Subbarayanakere", "SHAPE.STArea()": 1955106.55926514, "SHAPE.STLength()": 9344.5192401644599, "OBJECTID": 20128, "KGISWardNo": "23", "KGISTownCode": "2605", "LGD_WardCode": 28828, "created_user": "SA", "created_date": 1634898537000.0, "last_edited_user": "SA", "last_edited_date": 1643365734000.0 }, "geometry": { "type": "Polygon", "coordinates": [ [ [ 76.6446793, 12.3133766 ], [ 76.6449492, 12.3132892 ], [ 76.6449637, 12.313372 ], [ 76.6449726, 12.3134225 ], [ 76.6452666, 12.3150713 ], [ 76.6453229, 12.3150655 ], [ 76.6462748, 12.3149831 ], [ 76.6473713, 12.3148683 ], [ 76.6478475, 12.3148215 ], [ 76.6484871, 12.3147586 ], [ 76.6488885, 12.3147175 ], [ 76.6503434, 12.3145581 ], [ 76.6513225, 12.3144509 ], [ 76.6518042, 12.3129398 ], [ 76.6518482, 12.3128021 ], [ 76.6520161, 12.3122412 ], [ 76.6514259, 12.3120792 ], [ 76.6513669, 12.312064 ], [ 76.6513237, 12.3120563 ], [ 76.6512784, 12.3120511 ], [ 76.6511837, 12.3120427 ], [ 76.6509443, 12.3120298 ], [ 76.6508598, 12.3120318 ], [ 76.6506604, 12.3120366 ], [ 76.6505417, 12.3120404 ], [ 76.6504552, 12.3120488 ], [ 76.6503231, 12.3120651 ], [ 76.6501973, 12.3120823 ], [ 76.6500541, 12.3121019 ], [ 76.6495007, 12.3121837 ], [ 76.6492248, 12.3122246 ], [ 76.6491947, 12.3122285 ], [ 76.6490785, 12.3122451 ], [ 76.6489645, 12.3122637 ], [ 76.6488628, 12.3122819 ], [ 76.6488337, 12.312287 ], [ 76.6488061, 12.3122938 ], [ 76.6487343, 12.3123152 ], [ 76.6483688, 12.3124419 ], [ 76.6483186, 12.3124593 ], [ 76.6481965, 12.3118021 ], [ 76.648129, 12.3114388 ], [ 76.646721, 12.3117381 ], [ 76.6466593, 12.3116593 ], [ 76.6466398, 12.3116343 ], [ 76.6466076, 12.3115896 ], [ 76.6465843, 12.3115524 ], [ 76.6465663, 12.3115187 ], [ 76.6465361, 12.3114491 ], [ 76.6465021, 12.3113548 ], [ 76.6464639, 12.3112341 ], [ 76.6464167, 12.3110578 ], [ 76.646415, 12.3110515 ], [ 76.6463946, 12.3109648 ], [ 76.6463587, 12.3108118 ], [ 76.6463507, 12.3107654 ], [ 76.646333, 12.3106628 ], [ 76.6474831, 12.3104187 ], [ 76.6482207, 12.3102644 ], [ 76.6484548, 12.3102154 ], [ 76.6491318, 12.3100819 ], [ 76.6498265, 12.3099449 ], [ 76.6508895, 12.3097158 ], [ 76.6511926, 12.3096505 ], [ 76.6520899, 12.3094571 ], [ 76.6521946, 12.3094368 ], [ 76.6522424, 12.3094266 ], [ 76.6524306, 12.3093865 ], [ 76.6525615, 12.3094217 ], [ 76.6526868, 12.3094531 ], [ 76.6528998, 12.3095065 ], [ 76.6529509, 12.3093273 ], [ 76.6529898, 12.309191 ], [ 76.6530172, 12.309095 ], [ 76.6530314, 12.3090343 ], [ 76.6530782, 12.3088333 ], [ 76.6531181, 12.3086621 ], [ 76.653104, 12.3085227 ], [ 76.6530877, 12.3084102 ], [ 76.6529638, 12.3078072 ], [ 76.6527147, 12.306928 ], [ 76.6526642, 12.3067432 ], [ 76.6526356, 12.3066307 ], [ 76.652599, 12.3064869 ], [ 76.6525748, 12.306392 ], [ 76.6525176, 12.3061308 ], [ 76.6524881, 12.3060043 ], [ 76.6524106, 12.3056262 ], [ 76.6523927, 12.3055341 ], [ 76.6523884, 12.305504 ], [ 76.6523612, 12.3053109 ], [ 76.6523303, 12.3050413 ], [ 76.6522526, 12.3050476 ], [ 76.6517838, 12.3051245 ], [ 76.6508382, 12.3052796 ], [ 76.6498984, 12.3054278 ], [ 76.6497025, 12.3054586 ], [ 76.6493633, 12.3055121 ], [ 76.6493596, 12.3054867 ], [ 76.6493545, 12.3054516 ], [ 76.6493159, 12.3050821 ], [ 76.6492865, 12.3047997 ], [ 76.6492436, 12.3044577 ], [ 76.6492394, 12.3044264 ], [ 76.6492291, 12.3040818 ], [ 76.6492264, 12.3039892 ], [ 76.6492248, 12.3039067 ], [ 76.6492221, 12.3035981 ], [ 76.6492291, 12.3030242 ], [ 76.649224, 12.3028247 ], [ 76.649205, 12.3025758 ], [ 76.6491669, 12.3020767 ], [ 76.6491484, 12.3018551 ], [ 76.6486679, 12.3019139 ], [ 76.6480162, 12.3019937 ], [ 76.6459438, 12.3022694 ], [ 76.6452089, 12.3023629 ], [ 76.6434227, 12.3025902 ], [ 76.6432992, 12.3026094 ], [ 76.643244, 12.302618 ], [ 76.6432271, 12.3026206 ], [ 76.6432386, 12.3027103 ], [ 76.6432509, 12.3027985 ], [ 76.6432548, 12.3028262 ], [ 76.6432987, 12.3031402 ], [ 76.6433406, 12.3034304 ], [ 76.6433701, 12.3036338 ], [ 76.6434997, 12.3044475 ], [ 76.6435245, 12.3046033 ], [ 76.64353, 12.3046376 ], [ 76.6436397, 12.3053755 ], [ 76.6437925, 12.3063196 ], [ 76.6439401, 12.3072199 ], [ 76.6440379, 12.3077704 ], [ 76.6440425, 12.3077962 ], [ 76.6440549, 12.3078666 ], [ 76.6441347, 12.308319 ], [ 76.6442242, 12.3088944 ], [ 76.6443752, 12.3098661 ], [ 76.6444252, 12.3101874 ], [ 76.6445037, 12.3106916 ], [ 76.6445473, 12.3109941 ], [ 76.6428336, 12.3113619 ], [ 76.6426418, 12.3114027 ], [ 76.6420129, 12.3115364 ], [ 76.641174, 12.3117149 ], [ 76.6403357, 12.3118983 ], [ 76.6393738, 12.3121016 ], [ 76.6384803, 12.312311 ], [ 76.6384654, 12.3123142 ], [ 76.6384489, 12.3123178 ], [ 76.6384224, 12.3123236 ], [ 76.6379657, 12.3124227 ], [ 76.6359845, 12.3128525 ], [ 76.6353645, 12.3129929 ], [ 76.6351595, 12.3130393 ], [ 76.6349641, 12.3130827 ], [ 76.6348525, 12.3131074 ], [ 76.634765, 12.3131288 ], [ 76.6347079, 12.3131428 ], [ 76.6345366, 12.3131881 ], [ 76.634476, 12.3132063 ], [ 76.6344146, 12.3132281 ], [ 76.6343973, 12.3132352 ], [ 76.6343477, 12.3132608 ], [ 76.6343307, 12.3132719 ], [ 76.6342958, 12.3132991 ], [ 76.6342509, 12.313337 ], [ 76.6341425, 12.3134601 ], [ 76.6340725, 12.3135581 ], [ 76.6339453, 12.3137578 ], [ 76.633868, 12.3138805 ], [ 76.6337606, 12.3140508 ], [ 76.6336013, 12.3143014 ], [ 76.6334839, 12.3144851 ], [ 76.6333862, 12.314638 ], [ 76.6332886, 12.3147857 ], [ 76.6332234, 12.314865 ], [ 76.6331714, 12.3149167 ], [ 76.633077, 12.3149903 ], [ 76.6328992, 12.3151037 ], [ 76.6327226, 12.3152077 ], [ 76.6326476, 12.3152491 ], [ 76.6326806, 12.3152822 ], [ 76.6327021, 12.3153176 ], [ 76.6327355, 12.3154093 ], [ 76.6327535, 12.3154896 ], [ 76.6327571, 12.3155367 ], [ 76.6327593, 12.3157549 ], [ 76.6327597, 12.3157874 ], [ 76.6327625, 12.3158319 ], [ 76.632768, 12.3159177 ], [ 76.6327779, 12.3162519 ], [ 76.6327941, 12.3165396 ], [ 76.6328429, 12.316867 ], [ 76.6328777, 12.3170392 ], [ 76.6329298, 12.3172973 ], [ 76.6329449, 12.3173717 ], [ 76.633396, 12.3197873 ], [ 76.63358, 12.320706 ], [ 76.6337424, 12.3215163 ], [ 76.6344655, 12.321317 ], [ 76.6352512, 12.3211004 ], [ 76.635855, 12.3208995 ], [ 76.6369316, 12.3205905 ], [ 76.6375234, 12.3204045 ], [ 76.6384962, 12.3200931 ], [ 76.6385569, 12.3200737 ], [ 76.6386734, 12.3200369 ], [ 76.6393129, 12.3198352 ], [ 76.6398881, 12.3196475 ], [ 76.6402604, 12.3195216 ], [ 76.6407418, 12.3193452 ], [ 76.641113, 12.3192008 ], [ 76.642091, 12.3187908 ], [ 76.6422949, 12.3186977 ], [ 76.6423073, 12.3186912 ], [ 76.6423879, 12.3186463 ], [ 76.6425395, 12.3185587 ], [ 76.6426611, 12.318478 ], [ 76.642745, 12.3184173 ], [ 76.6428036, 12.3183628 ], [ 76.6428251, 12.3183419 ], [ 76.6428514, 12.3183165 ], [ 76.6428911, 12.318268 ], [ 76.6429292, 12.3182091 ], [ 76.6429402, 12.318192 ], [ 76.6429835, 12.3181217 ], [ 76.6430268, 12.3180365 ], [ 76.6430645, 12.3179481 ], [ 76.643085, 12.3178863 ], [ 76.6431009, 12.3178258 ], [ 76.6431085, 12.3177873 ], [ 76.6431119, 12.3177445 ], [ 76.6431149, 12.3176808 ], [ 76.6431205, 12.3171019 ], [ 76.6431254, 12.3166891 ], [ 76.64313, 12.3163016 ], [ 76.6431299, 12.3162559 ], [ 76.6431295, 12.315936 ], [ 76.6431292, 12.3157545 ], [ 76.6431343, 12.3152978 ], [ 76.6431346, 12.3149362 ], [ 76.643137, 12.3148442 ], [ 76.6431379, 12.3148264 ], [ 76.6431424, 12.3147803 ], [ 76.6431509, 12.3147213 ], [ 76.6431598, 12.3146772 ], [ 76.6431664, 12.3146532 ], [ 76.6431867, 12.3146 ], [ 76.6432228, 12.3145196 ], [ 76.6432495, 12.3144719 ], [ 76.6432954, 12.314402 ], [ 76.6433422, 12.3143342 ], [ 76.643369, 12.3142977 ], [ 76.6434135, 12.3142431 ], [ 76.6434709, 12.3141759 ], [ 76.6437488, 12.3138801 ], [ 76.643904, 12.3137536 ], [ 76.6439551, 12.3137158 ], [ 76.6439879, 12.3136944 ], [ 76.64404, 12.313663 ], [ 76.6440802, 12.3136401 ], [ 76.6442168, 12.3135622 ], [ 76.6443056, 12.3135196 ], [ 76.6443456, 12.3135019 ], [ 76.644418, 12.3134722 ], [ 76.6444991, 12.3134407 ], [ 76.6445962, 12.3134053 ], [ 76.6446793, 12.3133766 ] ] ] } },
{ "type": "Feature", "id": 23, "properties": { "tessellate": -1, "extrude": 0, "visibility": -1, "KGISWardID": 6399, "KGISWardCode": "2605024", "KGISWardName": "Mandi Mohalla", "SHAPE.STArea()": 726629.88562011695, "SHAPE.STLength()": 7328.4497703997604, "OBJECTID": 20129, "KGISWardNo": "24", "KGISTownCode": "2605", "LGD_WardCode": 28829, "created_user": "SA", "created_date": 1634898537000.0, "last_edited_user": "SA", "last_edited_date": 1643365734000.0 }, "geometry": { "type": "Polygon", "coordinates": [ [ [ 76.6450966, 12.3248117 ], [ 76.6455165, 12.3236611 ], [ 76.645712, 12.3231284 ], [ 76.6457422, 12.3230522 ], [ 76.6458499, 12.3228457 ], [ 76.6461148, 12.3223384 ], [ 76.6462127, 12.3222041 ], [ 76.6469117, 12.3212457 ], [ 76.6470433, 12.3210651 ], [ 76.6477546, 12.320067 ], [ 76.647787, 12.3200152 ], [ 76.6483107, 12.3200202 ], [ 76.6483319, 12.3200204 ], [ 76.6497767, 12.320034 ], [ 76.651064, 12.3199946 ], [ 76.6516907, 12.3199754 ], [ 76.6518216, 12.3199636 ], [ 76.6526704, 12.3198873 ], [ 76.6528389, 12.3198721 ], [ 76.6528379, 12.3198457 ], [ 76.6528298, 12.3196157 ], [ 76.6528126, 12.3191296 ], [ 76.6527683, 12.3180574 ], [ 76.6527675, 12.3180506 ], [ 76.6528094, 12.3180473 ], [ 76.6530474, 12.3180286 ], [ 76.6533477, 12.3180049 ], [ 76.6533824, 12.3180022 ], [ 76.6534257, 12.3179983 ], [ 76.6536406, 12.3179787 ], [ 76.6536912, 12.317974 ], [ 76.6537146, 12.3179719 ], [ 76.6537254, 12.3179709 ], [ 76.653737, 12.3179699 ], [ 76.6538595, 12.3179587 ], [ 76.6540699, 12.3179395 ], [ 76.6541068, 12.317936 ], [ 76.6542213, 12.3179203 ], [ 76.6545512, 12.317875 ], [ 76.6547317, 12.3189269 ], [ 76.6547595, 12.3189216 ], [ 76.6550831, 12.3188607 ], [ 76.655274, 12.3188248 ], [ 76.6553819, 12.3188045 ], [ 76.6558274, 12.318742 ], [ 76.6560363, 12.3187209 ], [ 76.6562265, 12.3187047 ], [ 76.656339, 12.3186897 ], [ 76.6563551, 12.3186871 ], [ 76.6564171, 12.3186747 ], [ 76.6569547, 12.3185668 ], [ 76.6570088, 12.3185563 ], [ 76.6571078, 12.3185371 ], [ 76.6574174, 12.318477 ], [ 76.6573976, 12.3183134 ], [ 76.6573863, 12.31822 ], [ 76.6584017, 12.3181588 ], [ 76.6594041, 12.3180805 ], [ 76.6594164, 12.3180472 ], [ 76.6594222, 12.3180297 ], [ 76.6594292, 12.3180085 ], [ 76.6594394, 12.317971 ], [ 76.6594493, 12.3179283 ], [ 76.6594602, 12.3178703 ], [ 76.6594697, 12.3178241 ], [ 76.6594804, 12.3177619 ], [ 76.6594828, 12.3177438 ], [ 76.6594843, 12.3177236 ], [ 76.6594844, 12.3176797 ], [ 76.6594835, 12.3176699 ], [ 76.6594798, 12.3176311 ], [ 76.6594777, 12.3176086 ], [ 76.6594672, 12.3174972 ], [ 76.6594423, 12.3172321 ], [ 76.6593532, 12.3164576 ], [ 76.6593265, 12.3162247 ], [ 76.6593207, 12.3161693 ], [ 76.6584882, 12.3163407 ], [ 76.6577617, 12.3164903 ], [ 76.6577489, 12.3164929 ], [ 76.6576351, 12.3165164 ], [ 76.6576057, 12.3165224 ], [ 76.6575897, 12.3165257 ], [ 76.6577425, 12.3172399 ], [ 76.6572504, 12.3173563 ], [ 76.6572131, 12.3173651 ], [ 76.6570846, 12.3167159 ], [ 76.6569594, 12.3160827 ], [ 76.6564011, 12.3161645 ], [ 76.6563113, 12.3161777 ], [ 76.6552584, 12.3163372 ], [ 76.6547775, 12.3164101 ], [ 76.6545127, 12.3164511 ], [ 76.6543812, 12.3164719 ], [ 76.6543542, 12.3164761 ], [ 76.6539546, 12.3165382 ], [ 76.6528545, 12.316701 ], [ 76.6524689, 12.3167581 ], [ 76.6518944, 12.3168429 ], [ 76.6516605, 12.3168762 ], [ 76.6516494, 12.3168778 ], [ 76.6516494, 12.3168883 ], [ 76.651702, 12.3173029 ], [ 76.6517183, 12.3174709 ], [ 76.6518044, 12.318045 ], [ 76.6518312, 12.318224 ], [ 76.6518351, 12.3182499 ], [ 76.6513, 12.3183273 ], [ 76.6508471, 12.3184032 ], [ 76.6508407, 12.3184048 ], [ 76.6508259, 12.3184106 ], [ 76.6508169, 12.3184163 ], [ 76.6508136, 12.3184202 ], [ 76.650811, 12.3184259 ], [ 76.6508087, 12.3184359 ], [ 76.6508037, 12.3184747 ], [ 76.650803, 12.318488 ], [ 76.6507826, 12.3184895 ], [ 76.650415, 12.3185174 ], [ 76.6501787, 12.3185436 ], [ 76.6488198, 12.3186917 ], [ 76.6492435, 12.3181252 ], [ 76.6498033, 12.317354 ], [ 76.6499168, 12.3171965 ], [ 76.650117, 12.3169113 ], [ 76.6502774, 12.3166601 ], [ 76.6504057, 12.3164561 ], [ 76.6505095, 12.3162877 ], [ 76.6506509, 12.3160335 ], [ 76.6508598, 12.315628 ], [ 76.6509257, 12.3154857 ], [ 76.6509949, 12.3153158 ], [ 76.6513225, 12.3144509 ], [ 76.6503434, 12.3145581 ], [ 76.6488885, 12.3147175 ], [ 76.6484871, 12.3147586 ], [ 76.6478475, 12.3148215 ], [ 76.6473713, 12.3148683 ], [ 76.6462748, 12.3149831 ], [ 76.6453229, 12.3150655 ], [ 76.6452666, 12.3150713 ], [ 76.6449726, 12.3134225 ], [ 76.6449637, 12.313372 ], [ 76.6449492, 12.3132892 ], [ 76.6446793, 12.3133766 ], [ 76.6445962, 12.3134053 ], [ 76.6444991, 12.3134407 ], [ 76.644418, 12.3134722 ], [ 76.6443456, 12.3135019 ], [ 76.6443056, 12.3135196 ], [ 76.6442168, 12.3135622 ], [ 76.6440802, 12.3136401 ], [ 76.64404, 12.313663 ], [ 76.6439879, 12.3136944 ], [ 76.6439551, 12.3137158 ], [ 76.643904, 12.3137536 ], [ 76.6437488, 12.3138801 ], [ 76.6434709, 12.3141759 ], [ 76.6434135, 12.3142431 ], [ 76.643369, 12.3142977 ], [ 76.6433422, 12.3143342 ], [ 76.6432954, 12.314402 ], [ 76.6432495, 12.3144719 ], [ 76.6432228, 12.3145196 ], [ 76.6431867, 12.3146 ], [ 76.6431664, 12.3146532 ], [ 76.6431598, 12.3146772 ], [ 76.6431509, 12.3147213 ], [ 76.6431424, 12.3147803 ], [ 76.6431379, 12.3148264 ], [ 76.643137, 12.3148442 ], [ 76.6431346, 12.3149362 ], [ 76.6431343, 12.3152978 ], [ 76.6431292, 12.3157545 ], [ 76.6431295, 12.315936 ], [ 76.6431299, 12.3162559 ], [ 76.6450838, 12.3175507 ], [ 76.6461364, 12.3182901 ], [ 76.6462532, 12.3183722 ], [ 76.6463389, 12.3184428 ], [ 76.6458088, 12.3194981 ], [ 76.6457616, 12.3196021 ], [ 76.6455557, 12.3199593 ], [ 76.6453881, 12.3202165 ], [ 76.6453458, 12.3202809 ], [ 76.6453391, 12.3202911 ], [ 76.6453142, 12.3203291 ], [ 76.6449342, 12.3209085 ], [ 76.6448788, 12.3209875 ], [ 76.6447804, 12.3211277 ], [ 76.6447738, 12.321136 ], [ 76.6444638, 12.3215314 ], [ 76.644341, 12.3216634 ], [ 76.6438519, 12.3221891 ], [ 76.6437367, 12.3223264 ], [ 76.6436382, 12.3224439 ], [ 76.6434613, 12.3226764 ], [ 76.6434534, 12.3226868 ], [ 76.6433796, 12.3227906 ], [ 76.6433462, 12.3228436 ], [ 76.6432737, 12.3229693 ], [ 76.643226, 12.3230576 ], [ 76.6431643, 12.3231804 ], [ 76.6431311, 12.3232497 ], [ 76.6430842, 12.3233588 ], [ 76.6430359, 12.3234798 ], [ 76.6429912, 12.3235916 ], [ 76.6429485, 12.3237092 ], [ 76.6429117, 12.3238132 ], [ 76.6428581, 12.3239687 ], [ 76.6428327, 12.3240586 ], [ 76.6428222, 12.3241016 ], [ 76.6428017, 12.3242059 ], [ 76.64278, 12.3243325 ], [ 76.6427617, 12.3244776 ], [ 76.6427443, 12.3246151 ], [ 76.6438805, 12.3247986 ], [ 76.6440562, 12.3245063 ], [ 76.6446497, 12.324679 ], [ 76.6448666, 12.3247421 ], [ 76.6450707, 12.3248028 ], [ 76.6450966, 12.3248117 ] ] ] } },
{ "type": "Feature", "id": 24, "properties": { "tessellate": -1, "extrude": 0, "visibility": -1, "KGISWardID": 6402, "KGISWardCode": "2605025", "KGISWardName": "Thilaknagara", "SHAPE.STArea()": 585594.05987548805, "SHAPE.STLength()": 4236.4081700193501, "OBJECTID": 20130, "KGISWardNo": "25", "KGISTownCode": "2605", "LGD_WardCode": 28830, "created_user": "SA", "created_date": 1634898537000.0, "last_edited_user": "SA", "last_edited_date": 1643365734000.0 }, "geometry": { "type": "Polygon", "coordinates": [ [ [ 76.6506482, 12.322925 ], [ 76.6506609, 12.322924 ], [ 76.6508212, 12.3229341 ], [ 76.6509295, 12.3229409 ], [ 76.6515778, 12.3229875 ], [ 76.6525131, 12.3230437 ], [ 76.6530088, 12.3230735 ], [ 76.6530097, 12.3230651 ], [ 76.6530118, 12.3230464 ], [ 76.6530613, 12.3225106 ], [ 76.6530786, 12.3223228 ], [ 76.6530958, 12.3221371 ], [ 76.6536805, 12.3221069 ], [ 76.6536632, 12.3217984 ], [ 76.6536617, 12.3217712 ], [ 76.653657, 12.3216876 ], [ 76.6536537, 12.3216202 ], [ 76.6536769, 12.3214644 ], [ 76.65369, 12.3213771 ], [ 76.6536901, 12.3213766 ], [ 76.6541367, 12.3213758 ], [ 76.6541694, 12.3213758 ], [ 76.6539905, 12.3212478 ], [ 76.6533332, 12.3207774 ], [ 76.6532915, 12.3207453 ], [ 76.6532494, 12.3207149 ], [ 76.6536467, 12.3207078 ], [ 76.6537169, 12.3207051 ], [ 76.6537257, 12.31986 ], [ 76.6537603, 12.3198604 ], [ 76.6538367, 12.3198612 ], [ 76.6538316, 12.3193742 ], [ 76.6538311, 12.3193256 ], [ 76.6538287, 12.3190987 ], [ 76.6538285, 12.3190813 ], [ 76.6538804, 12.3190841 ], [ 76.6538574, 12.3188153 ], [ 76.6538479, 12.3187404 ], [ 76.6538431, 12.3187021 ], [ 76.6538022, 12.3184623 ], [ 76.6537254, 12.3179709 ], [ 76.6537146, 12.3179719 ], [ 76.6536912, 12.317974 ], [ 76.6536406, 12.3179787 ], [ 76.6534257, 12.3179983 ], [ 76.6533824, 12.3180022 ], [ 76.6533477, 12.3180049 ], [ 76.6530474, 12.3180286 ], [ 76.6528094, 12.3180473 ], [ 76.6527675, 12.3180506 ], [ 76.6527683, 12.3180574 ], [ 76.6528126, 12.3191296 ], [ 76.6528298, 12.3196157 ], [ 76.6528379, 12.3198457 ], [ 76.6528389, 12.3198721 ], [ 76.6526704, 12.3198873 ], [ 76.6518216, 12.3199636 ], [ 76.6516907, 12.3199754 ], [ 76.651064, 12.3199946 ], [ 76.6497767, 12.320034 ], [ 76.6483319, 12.3200204 ], [ 76.6483107, 12.3200202 ], [ 76.647787, 12.3200152 ], [ 76.6477546, 12.320067 ], [ 76.6470433, 12.3210651 ], [ 76.6469117, 12.3212457 ], [ 76.6462127, 12.3222041 ], [ 76.6461148, 12.3223384 ], [ 76.6458499, 12.3228457 ], [ 76.6457422, 12.3230522 ], [ 76.645712, 12.3231284 ], [ 76.6455165, 12.3236611 ], [ 76.6450966, 12.3248117 ], [ 76.6449361, 12.3254188 ], [ 76.6448896, 12.3256015 ], [ 76.6448146, 12.3259192 ], [ 76.6447589, 12.3261874 ], [ 76.6447266, 12.3263798 ], [ 76.6447099, 12.3265403 ], [ 76.6446961, 12.3267112 ], [ 76.644677, 12.3269697 ], [ 76.6446721, 12.3271778 ], [ 76.6446721, 12.3273277 ], [ 76.6446721, 12.3273279 ], [ 76.6446721, 12.3273378 ], [ 76.6446723, 12.3275969 ], [ 76.6447272, 12.3281897 ], [ 76.6447425, 12.3282987 ], [ 76.6447872, 12.3286172 ], [ 76.64481, 12.328743 ], [ 76.6448511, 12.3289042 ], [ 76.6448732, 12.3289753 ], [ 76.6449793, 12.3292766 ], [ 76.6450106, 12.3293655 ], [ 76.645101, 12.3296225 ], [ 76.6452937, 12.3300613 ], [ 76.6453558, 12.3301889 ], [ 76.645376, 12.3302262 ], [ 76.6454056, 12.3302778 ], [ 76.6454483, 12.330352 ], [ 76.6455321, 12.3304874 ], [ 76.6455527, 12.3305206 ], [ 76.6455608, 12.3305337 ], [ 76.6455681, 12.3305456 ], [ 76.6456233, 12.3306347 ], [ 76.6456306, 12.3306448 ], [ 76.6456786, 12.3307109 ], [ 76.6456918, 12.330695 ], [ 76.6457174, 12.3306642 ], [ 76.646052, 12.3304025 ], [ 76.6464854, 12.330092 ], [ 76.6465531, 12.3300475 ], [ 76.6470562, 12.3297177 ], [ 76.6471057, 12.3296046 ], [ 76.6474333, 12.328941 ], [ 76.6478711, 12.3280544 ], [ 76.6480991, 12.3276167 ], [ 76.6481877, 12.3274467 ], [ 76.648632, 12.326594 ], [ 76.6487707, 12.3263278 ], [ 76.6489724, 12.3259406 ], [ 76.6491228, 12.3256405 ], [ 76.6493609, 12.3251694 ], [ 76.6499925, 12.3240083 ], [ 76.6501763, 12.3236614 ], [ 76.6502043, 12.3236088 ], [ 76.6504083, 12.3232239 ], [ 76.6504091, 12.3232224 ], [ 76.6504493, 12.3231567 ], [ 76.650528, 12.3230227 ], [ 76.6505455, 12.3229991 ], [ 76.6505506, 12.3229935 ], [ 76.6505649, 12.3229784 ], [ 76.6505802, 12.3229621 ], [ 76.6505972, 12.3229442 ], [ 76.6506127, 12.3229322 ], [ 76.6506174, 12.3229293 ], [ 76.6506235, 12.3229274 ], [ 76.650638, 12.3229252 ], [ 76.6506477, 12.322925 ], [ 76.6506482, 12.322925 ] ] ] } },
{ "type": "Feature", "id": 25, "properties": { "tessellate": -1, "extrude": 0, "visibility": -1, "KGISWardID": 6403, "KGISWardCode": "2605026", "KGISWardName": "Meenabazaar", "SHAPE.STArea()": 569384.351745605, "SHAPE.STLength()": 4461.9363544320704, "OBJECTID": 20131, "KGISWardNo": "26", "KGISTownCode": "2605", "LGD_WardCode": 28831, "created_user": "SA", "created_date": 1634898537000.0, "last_edited_user": "SA", "last_edited_date": 1643365734000.0 }, "geometry": { "type": "Polygon", "coordinates": [ [ [ 76.6577346, 12.3296854 ], [ 76.6577168, 12.3296492 ], [ 76.657682, 12.3295801 ], [ 76.6576445, 12.3295053 ], [ 76.6576127, 12.329442 ], [ 76.6575594, 12.3293359 ], [ 76.6575006, 12.329219 ], [ 76.6574936, 12.329205 ], [ 76.6574776, 12.3291748 ], [ 76.657402, 12.3290027 ], [ 76.6573343, 12.3288484 ], [ 76.6572973, 12.3287525 ], [ 76.6569959, 12.3279711 ], [ 76.6568864, 12.3276474 ], [ 76.6567664, 12.3272341 ], [ 76.6566846, 12.3269955 ], [ 76.6565983, 12.3267607 ], [ 76.6564249, 12.3263417 ], [ 76.6564045, 12.326295 ], [ 76.6563677, 12.3262292 ], [ 76.6563045, 12.3261317 ], [ 76.656122, 12.3259062 ], [ 76.655794, 12.32552 ], [ 76.6557385, 12.3254609 ], [ 76.6556124, 12.3253266 ], [ 76.6555943, 12.3252273 ], [ 76.655508, 12.3248118 ], [ 76.6554162, 12.3243697 ], [ 76.6559307, 12.3242351 ], [ 76.6567306, 12.3240386 ], [ 76.6567231, 12.3239599 ], [ 76.6566413, 12.3232474 ], [ 76.6569087, 12.3232187 ], [ 76.6569088, 12.3232187 ], [ 76.6573195, 12.323184 ], [ 76.6573601, 12.3231795 ], [ 76.6581321, 12.3231124 ], [ 76.6582455, 12.3231026 ], [ 76.6582416, 12.3230812 ], [ 76.6581923, 12.3228035 ], [ 76.657955, 12.3214671 ], [ 76.6579165, 12.3212598 ], [ 76.6578893, 12.3211131 ], [ 76.6576179, 12.3196488 ], [ 76.6576091, 12.3196015 ], [ 76.6575277, 12.3191624 ], [ 76.6574174, 12.318477 ], [ 76.6571078, 12.3185371 ], [ 76.6570088, 12.3185563 ], [ 76.6569547, 12.3185668 ], [ 76.6564171, 12.3186747 ], [ 76.6563551, 12.3186871 ], [ 76.656339, 12.3186897 ], [ 76.6562265, 12.3187047 ], [ 76.6560363, 12.3187209 ], [ 76.6558274, 12.318742 ], [ 76.6553819, 12.3188045 ], [ 76.655274, 12.3188248 ], [ 76.6550831, 12.3188607 ], [ 76.6547595, 12.3189216 ], [ 76.6547317, 12.3189269 ], [ 76.6545512, 12.317875 ], [ 76.6542213, 12.3179203 ], [ 76.6541068, 12.317936 ], [ 76.6540699, 12.3179395 ], [ 76.6538595, 12.3179587 ], [ 76.653737, 12.3179699 ], [ 76.6537254, 12.3179709 ], [ 76.6538022, 12.3184623 ], [ 76.6538431, 12.3187021 ], [ 76.6538479, 12.3187404 ], [ 76.6538574, 12.3188153 ], [ 76.6538804, 12.3190841 ], [ 76.6538285, 12.3190813 ], [ 76.6538287, 12.3190987 ], [ 76.6538311, 12.3193256 ], [ 76.6538316, 12.3193742 ], [ 76.6538367, 12.3198612 ], [ 76.6537603, 12.3198604 ], [ 76.6537257, 12.31986 ], [ 76.6537169, 12.3207051 ], [ 76.6536467, 12.3207078 ], [ 76.6532494, 12.3207149 ], [ 76.6532915, 12.3207453 ], [ 76.6533332, 12.3207774 ], [ 76.6539905, 12.3212478 ], [ 76.6541694, 12.3213758 ], [ 76.6541367, 12.3213758 ], [ 76.6536901, 12.3213766 ], [ 76.65369, 12.3213771 ], [ 76.6536769, 12.3214644 ], [ 76.6536537, 12.3216202 ], [ 76.653657, 12.3216876 ], [ 76.6536617, 12.3217712 ], [ 76.6536632, 12.3217984 ], [ 76.6536805, 12.3221069 ], [ 76.6530958, 12.3221371 ], [ 76.6530786, 12.3223228 ], [ 76.6530613, 12.3225106 ], [ 76.6530118, 12.3230464 ], [ 76.6530097, 12.3230651 ], [ 76.6530088, 12.3230735 ], [ 76.65348, 12.3231022 ], [ 76.6534378, 12.3235196 ], [ 76.6533502, 12.3246874 ], [ 76.6533344, 12.3247896 ], [ 76.6532464, 12.3249453 ], [ 76.6530684, 12.32526 ], [ 76.6530558, 12.3252821 ], [ 76.6526838, 12.3252434 ], [ 76.6524207, 12.325216 ], [ 76.6523998, 12.325558 ], [ 76.6523161, 12.326931 ], [ 76.6522762, 12.3275614 ], [ 76.652276, 12.3275644 ], [ 76.6522648, 12.3277415 ], [ 76.6522164, 12.3283531 ], [ 76.6521748, 12.3289916 ], [ 76.6521493, 12.3294655 ], [ 76.652134, 12.3300963 ], [ 76.6526408, 12.3301138 ], [ 76.6527221, 12.3301131 ], [ 76.6528002, 12.3301038 ], [ 76.6528481, 12.3300955 ], [ 76.6528798, 12.330087 ], [ 76.6529424, 12.3300653 ], [ 76.6531799, 12.3299676 ], [ 76.6537258, 12.3297247 ], [ 76.653752, 12.3297157 ], [ 76.6537675, 12.3297131 ], [ 76.6538077, 12.329711 ], [ 76.6538299, 12.3297132 ], [ 76.6538768, 12.3297197 ], [ 76.6539172, 12.3297274 ], [ 76.6540632, 12.3297621 ], [ 76.6542121, 12.3297938 ], [ 76.6543385, 12.3298208 ], [ 76.6544779, 12.3298505 ], [ 76.6553443, 12.3300352 ], [ 76.6567559, 12.3302625 ], [ 76.6571684, 12.3303335 ], [ 76.657275, 12.3303518 ], [ 76.6573448, 12.3303672 ], [ 76.6577175, 12.3297153 ], [ 76.6577346, 12.3296854 ] ] ] } },
{ "type": "Feature", "id": 26, "properties": { "tessellate": -1, "extrude": 0, "visibility": -1, "KGISWardID": 6406, "KGISWardCode": "2605027", "KGISWardName": "Yeraganahalli", "SHAPE.STArea()": 1261351.1550292999, "SHAPE.STLength()": 6756.5492738373096, "OBJECTID": 20132, "KGISWardNo": "27", "KGISTownCode": "2605", "LGD_WardCode": 28832, "created_user": "SA", "created_date": 1634898537000.0, "last_edited_user": "SA", "last_edited_date": 1643365734000.0 }, "geometry": { "type": "Polygon", "coordinates": [ [ [ 76.6578761, 12.3290451 ], [ 76.6578953, 12.3289652 ], [ 76.6588834, 12.3290366 ], [ 76.6588939, 12.329037 ], [ 76.6589863, 12.3290404 ], [ 76.6591946, 12.329048 ], [ 76.6593236, 12.3290557 ], [ 76.6597207, 12.329101 ], [ 76.6596797, 12.3284636 ], [ 76.6596759, 12.3284043 ], [ 76.6596551, 12.3280804 ], [ 76.6596522, 12.3279127 ], [ 76.6596677, 12.3279064 ], [ 76.6597693, 12.3278644 ], [ 76.6600995, 12.3277281 ], [ 76.6603048, 12.3276434 ], [ 76.6603521, 12.3276239 ], [ 76.6604086, 12.3275997 ], [ 76.6604957, 12.3275625 ], [ 76.6604032, 12.3274253 ], [ 76.6604032, 12.3274252 ], [ 76.6602997, 12.3272724 ], [ 76.6602397, 12.3271845 ], [ 76.6599245, 12.3267279 ], [ 76.6595529, 12.3261887 ], [ 76.6591148, 12.3255107 ], [ 76.658978, 12.3252991 ], [ 76.6593172, 12.3255552 ], [ 76.6596292, 12.3257908 ], [ 76.6598058, 12.3259201 ], [ 76.6600919, 12.3261295 ], [ 76.6609329, 12.3251728 ], [ 76.6612605, 12.3247965 ], [ 76.6615209, 12.3244972 ], [ 76.6616146, 12.3243896 ], [ 76.661464, 12.3242452 ], [ 76.6613891, 12.3241654 ], [ 76.6613477, 12.3241186 ], [ 76.6612907, 12.3240576 ], [ 76.6612467, 12.3240042 ], [ 76.6611711, 12.323893 ], [ 76.661099, 12.3237665 ], [ 76.6610596, 12.3236892 ], [ 76.6609277, 12.3233648 ], [ 76.660853, 12.3231834 ], [ 76.6607716, 12.3229858 ], [ 76.660829, 12.3227694 ], [ 76.6608362, 12.3227502 ], [ 76.6608392, 12.3227452 ], [ 76.6608473, 12.3227354 ], [ 76.6609713, 12.3226277 ], [ 76.6610515, 12.3225608 ], [ 76.6611288, 12.3224963 ], [ 76.6613826, 12.3222846 ], [ 76.6616507, 12.3220664 ], [ 76.6619322, 12.3218374 ], [ 76.6622458, 12.3215901 ], [ 76.6625059, 12.3213747 ], [ 76.6629559, 12.3213488 ], [ 76.6638082, 12.3212825 ], [ 76.6642282, 12.3212509 ], [ 76.6647873, 12.3212098 ], [ 76.6651312, 12.3211793 ], [ 76.666194, 12.3210748 ], [ 76.6663034, 12.321064 ], [ 76.6669963, 12.3210034 ], [ 76.6672433, 12.3209814 ], [ 76.6675389, 12.3209644 ], [ 76.667847, 12.3209516 ], [ 76.6679585, 12.320948 ], [ 76.6679387, 12.3207534 ], [ 76.6679245, 12.3206136 ], [ 76.667868, 12.3200535 ], [ 76.6678496, 12.3198707 ], [ 76.6682621, 12.3200133 ], [ 76.6684044, 12.320067 ], [ 76.6684384, 12.3200799 ], [ 76.6687495, 12.3201972 ], [ 76.6687598, 12.3202011 ], [ 76.668893, 12.3202513 ], [ 76.6689007, 12.3202543 ], [ 76.6689577, 12.3202758 ], [ 76.6689595, 12.3202764 ], [ 76.6689807, 12.3202844 ], [ 76.6689807, 12.3202841 ], [ 76.6689811, 12.3202756 ], [ 76.6689934, 12.3199707 ], [ 76.6690025, 12.3197708 ], [ 76.6690044, 12.3197291 ], [ 76.6690409, 12.3189239 ], [ 76.6690858, 12.3178119 ], [ 76.6690865, 12.3177161 ], [ 76.6690871, 12.3176426 ], [ 76.669081, 12.3175068 ], [ 76.6690726, 12.3173427 ], [ 76.6690647, 12.317257 ], [ 76.6690562, 12.3171945 ], [ 76.6690439, 12.3171328 ], [ 76.6690305, 12.3170803 ], [ 76.6689896, 12.3169592 ], [ 76.6688111, 12.3164314 ], [ 76.6686989, 12.3160934 ], [ 76.6686572, 12.3159676 ], [ 76.6685795, 12.3157336 ], [ 76.6685336, 12.3155946 ], [ 76.6685261, 12.3155734 ], [ 76.6685051, 12.3155171 ], [ 76.6684891, 12.3154808 ], [ 76.6684404, 12.3153791 ], [ 76.6681295, 12.3147965 ], [ 76.6680251, 12.3145985 ], [ 76.6679182, 12.3143958 ], [ 76.6678675, 12.3142928 ], [ 76.6677434, 12.3140152 ], [ 76.6677312, 12.3139878 ], [ 76.6677208, 12.313965 ], [ 76.6677019, 12.3139238 ], [ 76.6672434, 12.3139669 ], [ 76.6669974, 12.3139901 ], [ 76.666892, 12.3139995 ], [ 76.6668425, 12.3139998 ], [ 76.6668355, 12.3139993 ], [ 76.6667909, 12.3139917 ], [ 76.6667465, 12.3139814 ], [ 76.6664575, 12.3138867 ], [ 76.6664327, 12.3138786 ], [ 76.6659591, 12.313722 ], [ 76.6656582, 12.3136117 ], [ 76.6655486, 12.3135734 ], [ 76.6654271, 12.3135309 ], [ 76.6652659, 12.3134833 ], [ 76.6651721, 12.3134598 ], [ 76.6651102, 12.3134442 ], [ 76.6650657, 12.313433 ], [ 76.6650166, 12.3134216 ], [ 76.6649632, 12.3134134 ], [ 76.6649355, 12.3134114 ], [ 76.6648635, 12.3134146 ], [ 76.6648207, 12.3134166 ], [ 76.664667, 12.3134223 ], [ 76.664497, 12.3134394 ], [ 76.6643547, 12.3134537 ], [ 76.6642471, 12.3134645 ], [ 76.6640657, 12.3134809 ], [ 76.6637876, 12.3135243 ], [ 76.6637207, 12.3135348 ], [ 76.6636166, 12.313551 ], [ 76.6635671, 12.3135614 ], [ 76.6635248, 12.313576 ], [ 76.6634826, 12.3135949 ], [ 76.6634332, 12.3136239 ], [ 76.663394, 12.3136572 ], [ 76.6631641, 12.3138991 ], [ 76.6627253, 12.3143591 ], [ 76.6625143, 12.314544 ], [ 76.6622324, 12.3147699 ], [ 76.6620968, 12.3143802 ], [ 76.6620824, 12.3143417 ], [ 76.6620443, 12.3142507 ], [ 76.6620294, 12.3142192 ], [ 76.6619828, 12.3141207 ], [ 76.6619473, 12.3140553 ], [ 76.6619196, 12.3140043 ], [ 76.6619157, 12.3139971 ], [ 76.6617475, 12.3137481 ], [ 76.6617223, 12.313709 ], [ 76.6616143, 12.3135499 ], [ 76.6616087, 12.3135414 ], [ 76.6615887, 12.3135074 ], [ 76.6615808, 12.3134925 ], [ 76.6615769, 12.3134851 ], [ 76.6615729, 12.3134741 ], [ 76.6615681, 12.3134531 ], [ 76.6615658, 12.3134268 ], [ 76.6615632, 12.3133197 ], [ 76.6615609, 12.3132565 ], [ 76.6615459, 12.3127172 ], [ 76.6614448, 12.312781 ], [ 76.6613812, 12.3128212 ], [ 76.6610454, 12.3130332 ], [ 76.6610178, 12.3130491 ], [ 76.6608591, 12.3131321 ], [ 76.6607143, 12.3132005 ], [ 76.6605848, 12.3132564 ], [ 76.6604143, 12.3133192 ], [ 76.6603329, 12.3133479 ], [ 76.6602711, 12.3133698 ], [ 76.6599921, 12.3134579 ], [ 76.659566, 12.313586 ], [ 76.6590883, 12.3137231 ], [ 76.6590933, 12.3137625 ], [ 76.6591595, 12.3146184 ], [ 76.6591734, 12.3147524 ], [ 76.6592631, 12.315615 ], [ 76.6593207, 12.3161693 ], [ 76.6593265, 12.3162247 ], [ 76.6593532, 12.3164576 ], [ 76.6594423, 12.3172321 ], [ 76.6594672, 12.3174972 ], [ 76.6594777, 12.3176086 ], [ 76.6594798, 12.3176311 ], [ 76.6594835, 12.3176699 ], [ 76.6594844, 12.3176797 ], [ 76.6594843, 12.3177236 ], [ 76.6594828, 12.3177438 ], [ 76.6594804, 12.3177619 ], [ 76.6594697, 12.3178241 ], [ 76.6594602, 12.3178703 ], [ 76.6594493, 12.3179283 ], [ 76.6594394, 12.317971 ], [ 76.6594292, 12.3180085 ], [ 76.6594222, 12.3180297 ], [ 76.6594164, 12.3180472 ], [ 76.6594041, 12.3180805 ], [ 76.6584017, 12.3181588 ], [ 76.6573863, 12.31822 ], [ 76.6573976, 12.3183134 ], [ 76.6574174, 12.318477 ], [ 76.6575277, 12.3191624 ], [ 76.6576091, 12.3196015 ], [ 76.6576179, 12.3196488 ], [ 76.6578893, 12.3211131 ], [ 76.6579165, 12.3212598 ], [ 76.657955, 12.3214671 ], [ 76.6581923, 12.3228035 ], [ 76.6582416, 12.3230812 ], [ 76.6582455, 12.3231026 ], [ 76.6581321, 12.3231124 ], [ 76.6573601, 12.3231795 ], [ 76.6573195, 12.323184 ], [ 76.6569088, 12.3232187 ], [ 76.6569087, 12.3232187 ], [ 76.6566413, 12.3232474 ], [ 76.6567231, 12.3239599 ], [ 76.6567306, 12.3240386 ], [ 76.6559307, 12.3242351 ], [ 76.6554162, 12.3243697 ], [ 76.655508, 12.3248118 ], [ 76.6555943, 12.3252273 ], [ 76.6556124, 12.3253266 ], [ 76.6557385, 12.3254609 ], [ 76.655794, 12.32552 ], [ 76.656122, 12.3259062 ], [ 76.6563045, 12.3261317 ], [ 76.6563677, 12.3262292 ], [ 76.6564045, 12.326295 ], [ 76.6564249, 12.3263417 ], [ 76.6565983, 12.3267607 ], [ 76.6566846, 12.3269955 ], [ 76.6567664, 12.3272341 ], [ 76.6568864, 12.3276474 ], [ 76.6569959, 12.3279711 ], [ 76.6572973, 12.3287525 ], [ 76.6573343, 12.3288484 ], [ 76.657402, 12.3290027 ], [ 76.6574776, 12.3291748 ], [ 76.6574936, 12.329205 ], [ 76.6575006, 12.329219 ], [ 76.6575594, 12.3293359 ], [ 76.6576127, 12.329442 ], [ 76.6576445, 12.3295053 ], [ 76.657682, 12.3295801 ], [ 76.6577168, 12.3296492 ], [ 76.6577346, 12.3296854 ], [ 76.6577393, 12.3296952 ], [ 76.6577512, 12.3295646 ], [ 76.6577544, 12.3295367 ], [ 76.6577558, 12.3295285 ], [ 76.6577606, 12.3295035 ], [ 76.6577729, 12.3294538 ], [ 76.6577868, 12.3293972 ], [ 76.6577935, 12.3293708 ], [ 76.6578571, 12.3291201 ], [ 76.6578761, 12.3290451 ] ] ] } },
{ "type": "Feature", "id": 27, "properties": { "tessellate": -1, "extrude": 0, "visibility": -1, "KGISWardID": 6407, "KGISWardCode": "2605028", "KGISWardName": "Gandhinagara", "SHAPE.STArea()": 288892.28826904303, "SHAPE.STLength()": 2694.9632866831598, "OBJECTID": 20133, "KGISWardNo": "28", "KGISTownCode": "2605", "LGD_WardCode": 28833, "created_user": "SA", "created_date": 1634898537000.0, "last_edited_user": "SA", "last_edited_date": 1643365734000.0 }, "geometry": { "type": "Polygon", "coordinates": [ [ [ 76.6642824, 12.3244167 ], [ 76.6643282, 12.3244104 ], [ 76.6649336, 12.3243342 ], [ 76.6661227, 12.3241667 ], [ 76.6665857, 12.3241089 ], [ 76.6674049, 12.3240066 ], [ 76.6685356, 12.3239111 ], [ 76.6688243, 12.3238936 ], [ 76.6697345, 12.3238385 ], [ 76.6696869, 12.3236557 ], [ 76.6695799, 12.3232887 ], [ 76.6695668, 12.3232436 ], [ 76.6694612, 12.3228816 ], [ 76.6694389, 12.3228171 ], [ 76.6698052, 12.3226762 ], [ 76.6700527, 12.3225693 ], [ 76.6700028, 12.3223941 ], [ 76.6700733, 12.3223775 ], [ 76.6703952, 12.3223014 ], [ 76.6704085, 12.3222981 ], [ 76.6704191, 12.3222948 ], [ 76.67044, 12.3222863 ], [ 76.6704541, 12.3222787 ], [ 76.6704617, 12.3222726 ], [ 76.6705135, 12.3222318 ], [ 76.6705816, 12.3221794 ], [ 76.6706271, 12.3221408 ], [ 76.6706383, 12.3221286 ], [ 76.670648, 12.3221181 ], [ 76.6706519, 12.3221085 ], [ 76.6706469, 12.3220274 ], [ 76.6706448, 12.3220024 ], [ 76.670642, 12.3219696 ], [ 76.6705181, 12.3219791 ], [ 76.6704183, 12.3219868 ], [ 76.6702711, 12.3219981 ], [ 76.6701202, 12.3220097 ], [ 76.6700197, 12.3220174 ], [ 76.6699356, 12.3220247 ], [ 76.6698851, 12.3220306 ], [ 76.6694192, 12.3221022 ], [ 76.6694073, 12.3221007 ], [ 76.6693925, 12.3220988 ], [ 76.669379, 12.3220917 ], [ 76.6693668, 12.3220786 ], [ 76.6693594, 12.3220584 ], [ 76.6693495, 12.3220148 ], [ 76.6693424, 12.3219798 ], [ 76.6693383, 12.3219598 ], [ 76.6693191, 12.3218652 ], [ 76.6693129, 12.3218326 ], [ 76.6693046, 12.3218344 ], [ 76.6688937, 12.3219216 ], [ 76.6687423, 12.3219537 ], [ 76.6687264, 12.3219571 ], [ 76.6686999, 12.3218088 ], [ 76.6686719, 12.3216556 ], [ 76.6686646, 12.3216153 ], [ 76.668558, 12.3216254 ], [ 76.6680594, 12.3216726 ], [ 76.6680062, 12.3216776 ], [ 76.6679585, 12.320948 ], [ 76.667847, 12.3209516 ], [ 76.6675389, 12.3209644 ], [ 76.6672433, 12.3209814 ], [ 76.6669963, 12.3210034 ], [ 76.6663034, 12.321064 ], [ 76.666194, 12.3210748 ], [ 76.6651312, 12.3211793 ], [ 76.6647873, 12.3212098 ], [ 76.6642282, 12.3212509 ], [ 76.6638082, 12.3212825 ], [ 76.6629559, 12.3213488 ], [ 76.6625059, 12.3213747 ], [ 76.6622458, 12.3215901 ], [ 76.6619322, 12.3218374 ], [ 76.6616507, 12.3220664 ], [ 76.6613826, 12.3222846 ], [ 76.6611288, 12.3224963 ], [ 76.6610515, 12.3225608 ], [ 76.6609713, 12.3226277 ], [ 76.6608473, 12.3227354 ], [ 76.6608392, 12.3227452 ], [ 76.6608362, 12.3227502 ], [ 76.660829, 12.3227694 ], [ 76.6607716, 12.3229858 ], [ 76.660853, 12.3231834 ], [ 76.6609277, 12.3233648 ], [ 76.6610596, 12.3236892 ], [ 76.661099, 12.3237665 ], [ 76.6611711, 12.323893 ], [ 76.6612467, 12.3240042 ], [ 76.6612907, 12.3240576 ], [ 76.6613477, 12.3241186 ], [ 76.6613891, 12.3241654 ], [ 76.661464, 12.3242452 ], [ 76.6616146, 12.3243896 ], [ 76.6616534, 12.3244267 ], [ 76.6617234, 12.3244938 ], [ 76.6618398, 12.3244768 ], [ 76.6618893, 12.3244696 ], [ 76.6620553, 12.3244435 ], [ 76.6620892, 12.3244382 ], [ 76.6626078, 12.3243532 ], [ 76.6627202, 12.3243348 ], [ 76.6632434, 12.324261 ], [ 76.6637984, 12.3241885 ], [ 76.6638489, 12.3241817 ], [ 76.6642522, 12.3241276 ], [ 76.6642591, 12.3241934 ], [ 76.6642824, 12.3244167 ] ] ] } },
{ "type": "Feature", "id": 28, "properties": { "tessellate": -1, "extrude": 0, "visibility": -1, "KGISWardID": 6410, "KGISWardCode": "2605029", "KGISWardName": "N R_Mohalla", "SHAPE.STArea()": 421974.59069824201, "SHAPE.STLength()": 2904.1532076765002, "OBJECTID": 20134, "KGISWardNo": "29", "KGISTownCode": "2605", "LGD_WardCode": 28834, "created_user": "SA", "created_date": 1634898537000.0, "last_edited_user": "SA", "last_edited_date": 1643365734000.0 }, "geometry": { "type": "Polygon", "coordinates": [ [ [ 76.6688396, 12.3270315 ], [ 76.6688466, 12.3270296 ], [ 76.6701697, 12.3266826 ], [ 76.6700583, 12.3264607 ], [ 76.6700398, 12.3264158 ], [ 76.6700327, 12.3263933 ], [ 76.6700285, 12.326373 ], [ 76.6700277, 12.326358 ], [ 76.6700302, 12.3263165 ], [ 76.6700492, 12.3261769 ], [ 76.6700587, 12.3261068 ], [ 76.6700821, 12.3259353 ], [ 76.670109, 12.3257371 ], [ 76.6701501, 12.3253864 ], [ 76.6701524, 12.3253545 ], [ 76.6701526, 12.3253415 ], [ 76.670152, 12.3253338 ], [ 76.6701485, 12.325311 ], [ 76.6701465, 12.3253045 ], [ 76.6701373, 12.3252808 ], [ 76.6700351, 12.3250849 ], [ 76.6700202, 12.3250588 ], [ 76.669998, 12.3250146 ], [ 76.6699686, 12.3249527 ], [ 76.6699573, 12.3249247 ], [ 76.6699421, 12.3248851 ], [ 76.6699257, 12.3248369 ], [ 76.6699142, 12.3247983 ], [ 76.6699112, 12.3247813 ], [ 76.6698698, 12.3247917 ], [ 76.669859, 12.3247307 ], [ 76.6697345, 12.3238385 ], [ 76.6688243, 12.3238936 ], [ 76.6685356, 12.3239111 ], [ 76.6674049, 12.3240066 ], [ 76.6665857, 12.3241089 ], [ 76.6661227, 12.3241667 ], [ 76.6649336, 12.3243342 ], [ 76.6643282, 12.3244104 ], [ 76.6642824, 12.3244167 ], [ 76.6642591, 12.3241934 ], [ 76.6642522, 12.3241276 ], [ 76.6638489, 12.3241817 ], [ 76.6637984, 12.3241885 ], [ 76.6632434, 12.324261 ], [ 76.6627202, 12.3243348 ], [ 76.6626078, 12.3243532 ], [ 76.6620892, 12.3244382 ], [ 76.6620553, 12.3244435 ], [ 76.6618893, 12.3244696 ], [ 76.6618398, 12.3244768 ], [ 76.6617234, 12.3244938 ], [ 76.6616534, 12.3244267 ], [ 76.6616146, 12.3243896 ], [ 76.6615209, 12.3244972 ], [ 76.6612605, 12.3247965 ], [ 76.6609329, 12.3251728 ], [ 76.6600919, 12.3261295 ], [ 76.6601622, 12.326181 ], [ 76.6603146, 12.3262951 ], [ 76.6608725, 12.3267131 ], [ 76.6625162, 12.3279355 ], [ 76.6627618, 12.3281181 ], [ 76.663921, 12.3289801 ], [ 76.6640899, 12.3291033 ], [ 76.6646418, 12.3295055 ], [ 76.6647818, 12.3296076 ], [ 76.6648926, 12.3296884 ], [ 76.6649289, 12.3297172 ], [ 76.6649391, 12.3297253 ], [ 76.6653279, 12.3292024 ], [ 76.6653933, 12.329118 ], [ 76.6656229, 12.3288218 ], [ 76.6659035, 12.328465 ], [ 76.6659096, 12.3284694 ], [ 76.6659999, 12.328535 ], [ 76.6662811, 12.3287442 ], [ 76.6663112, 12.3287666 ], [ 76.6663206, 12.3287735 ], [ 76.6668824, 12.3280384 ], [ 76.6673484, 12.3274324 ], [ 76.6688232, 12.3270359 ], [ 76.6688263, 12.3270351 ], [ 76.6688396, 12.3270315 ] ] ] } },
{ "type": "Feature", "id": 29, "properties": { "tessellate": -1, "extrude": 0, "visibility": -1, "KGISWardID": 6411, "KGISWardCode": "2605030", "KGISWardName": "Kyathamaranahalli", "SHAPE.STArea()": 477808.605285645, "SHAPE.STLength()": 3650.7221731067002, "OBJECTID": 20135, "KGISWardNo": "30", "KGISTownCode": "2605", "LGD_WardCode": 28835, "created_user": "SA", "created_date": 1634898537000.0, "last_edited_user": "SA", "last_edited_date": 1643365734000.0 }, "geometry": { "type": "Polygon", "coordinates": [ [ [ 76.6788852, 12.3242649 ], [ 76.678867, 12.3241138 ], [ 76.6788334, 12.3239634 ], [ 76.6788125, 12.3238879 ], [ 76.6787674, 12.3237657 ], [ 76.6787481, 12.3237134 ], [ 76.6787327, 12.3236538 ], [ 76.6787202, 12.3235481 ], [ 76.6787123, 12.3234818 ], [ 76.6786731, 12.3230468 ], [ 76.6786707, 12.3230046 ], [ 76.6786685, 12.3228851 ], [ 76.6786705, 12.3228224 ], [ 76.6786834, 12.3226451 ], [ 76.6787164, 12.3223504 ], [ 76.6787257, 12.3222673 ], [ 76.6787559, 12.3220888 ], [ 76.6787585, 12.3220737 ], [ 76.6787896, 12.3218897 ], [ 76.6788138, 12.3217706 ], [ 76.6788402, 12.3216558 ], [ 76.6788573, 12.3216089 ], [ 76.6788728, 12.3215763 ], [ 76.6788939, 12.3215468 ], [ 76.6789244, 12.3215115 ], [ 76.6789638, 12.3214749 ], [ 76.6792135, 12.321242 ], [ 76.6793917, 12.3210894 ], [ 76.6795225, 12.3209697 ], [ 76.6797048, 12.3207915 ], [ 76.6797692, 12.3207107 ], [ 76.6797839, 12.3206883 ], [ 76.6798066, 12.3206539 ], [ 76.6798438, 12.3205836 ], [ 76.6798691, 12.3205313 ], [ 76.6798782, 12.3205105 ], [ 76.6800992, 12.3200194 ], [ 76.6801039, 12.3200095 ], [ 76.6801212, 12.3199727 ], [ 76.6800969, 12.3199731 ], [ 76.6800837, 12.3199728 ], [ 76.6799964, 12.3199678 ], [ 76.6798008, 12.3199523 ], [ 76.6796266, 12.319932 ], [ 76.6795352, 12.3199185 ], [ 76.6794237, 12.3198995 ], [ 76.6793241, 12.3198791 ], [ 76.6791926, 12.3198487 ], [ 76.6790819, 12.3198216 ], [ 76.6789702, 12.3197937 ], [ 76.6789564, 12.31979 ], [ 76.6788822, 12.3197698 ], [ 76.6788221, 12.3197514 ], [ 76.6786997, 12.3197086 ], [ 76.6786513, 12.3196904 ], [ 76.678608, 12.3196741 ], [ 76.6785792, 12.3196597 ], [ 76.6785749, 12.3196572 ], [ 76.6785592, 12.3196452 ], [ 76.6785462, 12.3196331 ], [ 76.6785298, 12.3196068 ], [ 76.6784318, 12.3194603 ], [ 76.6784237, 12.3194484 ], [ 76.678398, 12.3194136 ], [ 76.6783047, 12.3192872 ], [ 76.6782704, 12.3192365 ], [ 76.6782627, 12.3192224 ], [ 76.6782552, 12.3192031 ], [ 76.6782525, 12.3191922 ], [ 76.6782528, 12.3191775 ], [ 76.6782552, 12.3191539 ], [ 76.6783119, 12.3188229 ], [ 76.6783393, 12.3186676 ], [ 76.678506, 12.3177234 ], [ 76.6785356, 12.3175292 ], [ 76.6785385, 12.3175101 ], [ 76.677729, 12.3178457 ], [ 76.6775624, 12.3179148 ], [ 76.677366, 12.3180044 ], [ 76.6762375, 12.3185187 ], [ 76.6760035, 12.3186194 ], [ 76.6759005, 12.3186638 ], [ 76.6757031, 12.3185611 ], [ 76.6756038, 12.3185065 ], [ 76.6755105, 12.3184512 ], [ 76.6754662, 12.3184231 ], [ 76.6754362, 12.3184041 ], [ 76.6753328, 12.3183385 ], [ 76.6752343, 12.318273 ], [ 76.6751623, 12.3182246 ], [ 76.6750441, 12.3181421 ], [ 76.6745828, 12.3178124 ], [ 76.6744763, 12.3177341 ], [ 76.6743041, 12.3176075 ], [ 76.6742416, 12.3175616 ], [ 76.6741502, 12.3174944 ], [ 76.6740697, 12.3174353 ], [ 76.6738709, 12.3173042 ], [ 76.6737976, 12.3172559 ], [ 76.6736215, 12.3171424 ], [ 76.6730308, 12.3167618 ], [ 76.6728895, 12.316665 ], [ 76.6726252, 12.3164841 ], [ 76.6725646, 12.3164467 ], [ 76.6724846, 12.3164026 ], [ 76.672427, 12.3163783 ], [ 76.6724082, 12.3163703 ], [ 76.672395, 12.3163657 ], [ 76.672316, 12.3163377 ], [ 76.672289, 12.3163281 ], [ 76.6722817, 12.3163255 ], [ 76.6722616, 12.3163198 ], [ 76.6722399, 12.3163171 ], [ 76.6722217, 12.3163165 ], [ 76.6722015, 12.3163168 ], [ 76.6721997, 12.3163424 ], [ 76.6721658, 12.3168469 ], [ 76.6721245, 12.3174595 ], [ 76.6721091, 12.3176148 ], [ 76.6717589, 12.3175975 ], [ 76.6717179, 12.3175954 ], [ 76.6717683, 12.3186495 ], [ 76.6717706, 12.318698 ], [ 76.6722389, 12.3186865 ], [ 76.6730817, 12.3186659 ], [ 76.6734934, 12.3186569 ], [ 76.6734954, 12.3186881 ], [ 76.6735242, 12.3191516 ], [ 76.6735289, 12.3193175 ], [ 76.6735364, 12.3195868 ], [ 76.6732947, 12.3198154 ], [ 76.673162, 12.3199407 ], [ 76.6729334, 12.3201684 ], [ 76.672881, 12.3202245 ], [ 76.6728526, 12.3202568 ], [ 76.6727718, 12.3203504 ], [ 76.6727601, 12.3203654 ], [ 76.6727194, 12.3204198 ], [ 76.6726504, 12.3205249 ], [ 76.672605, 12.3205941 ], [ 76.6725319, 12.320705 ], [ 76.6721291, 12.3213369 ], [ 76.6721248, 12.3213437 ], [ 76.6720556, 12.3214612 ], [ 76.6719819, 12.321579 ], [ 76.671989, 12.3215834 ], [ 76.6721663, 12.3217053 ], [ 76.6724525, 12.3219019 ], [ 76.6729671, 12.3222594 ], [ 76.6733815, 12.3225496 ], [ 76.6741532, 12.323091 ], [ 76.6741862, 12.3231152 ], [ 76.6745641, 12.3233923 ], [ 76.6746886, 12.3234854 ], [ 76.6749584, 12.3236872 ], [ 76.6749723, 12.3236975 ], [ 76.6750606, 12.3237621 ], [ 76.6752103, 12.3238625 ], [ 76.675278, 12.3239073 ], [ 76.6753315, 12.3239393 ], [ 76.6753687, 12.3239614 ], [ 76.6754139, 12.3239856 ], [ 76.6754548, 12.3240075 ], [ 76.6756338, 12.3241034 ], [ 76.675719, 12.3241509 ], [ 76.6758241, 12.3242143 ], [ 76.6759083, 12.324262 ], [ 76.6764602, 12.3245748 ], [ 76.6767713, 12.3247377 ], [ 76.677081, 12.3249 ], [ 76.6772305, 12.324971 ], [ 76.6773605, 12.3250327 ], [ 76.6775101, 12.3251038 ], [ 76.6775189, 12.3251079 ], [ 76.6777894, 12.3252429 ], [ 76.6778372, 12.3252667 ], [ 76.6782467, 12.3254851 ], [ 76.6782796, 12.3255033 ], [ 76.6785113, 12.3256317 ], [ 76.6786614, 12.3257184 ], [ 76.6787392, 12.3253128 ], [ 76.6787401, 12.3253061 ], [ 76.6787405, 12.3253016 ], [ 76.6787407, 12.3252954 ], [ 76.6787406, 12.3252932 ], [ 76.6787399, 12.3252892 ], [ 76.6787372, 12.3252819 ], [ 76.67873, 12.3252655 ], [ 76.6787286, 12.3252613 ], [ 76.6787279, 12.3252581 ], [ 76.6787273, 12.3252524 ], [ 76.6787275, 12.3252496 ], [ 76.6787281, 12.3252441 ], [ 76.6787807, 12.324948 ], [ 76.6788009, 12.3248305 ], [ 76.678842, 12.3245766 ], [ 76.6788539, 12.3244997 ], [ 76.6788624, 12.3244402 ], [ 76.6788698, 12.3243836 ], [ 76.6788852, 12.3242649 ] ] ] } },
{ "type": "Feature", "id": 30, "properties": { "tessellate": -1, "extrude": 0, "visibility": -1, "KGISWardID": 6414, "KGISWardCode": "2605031", "KGISWardName": "K N Pura & Gousianagara", "SHAPE.STArea()": 256307.49511718799, "SHAPE.STLength()": 2327.3888610264098, "OBJECTID": 20136, "KGISWardNo": "31", "KGISTownCode": "2605", "LGD_WardCode": 28836, "created_user": "SA", "created_date": 1634898537000.0, "last_edited_user": "SA", "last_edited_date": 1643365734000.0 }, "geometry": { "type": "Polygon", "coordinates": [ [ [ 76.6840442, 12.3213216 ], [ 76.6840567, 12.3210001 ], [ 76.684065, 12.3208098 ], [ 76.6840717, 12.3204527 ], [ 76.6840723, 12.3204242 ], [ 76.6837707, 12.3204538 ], [ 76.6836915, 12.3204611 ], [ 76.6836301, 12.3204667 ], [ 76.683541, 12.3204718 ], [ 76.6834562, 12.3204698 ], [ 76.6834345, 12.3204683 ], [ 76.6833546, 12.3204581 ], [ 76.6831756, 12.3204258 ], [ 76.6831012, 12.3204111 ], [ 76.6830701, 12.3204049 ], [ 76.6831061, 12.3202376 ], [ 76.6831397, 12.3200808 ], [ 76.6829307, 12.3200317 ], [ 76.6829068, 12.3200275 ], [ 76.6828728, 12.3200216 ], [ 76.682795, 12.3207801 ], [ 76.6827922, 12.3208204 ], [ 76.6827913, 12.3208348 ], [ 76.6827898, 12.3208407 ], [ 76.6827889, 12.3208422 ], [ 76.6827844, 12.320848 ], [ 76.6827734, 12.3208587 ], [ 76.682762, 12.3208682 ], [ 76.6827543, 12.3208741 ], [ 76.6827378, 12.3208859 ], [ 76.6827203, 12.3208977 ], [ 76.6826628, 12.3209364 ], [ 76.6826528, 12.3209435 ], [ 76.682637, 12.3209556 ], [ 76.682624, 12.3209667 ], [ 76.6826172, 12.3209732 ], [ 76.6826115, 12.3209797 ], [ 76.6826056, 12.3209892 ], [ 76.6825637, 12.3210564 ], [ 76.6825567, 12.3210676 ], [ 76.6821517, 12.3210178 ], [ 76.6822244, 12.3204596 ], [ 76.6818134, 12.320398 ], [ 76.6817939, 12.3203951 ], [ 76.6816686, 12.3203742 ], [ 76.6816734, 12.3203484 ], [ 76.6817451, 12.3199589 ], [ 76.6817481, 12.3199477 ], [ 76.6817805, 12.3199526 ], [ 76.6819208, 12.319974 ], [ 76.6819235, 12.3199556 ], [ 76.681928, 12.3199258 ], [ 76.6819378, 12.3198554 ], [ 76.6819635, 12.3196702 ], [ 76.6819657, 12.3196541 ], [ 76.6819732, 12.3196143 ], [ 76.6817025, 12.3195806 ], [ 76.681694, 12.3196242 ], [ 76.6816924, 12.3196299 ], [ 76.6816874, 12.3196407 ], [ 76.6816853, 12.3196444 ], [ 76.6816763, 12.3196553 ], [ 76.6816679, 12.3196626 ], [ 76.6816622, 12.3196662 ], [ 76.681659, 12.3196674 ], [ 76.6816449, 12.3196708 ], [ 76.6816389, 12.3196719 ], [ 76.6814914, 12.3196929 ], [ 76.6810252, 12.3198045 ], [ 76.6804644, 12.3198998 ], [ 76.6804254, 12.319908 ], [ 76.6803095, 12.3199327 ], [ 76.6802992, 12.3199349 ], [ 76.6802718, 12.3199407 ], [ 76.6801212, 12.3199727 ], [ 76.6801039, 12.3200095 ], [ 76.6800992, 12.3200194 ], [ 76.6798782, 12.3205105 ], [ 76.6798691, 12.3205313 ], [ 76.6798438, 12.3205836 ], [ 76.6798066, 12.3206539 ], [ 76.6797839, 12.3206883 ], [ 76.6797692, 12.3207107 ], [ 76.6797048, 12.3207915 ], [ 76.6795225, 12.3209697 ], [ 76.6793917, 12.3210894 ], [ 76.6792135, 12.321242 ], [ 76.6789638, 12.3214749 ], [ 76.6789244, 12.3215115 ], [ 76.6788939, 12.3215468 ], [ 76.6788728, 12.3215763 ], [ 76.6788573, 12.3216089 ], [ 76.6788402, 12.3216558 ], [ 76.6788138, 12.3217706 ], [ 76.6787896, 12.3218897 ], [ 76.6787585, 12.3220737 ], [ 76.6787559, 12.3220888 ], [ 76.6787257, 12.3222673 ], [ 76.6787164, 12.3223504 ], [ 76.6786834, 12.3226451 ], [ 76.6786705, 12.3228224 ], [ 76.6786685, 12.3228851 ], [ 76.6786707, 12.3230046 ], [ 76.6786731, 12.3230468 ], [ 76.6787123, 12.3234818 ], [ 76.6787202, 12.3235481 ], [ 76.6787327, 12.3236538 ], [ 76.6787481, 12.3237134 ], [ 76.6787674, 12.3237657 ], [ 76.6788125, 12.3238879 ], [ 76.6788334, 12.3239634 ], [ 76.678867, 12.3241138 ], [ 76.6788852, 12.3242649 ], [ 76.6790397, 12.3242863 ], [ 76.6792583, 12.3243211 ], [ 76.6798363, 12.324413 ], [ 76.6800826, 12.3244493 ], [ 76.6802623, 12.3244781 ], [ 76.6803184, 12.3244871 ], [ 76.6805104, 12.3245178 ], [ 76.6811139, 12.3246144 ], [ 76.6814752, 12.3246691 ], [ 76.6816031, 12.3246922 ], [ 76.6816233, 12.3246958 ], [ 76.6820107, 12.3247659 ], [ 76.6822793, 12.3248144 ], [ 76.682312, 12.3248203 ], [ 76.6824259, 12.324842 ], [ 76.682871, 12.3249194 ], [ 76.6829253, 12.3249288 ], [ 76.6830965, 12.3249585 ], [ 76.6833622, 12.3250063 ], [ 76.6834158, 12.3247538 ], [ 76.6834466, 12.3245925 ], [ 76.6834671, 12.3244848 ], [ 76.6835611, 12.3240494 ], [ 76.6835766, 12.3239805 ], [ 76.6835766, 12.3239804 ], [ 76.6835843, 12.3239452 ], [ 76.6836412, 12.3236732 ], [ 76.6837151, 12.3232564 ], [ 76.6837716, 12.3229377 ], [ 76.6838534, 12.3225645 ], [ 76.6839341, 12.3220914 ], [ 76.6840258, 12.3215264 ], [ 76.6840311, 12.3214679 ], [ 76.6840442, 12.3213216 ] ] ] } },
{ "type": "Feature", "id": 31, "properties": { "tessellate": -1, "extrude": 0, "visibility": -1, "KGISWardID": 6415, "KGISWardCode": "2605032", "KGISWardName": "Gousianagara Ablock,Usmaniya Block", "SHAPE.STArea()": 343943.88964843802, "SHAPE.STLength()": 3351.6033858405399, "OBJECTID": 20137, "KGISWardNo": "32", "KGISTownCode": "2605", "LGD_WardCode": 28837, "created_user": "SA", "created_date": 1634898537000.0, "last_edited_user": "SA", "last_edited_date": 1643365734000.0 }, "geometry": { "type": "Polygon", "coordinates": [ [ [ 76.6880275, 12.324239 ], [ 76.6880753, 12.3239434 ], [ 76.6881291, 12.3234552 ], [ 76.6881243, 12.3234087 ], [ 76.6881213, 12.3233798 ], [ 76.6880896, 12.3232996 ], [ 76.6880164, 12.3231917 ], [ 76.6879364, 12.3230738 ], [ 76.6879026, 12.3230035 ], [ 76.6878445, 12.3227669 ], [ 76.6878295, 12.3227055 ], [ 76.6878203, 12.3226706 ], [ 76.6877988, 12.3225989 ], [ 76.6877416, 12.3224465 ], [ 76.6877178, 12.3223873 ], [ 76.6877109, 12.32237 ], [ 76.6877057, 12.322353 ], [ 76.6877043, 12.3223468 ], [ 76.6877036, 12.322339 ], [ 76.687692, 12.3222096 ], [ 76.6876805, 12.3221024 ], [ 76.6876458, 12.3218591 ], [ 76.6876395, 12.3218157 ], [ 76.6876282, 12.3217567 ], [ 76.6876225, 12.3217292 ], [ 76.6876058, 12.3216706 ], [ 76.6875889, 12.3216127 ], [ 76.6875793, 12.3215831 ], [ 76.6875464, 12.3215047 ], [ 76.6874957, 12.321384 ], [ 76.6873819, 12.3210933 ], [ 76.687358, 12.3210321 ], [ 76.6870534, 12.3210444 ], [ 76.6870452, 12.3208434 ], [ 76.6877773, 12.3207875 ], [ 76.68773, 12.32034 ], [ 76.6877086, 12.3201378 ], [ 76.6876935, 12.3199949 ], [ 76.6876926, 12.3199871 ], [ 76.6876461, 12.319547 ], [ 76.6872853, 12.3195617 ], [ 76.686981, 12.3195741 ], [ 76.6869214, 12.3195784 ], [ 76.6868973, 12.3193467 ], [ 76.6868824, 12.3192034 ], [ 76.6868733, 12.3191163 ], [ 76.6868506, 12.3191181 ], [ 76.6865225, 12.3191446 ], [ 76.6864667, 12.3191465 ], [ 76.6864417, 12.3191447 ], [ 76.6864071, 12.3191381 ], [ 76.6863979, 12.3191359 ], [ 76.6863907, 12.3191333 ], [ 76.686375, 12.3191244 ], [ 76.6862232, 12.319011 ], [ 76.686005, 12.3188496 ], [ 76.6858447, 12.3187366 ], [ 76.6857355, 12.3186609 ], [ 76.6853788, 12.3184207 ], [ 76.6853694, 12.3184145 ], [ 76.6853254, 12.3183856 ], [ 76.6850283, 12.3181899 ], [ 76.6847474, 12.3180123 ], [ 76.6846175, 12.3179286 ], [ 76.6845675, 12.3178989 ], [ 76.6845466, 12.3178881 ], [ 76.6844208, 12.3178361 ], [ 76.6843726, 12.3178198 ], [ 76.6842472, 12.3177851 ], [ 76.6841734, 12.3177667 ], [ 76.6841239, 12.317757 ], [ 76.6840161, 12.317739 ], [ 76.6838622, 12.3177178 ], [ 76.683705, 12.3176961 ], [ 76.6836727, 12.317693 ], [ 76.6830797, 12.3176479 ], [ 76.6829997, 12.3176446 ], [ 76.6829785, 12.3176437 ], [ 76.6828898, 12.31764 ], [ 76.6828654, 12.3176399 ], [ 76.6828297, 12.3176372 ], [ 76.6827444, 12.3176278 ], [ 76.6826823, 12.3176188 ], [ 76.6826404, 12.3176105 ], [ 76.6825623, 12.3175936 ], [ 76.6824757, 12.3175745 ], [ 76.6823832, 12.3175541 ], [ 76.6822716, 12.3175229 ], [ 76.6822091, 12.3175038 ], [ 76.6821496, 12.3174824 ], [ 76.6820992, 12.3174606 ], [ 76.6819711, 12.3173958 ], [ 76.6819441, 12.3174415 ], [ 76.6818676, 12.3175711 ], [ 76.6818608, 12.3175825 ], [ 76.6817859, 12.3177094 ], [ 76.6817481, 12.317766 ], [ 76.6816458, 12.3178929 ], [ 76.6815931, 12.3179582 ], [ 76.6815276, 12.3180349 ], [ 76.6815111, 12.3180542 ], [ 76.6814932, 12.3180748 ], [ 76.6814651, 12.318112 ], [ 76.6814039, 12.318193 ], [ 76.6813787, 12.3182271 ], [ 76.6813589, 12.3182554 ], [ 76.6812471, 12.3184155 ], [ 76.6812428, 12.3184216 ], [ 76.6811344, 12.3185861 ], [ 76.680848, 12.3190394 ], [ 76.6807922, 12.3191256 ], [ 76.6807921, 12.3191257 ], [ 76.680599, 12.3194235 ], [ 76.6805417, 12.3195118 ], [ 76.6804675, 12.3196413 ], [ 76.6802992, 12.3199349 ], [ 76.6803095, 12.3199327 ], [ 76.6804254, 12.319908 ], [ 76.6804644, 12.3198998 ], [ 76.6810252, 12.3198045 ], [ 76.6814914, 12.3196929 ], [ 76.6816389, 12.3196719 ], [ 76.6816449, 12.3196708 ], [ 76.681659, 12.3196674 ], [ 76.6816622, 12.3196662 ], [ 76.6816679, 12.3196626 ], [ 76.6816763, 12.3196553 ], [ 76.6816853, 12.3196444 ], [ 76.6816874, 12.3196407 ], [ 76.6816924, 12.3196299 ], [ 76.681694, 12.3196242 ], [ 76.6817025, 12.3195806 ], [ 76.6819732, 12.3196143 ], [ 76.6819657, 12.3196541 ], [ 76.6819635, 12.3196702 ], [ 76.6819378, 12.3198554 ], [ 76.681928, 12.3199258 ], [ 76.6819235, 12.3199556 ], [ 76.6819208, 12.319974 ], [ 76.6817805, 12.3199526 ], [ 76.6817481, 12.3199477 ], [ 76.6817451, 12.3199589 ], [ 76.6816734, 12.3203484 ], [ 76.6816686, 12.3203742 ], [ 76.6817939, 12.3203951 ], [ 76.6818134, 12.320398 ], [ 76.6822244, 12.3204596 ], [ 76.6821517, 12.3210178 ], [ 76.6825567, 12.3210676 ], [ 76.6825637, 12.3210564 ], [ 76.6826056, 12.3209892 ], [ 76.6826115, 12.3209797 ], [ 76.6826172, 12.3209732 ], [ 76.682624, 12.3209667 ], [ 76.682637, 12.3209556 ], [ 76.6826528, 12.3209435 ], [ 76.6826628, 12.3209364 ], [ 76.6827203, 12.3208977 ], [ 76.6827378, 12.3208859 ], [ 76.6827543, 12.3208741 ], [ 76.682762, 12.3208682 ], [ 76.6827734, 12.3208587 ], [ 76.6827844, 12.320848 ], [ 76.6827889, 12.3208422 ], [ 76.6827898, 12.3208407 ], [ 76.6827913, 12.3208348 ], [ 76.6827922, 12.3208204 ], [ 76.682795, 12.3207801 ], [ 76.6828728, 12.3200216 ], [ 76.6829068, 12.3200275 ], [ 76.6829307, 12.3200317 ], [ 76.6831397, 12.3200808 ], [ 76.6831061, 12.3202376 ], [ 76.6830701, 12.3204049 ], [ 76.6831012, 12.3204111 ], [ 76.6831756, 12.3204258 ], [ 76.6833546, 12.3204581 ], [ 76.6834345, 12.3204683 ], [ 76.6834562, 12.3204698 ], [ 76.683541, 12.3204718 ], [ 76.6836301, 12.3204667 ], [ 76.6836915, 12.3204611 ], [ 76.6837707, 12.3204538 ], [ 76.6840723, 12.3204242 ], [ 76.6840717, 12.3204527 ], [ 76.684065, 12.3208098 ], [ 76.6840567, 12.3210001 ], [ 76.6840442, 12.3213216 ], [ 76.6840311, 12.3214679 ], [ 76.6840258, 12.3215264 ], [ 76.6839341, 12.3220914 ], [ 76.6838534, 12.3225645 ], [ 76.6837716, 12.3229377 ], [ 76.6837151, 12.3232564 ], [ 76.6836412, 12.3236732 ], [ 76.6835843, 12.3239452 ], [ 76.6846213, 12.3240545 ], [ 76.6849066, 12.3240823 ], [ 76.6851455, 12.3241055 ], [ 76.6856915, 12.3241274 ], [ 76.6858204, 12.3241293 ], [ 76.6859102, 12.3241306 ], [ 76.686106, 12.3241335 ], [ 76.6864534, 12.3241313 ], [ 76.6864788, 12.3241304 ], [ 76.6866712, 12.3241247 ], [ 76.6867147, 12.3241259 ], [ 76.6867222, 12.3240504 ], [ 76.6869015, 12.3240694 ], [ 76.6869299, 12.3240724 ], [ 76.6877437, 12.3241959 ], [ 76.6879523, 12.3242276 ], [ 76.6880275, 12.324239 ] ] ] } },
{ "type": "Feature", "id": 32, "properties": { "tessellate": -1, "extrude": 0, "visibility": -1, "KGISWardID": 6418, "KGISWardCode": "2605033", "KGISWardName": "Ajizsait Nagara", "SHAPE.STArea()": 200757.797119141, "SHAPE.STLength()": 1885.4250226471099, "OBJECTID": 20138, "KGISWardNo": "33", "KGISTownCode": "2605", "LGD_WardCode": 28838, "created_user": "SA", "created_date": 1634898537000.0, "last_edited_user": "SA", "last_edited_date": 1643365734000.0 }, "geometry": { "type": "Polygon", "coordinates": [ [ [ 76.6864662, 12.326246 ], [ 76.6864726, 12.3262059 ], [ 76.6866283, 12.3262284 ], [ 76.6866487, 12.3260849 ], [ 76.6866569, 12.3260275 ], [ 76.686663, 12.3259872 ], [ 76.6867018, 12.3257663 ], [ 76.6867107, 12.3257189 ], [ 76.6867165, 12.3256795 ], [ 76.6867363, 12.3255483 ], [ 76.6867517, 12.3254518 ], [ 76.6867593, 12.3253963 ], [ 76.6867678, 12.3253187 ], [ 76.6867743, 12.3252192 ], [ 76.6867753, 12.3252025 ], [ 76.686788, 12.3249035 ], [ 76.6868093, 12.3246253 ], [ 76.686812, 12.3246058 ], [ 76.6868197, 12.3245503 ], [ 76.6868386, 12.3244259 ], [ 76.6868925, 12.3241182 ], [ 76.6869015, 12.3240694 ], [ 76.6867222, 12.3240504 ], [ 76.6867147, 12.3241259 ], [ 76.6866712, 12.3241247 ], [ 76.6864788, 12.3241304 ], [ 76.6864534, 12.3241313 ], [ 76.686106, 12.3241335 ], [ 76.6859102, 12.3241306 ], [ 76.6858204, 12.3241293 ], [ 76.6856915, 12.3241274 ], [ 76.6851455, 12.3241055 ], [ 76.6849066, 12.3240823 ], [ 76.6846213, 12.3240545 ], [ 76.6835843, 12.3239452 ], [ 76.6835766, 12.3239804 ], [ 76.6835766, 12.3239805 ], [ 76.6835611, 12.3240494 ], [ 76.6834671, 12.3244848 ], [ 76.6834466, 12.3245925 ], [ 76.6834158, 12.3247538 ], [ 76.6833622, 12.3250063 ], [ 76.6830965, 12.3249585 ], [ 76.6829253, 12.3249288 ], [ 76.682871, 12.3249194 ], [ 76.6824259, 12.324842 ], [ 76.6823428, 12.3254103 ], [ 76.6822786, 12.3258499 ], [ 76.6822681, 12.3259245 ], [ 76.6822608, 12.3259942 ], [ 76.6822452, 12.3261772 ], [ 76.6821987, 12.3268096 ], [ 76.6821928, 12.326925 ], [ 76.6821705, 12.3273748 ], [ 76.68217, 12.327385 ], [ 76.6821994, 12.3273942 ], [ 76.6822762, 12.3274181 ], [ 76.6824404, 12.3274682 ], [ 76.6825751, 12.3275109 ], [ 76.6826933, 12.3275508 ], [ 76.6828863, 12.3276159 ], [ 76.6829609, 12.327643 ], [ 76.6830483, 12.3276771 ], [ 76.683089, 12.3276936 ], [ 76.6831129, 12.3277038 ], [ 76.6832255, 12.3277512 ], [ 76.6832785, 12.3277752 ], [ 76.6834459, 12.3278555 ], [ 76.6835075, 12.3278857 ], [ 76.6835582, 12.3279114 ], [ 76.6837467, 12.3280153 ], [ 76.6839995, 12.3281495 ], [ 76.6841394, 12.3282238 ], [ 76.6842277, 12.3282696 ], [ 76.6842897, 12.3283009 ], [ 76.6843722, 12.3283388 ], [ 76.6844098, 12.3283558 ], [ 76.6844465, 12.3283715 ], [ 76.6847993, 12.3285163 ], [ 76.6850215, 12.3286039 ], [ 76.685306, 12.3287124 ], [ 76.6854202, 12.3287512 ], [ 76.6854565, 12.3287632 ], [ 76.6854931, 12.3287743 ], [ 76.6855437, 12.3287877 ], [ 76.685657, 12.3288127 ], [ 76.685814, 12.3288433 ], [ 76.686012, 12.3288804 ], [ 76.6860292, 12.3287959 ], [ 76.6860646, 12.3286235 ], [ 76.6861217, 12.3283458 ], [ 76.6861485, 12.3282172 ], [ 76.6861871, 12.3280481 ], [ 76.6862067, 12.3279671 ], [ 76.6862228, 12.3278993 ], [ 76.6862344, 12.32785 ], [ 76.6862536, 12.3277568 ], [ 76.686275, 12.327637 ], [ 76.686281, 12.3275973 ], [ 76.6863018, 12.3274539 ], [ 76.6863821, 12.3268353 ], [ 76.6864247, 12.3265294 ], [ 76.6864454, 12.3263807 ], [ 76.6864572, 12.3263042 ], [ 76.6864662, 12.326246 ] ] ] } },
{ "type": "Feature", "id": 33, "properties": { "tessellate": -1, "extrude": 0, "visibility": -1, "KGISWardID": 6419, "KGISWardCode": "2605034", "KGISWardName": "Kalyanagiri", "SHAPE.STArea()": 741318.76574706996, "SHAPE.STLength()": 3954.9529187778699, "OBJECTID": 20139, "KGISWardNo": "34", "KGISTownCode": "2605", "LGD_WardCode": 28839, "created_user": "SA", "created_date": 1634898537000.0, "last_edited_user": "SA", "last_edited_date": 1643365734000.0 }, "geometry": { "type": "Polygon", "coordinates": [ [ [ 76.6949509, 12.3327545 ], [ 76.6950057, 12.332691 ], [ 76.6955136, 12.3319479 ], [ 76.6957896, 12.3315149 ], [ 76.6958159, 12.3314662 ], [ 76.6958329, 12.3314348 ], [ 76.6959577, 12.3312042 ], [ 76.6960085, 12.3311103 ], [ 76.6960125, 12.3311017 ], [ 76.6960715, 12.3309745 ], [ 76.6961608, 12.330782 ], [ 76.6962404, 12.3304783 ], [ 76.6963178, 12.3301824 ], [ 76.6964416, 12.3296065 ], [ 76.6964854, 12.3294477 ], [ 76.6965333, 12.3292744 ], [ 76.6965505, 12.3292119 ], [ 76.6966042, 12.3290176 ], [ 76.6966177, 12.3289688 ], [ 76.6967033, 12.3287309 ], [ 76.696773, 12.3285627 ], [ 76.6967842, 12.3285358 ], [ 76.6970555, 12.3280075 ], [ 76.6971552, 12.3278258 ], [ 76.6972791, 12.3276001 ], [ 76.6974838, 12.3272271 ], [ 76.6974951, 12.3272007 ], [ 76.6975241, 12.3271335 ], [ 76.6976286, 12.3268913 ], [ 76.6976484, 12.3268594 ], [ 76.6971012, 12.3266124 ], [ 76.697063, 12.3265951 ], [ 76.6970624, 12.3265948 ], [ 76.6967638, 12.32646 ], [ 76.6967225, 12.3264406 ], [ 76.6960988, 12.3261384 ], [ 76.69572, 12.3259487 ], [ 76.6957018, 12.3259395 ], [ 76.695627, 12.3259057 ], [ 76.6955604, 12.3258769 ], [ 76.6955161, 12.3258605 ], [ 76.6955007, 12.3258554 ], [ 76.6954819, 12.3258497 ], [ 76.6954569, 12.3258421 ], [ 76.695426, 12.3258352 ], [ 76.6953985, 12.3258301 ], [ 76.6953802, 12.3258274 ], [ 76.6953332, 12.3258218 ], [ 76.6953242, 12.3258211 ], [ 76.695302, 12.3258197 ], [ 76.6951815, 12.3258168 ], [ 76.6949968, 12.3258123 ], [ 76.6947709, 12.3258068 ], [ 76.6946749, 12.3258055 ], [ 76.6944153, 12.3258084 ], [ 76.6944006, 12.3258092 ], [ 76.6943016, 12.3258165 ], [ 76.6942111, 12.3258275 ], [ 76.6939616, 12.325875 ], [ 76.6935928, 12.3259473 ], [ 76.6935667, 12.3259525 ], [ 76.6935642, 12.325953 ], [ 76.6928105, 12.326098 ], [ 76.6926308, 12.3261319 ], [ 76.6920683, 12.326246 ], [ 76.6919322, 12.3262732 ], [ 76.6918845, 12.3262816 ], [ 76.6918367, 12.3262879 ], [ 76.6918094, 12.3262896 ], [ 76.6917709, 12.3262897 ], [ 76.6916186, 12.3262803 ], [ 76.6910522, 12.3262137 ], [ 76.6910382, 12.3262127 ], [ 76.69106, 12.32599 ], [ 76.6911042, 12.3255833 ], [ 76.6911861, 12.3248287 ], [ 76.6911876, 12.3248118 ], [ 76.6911907, 12.3247718 ], [ 76.6912145, 12.3244667 ], [ 76.6912356, 12.3242395 ], [ 76.6912697, 12.3239383 ], [ 76.6908186, 12.3238568 ], [ 76.6905828, 12.3238142 ], [ 76.6905592, 12.3238099 ], [ 76.6902694, 12.3237575 ], [ 76.6899632, 12.3236978 ], [ 76.6898974, 12.323686 ], [ 76.6897043, 12.323657 ], [ 76.6896898, 12.3236556 ], [ 76.689648, 12.3236516 ], [ 76.6896342, 12.3236495 ], [ 76.6896134, 12.3236462 ], [ 76.689578, 12.3236383 ], [ 76.6895573, 12.3236321 ], [ 76.68953, 12.3236213 ], [ 76.6895076, 12.3236113 ], [ 76.6894979, 12.3236059 ], [ 76.6894597, 12.3235848 ], [ 76.6894529, 12.3235815 ], [ 76.6894361, 12.3235745 ], [ 76.6894248, 12.3235705 ], [ 76.6894035, 12.3235628 ], [ 76.6893682, 12.3235537 ], [ 76.6893132, 12.3235434 ], [ 76.6891276, 12.3235085 ], [ 76.6890107, 12.3234865 ], [ 76.688933, 12.3234865 ], [ 76.6887173, 12.3234865 ], [ 76.6887055, 12.3234866 ], [ 76.6885555, 12.3234824 ], [ 76.6883848, 12.3234715 ], [ 76.6881565, 12.3234569 ], [ 76.6881291, 12.3234552 ], [ 76.6880753, 12.3239434 ], [ 76.6880275, 12.324239 ], [ 76.6879523, 12.3242276 ], [ 76.6877437, 12.3241959 ], [ 76.6869299, 12.3240724 ], [ 76.6869015, 12.3240694 ], [ 76.6868925, 12.3241182 ], [ 76.6868386, 12.3244259 ], [ 76.6868197, 12.3245503 ], [ 76.686812, 12.3246058 ], [ 76.6868093, 12.3246253 ], [ 76.686788, 12.3249035 ], [ 76.6867753, 12.3252025 ], [ 76.6867743, 12.3252192 ], [ 76.6867678, 12.3253187 ], [ 76.6867593, 12.3253963 ], [ 76.6867517, 12.3254518 ], [ 76.6867363, 12.3255483 ], [ 76.6867165, 12.3256795 ], [ 76.6867107, 12.3257189 ], [ 76.6867018, 12.3257663 ], [ 76.686663, 12.3259872 ], [ 76.6866569, 12.3260275 ], [ 76.6866487, 12.3260849 ], [ 76.6866283, 12.3262284 ], [ 76.6864726, 12.3262059 ], [ 76.6864662, 12.326246 ], [ 76.6864572, 12.3263042 ], [ 76.6864454, 12.3263807 ], [ 76.6864247, 12.3265294 ], [ 76.6863821, 12.3268353 ], [ 76.6863018, 12.3274539 ], [ 76.686281, 12.3275973 ], [ 76.686275, 12.327637 ], [ 76.6862536, 12.3277568 ], [ 76.6862344, 12.32785 ], [ 76.6862228, 12.3278993 ], [ 76.6862067, 12.3279671 ], [ 76.6861871, 12.3280481 ], [ 76.6861485, 12.3282172 ], [ 76.6861217, 12.3283458 ], [ 76.6860646, 12.3286235 ], [ 76.6860292, 12.3287959 ], [ 76.686012, 12.3288804 ], [ 76.686028, 12.3288834 ], [ 76.6860824, 12.3288951 ], [ 76.6864197, 12.3289678 ], [ 76.6865924, 12.3290049 ], [ 76.6869347, 12.3290751 ], [ 76.6870677, 12.3291035 ], [ 76.6873297, 12.3291591 ], [ 76.687393, 12.3291725 ], [ 76.687516, 12.3292019 ], [ 76.6875632, 12.3292139 ], [ 76.6877857, 12.3292704 ], [ 76.6879448, 12.3293097 ], [ 76.6880508, 12.3293399 ], [ 76.6881414, 12.3293651 ], [ 76.6882417, 12.3294111 ], [ 76.6883777, 12.3294936 ], [ 76.6884263, 12.3295301 ], [ 76.6884433, 12.3295428 ], [ 76.6884815, 12.3295748 ], [ 76.6885418, 12.3296297 ], [ 76.688596, 12.3296771 ], [ 76.6885993, 12.3296798 ], [ 76.6886082, 12.3296869 ], [ 76.6886559, 12.3297252 ], [ 76.6886872, 12.3297487 ], [ 76.6887189, 12.3297697 ], [ 76.6887809, 12.3298087 ], [ 76.6888248, 12.3298348 ], [ 76.6888858, 12.3298658 ], [ 76.6889329, 12.329888 ], [ 76.6890815, 12.3299588 ], [ 76.6892301, 12.3300232 ], [ 76.6893612, 12.3300757 ], [ 76.6893925, 12.3300905 ], [ 76.6893977, 12.3300929 ], [ 76.6894808, 12.3301299 ], [ 76.6895246, 12.3301506 ], [ 76.6896735, 12.3302211 ], [ 76.6898169, 12.3302913 ], [ 76.6898734, 12.3303199 ], [ 76.6905475, 12.3306799 ], [ 76.6906629, 12.3307491 ], [ 76.6909755, 12.3309367 ], [ 76.6912185, 12.3310825 ], [ 76.6914674, 12.3312385 ], [ 76.6919306, 12.3315288 ], [ 76.6920666, 12.331614 ], [ 76.6927204, 12.3320185 ], [ 76.693296, 12.3323813 ], [ 76.6939836, 12.332804 ], [ 76.693996, 12.3328116 ], [ 76.6941866, 12.3329321 ], [ 76.6945204, 12.3331431 ], [ 76.6945337, 12.3331342 ], [ 76.6945774, 12.333105 ], [ 76.694663, 12.333048 ], [ 76.6947284, 12.3330044 ], [ 76.6947726, 12.3329547 ], [ 76.6949509, 12.3327545 ] ] ] } },
{ "type": "Feature", "id": 34, "properties": { "tessellate": -1, "extrude": 0, "visibility": -1, "KGISWardID": 6422, "KGISWardCode": "2605035", "KGISWardName": "Sathgallai Badavane 1St Stage", "SHAPE.STArea()": 1608033.86645508, "SHAPE.STLength()": 5992.1224558671902, "OBJECTID": 20140, "KGISWardNo": "35", "KGISTownCode": "2605", "LGD_WardCode": 28840, "created_user": "SA", "created_date": 1634898537000.0, "last_edited_user": "SA", "last_edited_date": 1643365734000.0 }, "geometry": { "type": "Polygon", "coordinates": [ [ [ 76.6991994, 12.3239124 ], [ 76.6994488, 12.3234535 ], [ 76.699485, 12.3230658 ], [ 76.6995991, 12.3230431 ], [ 76.6996423, 12.3230346 ], [ 76.7000029, 12.3216988 ], [ 76.7000615, 12.3214814 ], [ 76.7002378, 12.3208283 ], [ 76.7003474, 12.3204328 ], [ 76.700471, 12.3199868 ], [ 76.7005154, 12.3198266 ], [ 76.7008244, 12.3187117 ], [ 76.7009908, 12.3181111 ], [ 76.7011411, 12.3175359 ], [ 76.701155, 12.3174829 ], [ 76.701231, 12.3171695 ], [ 76.7013183, 12.3168094 ], [ 76.7013454, 12.3166977 ], [ 76.7013669, 12.3164049 ], [ 76.7013814, 12.3162079 ], [ 76.7013883, 12.3161133 ], [ 76.7014252, 12.3156116 ], [ 76.7014264, 12.3156032 ], [ 76.7013916, 12.3156018 ], [ 76.7012208, 12.3155952 ], [ 76.7011142, 12.3155911 ], [ 76.7009799, 12.3155872 ], [ 76.7007929, 12.3155832 ], [ 76.700704, 12.3155814 ], [ 76.7000705, 12.3155911 ], [ 76.6999554, 12.315592 ], [ 76.6996589, 12.3155946 ], [ 76.6996578, 12.3156237 ], [ 76.6996576, 12.3156282 ], [ 76.6996571, 12.3156434 ], [ 76.6996525, 12.3157147 ], [ 76.6996512, 12.3157186 ], [ 76.6996501, 12.3157205 ], [ 76.6996479, 12.3157246 ], [ 76.6996432, 12.3157289 ], [ 76.6996358, 12.3157345 ], [ 76.6996275, 12.3157401 ], [ 76.6996218, 12.315743 ], [ 76.6996146, 12.3157458 ], [ 76.699598, 12.3157503 ], [ 76.6995799, 12.315753 ], [ 76.6995592, 12.3157551 ], [ 76.6995287, 12.3157563 ], [ 76.6992805, 12.3157595 ], [ 76.6992658, 12.3157597 ], [ 76.6985216, 12.3157696 ], [ 76.6983307, 12.3157688 ], [ 76.6983233, 12.3157693 ], [ 76.6983158, 12.3157706 ], [ 76.6983128, 12.3157717 ], [ 76.6983076, 12.3157751 ], [ 76.6983059, 12.3157771 ], [ 76.6983033, 12.3157803 ], [ 76.6983017, 12.3157844 ], [ 76.6983012, 12.3157887 ], [ 76.6983004, 12.3157962 ], [ 76.6982999, 12.3158004 ], [ 76.6982998, 12.3158101 ], [ 76.6982999, 12.3158124 ], [ 76.6983006, 12.3158321 ], [ 76.6983081, 12.316043 ], [ 76.6979818, 12.3160513 ], [ 76.6979619, 12.3160518 ], [ 76.6979121, 12.316053 ], [ 76.6977326, 12.316053 ], [ 76.697312, 12.3160529 ], [ 76.6971884, 12.3159577 ], [ 76.6971551, 12.315932 ], [ 76.6970525, 12.3158476 ], [ 76.6970084, 12.3158095 ], [ 76.6969065, 12.3157215 ], [ 76.6967943, 12.3156218 ], [ 76.6967924, 12.3156201 ], [ 76.6967852, 12.3156153 ], [ 76.6967713, 12.3156085 ], [ 76.6967542, 12.3156021 ], [ 76.6967198, 12.3155936 ], [ 76.6966972, 12.3155897 ], [ 76.6966518, 12.3155829 ], [ 76.6964526, 12.3155501 ], [ 76.6964445, 12.3155487 ], [ 76.6963985, 12.3155412 ], [ 76.6963805, 12.3155486 ], [ 76.6963451, 12.3155702 ], [ 76.6962731, 12.3156199 ], [ 76.6962562, 12.3156334 ], [ 76.6962103, 12.3156651 ], [ 76.6961594, 12.3156967 ], [ 76.6961174, 12.3157204 ], [ 76.6960833, 12.3157367 ], [ 76.696047, 12.3157518 ], [ 76.696017, 12.3157619 ], [ 76.69599, 12.315769 ], [ 76.6959592, 12.3157744 ], [ 76.6959523, 12.3157754 ], [ 76.6959232, 12.3157779 ], [ 76.6959179, 12.3157784 ], [ 76.695902, 12.3157787 ], [ 76.6959015, 12.3157787 ], [ 76.6958801, 12.3157791 ], [ 76.6958483, 12.3157758 ], [ 76.6958378, 12.3157741 ], [ 76.6958147, 12.3157658 ], [ 76.6950135, 12.3154078 ], [ 76.6948995, 12.3153536 ], [ 76.6945724, 12.3152062 ], [ 76.6945456, 12.3151952 ], [ 76.694436, 12.3151575 ], [ 76.6943412, 12.3151287 ], [ 76.694203, 12.3150927 ], [ 76.6940163, 12.3150451 ], [ 76.6940122, 12.3150441 ], [ 76.6939709, 12.3150336 ], [ 76.6938848, 12.315027 ], [ 76.6938563, 12.3150248 ], [ 76.6936042, 12.315022 ], [ 76.693586, 12.315021 ], [ 76.6934532, 12.3150169 ], [ 76.6934192, 12.3150056 ], [ 76.6933633, 12.3149766 ], [ 76.6933461, 12.3149682 ], [ 76.6933159, 12.3149493 ], [ 76.6932758, 12.3149185 ], [ 76.6932488, 12.3148923 ], [ 76.6932321, 12.3148737 ], [ 76.6931571, 12.3147837 ], [ 76.69312, 12.3147392 ], [ 76.6930353, 12.3146138 ], [ 76.6930294, 12.314605 ], [ 76.6930205, 12.3145934 ], [ 76.6929959, 12.3145668 ], [ 76.6929837, 12.3145563 ], [ 76.6928872, 12.3144722 ], [ 76.6927902, 12.3143898 ], [ 76.6927505, 12.3143567 ], [ 76.6927088, 12.3143218 ], [ 76.6926714, 12.3142838 ], [ 76.6926503, 12.3142607 ], [ 76.6926204, 12.3142219 ], [ 76.6926071, 12.3142035 ], [ 76.6925578, 12.3141304 ], [ 76.6925407, 12.3141047 ], [ 76.6925063, 12.3140464 ], [ 76.6924736, 12.3139846 ], [ 76.6924692, 12.3139761 ], [ 76.6924374, 12.3139159 ], [ 76.6924336, 12.3139093 ], [ 76.6924248, 12.3138962 ], [ 76.6924219, 12.3138923 ], [ 76.6924167, 12.3138863 ], [ 76.6924088, 12.3138773 ], [ 76.692404, 12.3138735 ], [ 76.6923967, 12.3138689 ], [ 76.6923914, 12.3138665 ], [ 76.6923859, 12.3138644 ], [ 76.6923778, 12.3138617 ], [ 76.6922478, 12.3138271 ], [ 76.6922146, 12.3138182 ], [ 76.6921727, 12.3138071 ], [ 76.6919953, 12.313767 ], [ 76.6919902, 12.313823 ], [ 76.6919557, 12.3142166 ], [ 76.6919021, 12.3148295 ], [ 76.6918966, 12.3149123 ], [ 76.6916297, 12.3149105 ], [ 76.691058, 12.3149042 ], [ 76.6903496, 12.3148963 ], [ 76.6902418, 12.3148951 ], [ 76.6901607, 12.3148942 ], [ 76.6901732, 12.3145686 ], [ 76.6901825, 12.3143265 ], [ 76.6898056, 12.3143193 ], [ 76.6894201, 12.314312 ], [ 76.6893515, 12.3143107 ], [ 76.6893733, 12.3137672 ], [ 76.6893754, 12.3137135 ], [ 76.6893802, 12.3135932 ], [ 76.6893821, 12.3135467 ], [ 76.6893761, 12.3135465 ], [ 76.6893236, 12.3135444 ], [ 76.6892321, 12.3135408 ], [ 76.6892327, 12.3134343 ], [ 76.6892346, 12.3130892 ], [ 76.6892347, 12.3130756 ], [ 76.6890607, 12.3131418 ], [ 76.6889381, 12.3131884 ], [ 76.6889215, 12.3131947 ], [ 76.6878582, 12.313599 ], [ 76.6875802, 12.3137047 ], [ 76.687392, 12.3137784 ], [ 76.6871193, 12.3138853 ], [ 76.6866351, 12.3140892 ], [ 76.6866335, 12.3140899 ], [ 76.6866347, 12.3140946 ], [ 76.6866361, 12.3141001 ], [ 76.686637, 12.3141036 ], [ 76.68671, 12.314445 ], [ 76.6867343, 12.3145587 ], [ 76.6868455, 12.3150788 ], [ 76.6868831, 12.3152779 ], [ 76.6869004, 12.3153512 ], [ 76.6869179, 12.3154182 ], [ 76.6869522, 12.3155365 ], [ 76.6869978, 12.3156937 ], [ 76.6870242, 12.3157981 ], [ 76.6870329, 12.3158338 ], [ 76.687033, 12.3158341 ], [ 76.6870469, 12.3158909 ], [ 76.6870579, 12.3159361 ], [ 76.6871406, 12.3162837 ], [ 76.6871592, 12.3163774 ], [ 76.6871919, 12.3165819 ], [ 76.6871997, 12.3166425 ], [ 76.6872066, 12.3167141 ], [ 76.6872161, 12.316811 ], [ 76.6872216, 12.3169089 ], [ 76.6872238, 12.3169995 ], [ 76.6872249, 12.3173583 ], [ 76.687225, 12.3173713 ], [ 76.6872255, 12.3174261 ], [ 76.6872504, 12.3178319 ], [ 76.68725, 12.317887 ], [ 76.6872491, 12.3179001 ], [ 76.6872453, 12.3179328 ], [ 76.6872434, 12.3179439 ], [ 76.6872339, 12.3179801 ], [ 76.687225, 12.3180043 ], [ 76.6872196, 12.3180174 ], [ 76.6872056, 12.3180486 ], [ 76.6871756, 12.3181229 ], [ 76.6871712, 12.3181377 ], [ 76.6871655, 12.3181624 ], [ 76.6871642, 12.3181711 ], [ 76.6871627, 12.3181923 ], [ 76.6871628, 12.3182043 ], [ 76.6871789, 12.3184386 ], [ 76.6871856, 12.3185104 ], [ 76.6871914, 12.3185715 ], [ 76.6872237, 12.3189151 ], [ 76.6872409, 12.3190872 ], [ 76.6872428, 12.3191063 ], [ 76.6872771, 12.3194498 ], [ 76.6872853, 12.3195617 ], [ 76.6876461, 12.319547 ], [ 76.6876926, 12.3199871 ], [ 76.6876935, 12.3199949 ], [ 76.6877086, 12.3201378 ], [ 76.68773, 12.32034 ], [ 76.6877773, 12.3207875 ], [ 76.6870452, 12.3208434 ], [ 76.6870534, 12.3210444 ], [ 76.687358, 12.3210321 ], [ 76.6873819, 12.3210933 ], [ 76.6874957, 12.321384 ], [ 76.6875464, 12.3215047 ], [ 76.6875793, 12.3215831 ], [ 76.6875889, 12.3216127 ], [ 76.6876058, 12.3216706 ], [ 76.6876225, 12.3217292 ], [ 76.6876282, 12.3217567 ], [ 76.6876395, 12.3218157 ], [ 76.6876458, 12.3218591 ], [ 76.6876805, 12.3221024 ], [ 76.687692, 12.3222096 ], [ 76.6877036, 12.322339 ], [ 76.6877043, 12.3223468 ], [ 76.6877057, 12.322353 ], [ 76.6877109, 12.32237 ], [ 76.6877178, 12.3223873 ], [ 76.6877416, 12.3224465 ], [ 76.6877988, 12.3225989 ], [ 76.6878203, 12.3226706 ], [ 76.6878295, 12.3227055 ], [ 76.6878445, 12.3227669 ], [ 76.6879026, 12.3230035 ], [ 76.6879364, 12.3230738 ], [ 76.6880164, 12.3231917 ], [ 76.6880896, 12.3232996 ], [ 76.6881213, 12.3233798 ], [ 76.6881243, 12.3234087 ], [ 76.6881291, 12.3234552 ], [ 76.6881565, 12.3234569 ], [ 76.6883848, 12.3234715 ], [ 76.6885555, 12.3234824 ], [ 76.6887055, 12.3234866 ], [ 76.6887173, 12.3234865 ], [ 76.688933, 12.3234865 ], [ 76.6890107, 12.3234865 ], [ 76.6891276, 12.3235085 ], [ 76.6893132, 12.3235434 ], [ 76.6893682, 12.3235537 ], [ 76.6894035, 12.3235628 ], [ 76.6894248, 12.3235705 ], [ 76.6894361, 12.3235745 ], [ 76.6894529, 12.3235815 ], [ 76.6894597, 12.3235848 ], [ 76.6894979, 12.3236059 ], [ 76.6895076, 12.3236113 ], [ 76.68953, 12.3236213 ], [ 76.6895573, 12.3236321 ], [ 76.689578, 12.3236383 ], [ 76.6896134, 12.3236462 ], [ 76.6896342, 12.3236495 ], [ 76.689648, 12.3236516 ], [ 76.6896898, 12.3236556 ], [ 76.6897043, 12.323657 ], [ 76.6898974, 12.323686 ], [ 76.6899632, 12.3236978 ], [ 76.6902694, 12.3237575 ], [ 76.6905592, 12.3238099 ], [ 76.6905828, 12.3238142 ], [ 76.6908186, 12.3238568 ], [ 76.6912697, 12.3239383 ], [ 76.6912356, 12.3242395 ], [ 76.6912145, 12.3244667 ], [ 76.6911907, 12.3247718 ], [ 76.6911876, 12.3248118 ], [ 76.6911861, 12.3248287 ], [ 76.6911042, 12.3255833 ], [ 76.69106, 12.32599 ], [ 76.6910382, 12.3262127 ], [ 76.6910522, 12.3262137 ], [ 76.6916186, 12.3262803 ], [ 76.6917709, 12.3262897 ], [ 76.6918094, 12.3262896 ], [ 76.6918367, 12.3262879 ], [ 76.6918845, 12.3262816 ], [ 76.6919322, 12.3262732 ], [ 76.6920683, 12.326246 ], [ 76.6926308, 12.3261319 ], [ 76.6928105, 12.326098 ], [ 76.6935642, 12.325953 ], [ 76.6935667, 12.3259525 ], [ 76.6935928, 12.3259473 ], [ 76.6939616, 12.325875 ], [ 76.6942111, 12.3258275 ], [ 76.6943016, 12.3258165 ], [ 76.6944006, 12.3258092 ], [ 76.6944153, 12.3258084 ], [ 76.6946749, 12.3258055 ], [ 76.6947709, 12.3258068 ], [ 76.6949968, 12.3258123 ], [ 76.6951815, 12.3258168 ], [ 76.695302, 12.3258197 ], [ 76.6953242, 12.3258211 ], [ 76.6953332, 12.3258218 ], [ 76.6953802, 12.3258274 ], [ 76.6953985, 12.3258301 ], [ 76.695426, 12.3258352 ], [ 76.6954569, 12.3258421 ], [ 76.6954819, 12.3258497 ], [ 76.6955007, 12.3258554 ], [ 76.6955161, 12.3258605 ], [ 76.6955604, 12.3258769 ], [ 76.695627, 12.3259057 ], [ 76.6957018, 12.3259395 ], [ 76.69572, 12.3259487 ], [ 76.6960988, 12.3261384 ], [ 76.6967225, 12.3264406 ], [ 76.6967638, 12.32646 ], [ 76.6970624, 12.3265948 ], [ 76.697063, 12.3265951 ], [ 76.6971012, 12.3266124 ], [ 76.6976484, 12.3268594 ], [ 76.6978142, 12.3265915 ], [ 76.6978581, 12.3265017 ], [ 76.6982515, 12.3256965 ], [ 76.6982711, 12.3256563 ], [ 76.6984059, 12.3254085 ], [ 76.6984439, 12.3253387 ], [ 76.6985128, 12.3252121 ], [ 76.6986477, 12.3249641 ], [ 76.6987565, 12.324764 ], [ 76.6987874, 12.3247017 ], [ 76.6989642, 12.3243452 ], [ 76.6991994, 12.3239124 ] ] ] } },
{ "type": "Feature", "id": 35, "properties": { "tessellate": -1, "extrude": 0, "visibility": -1, "KGISWardID": 6423, "KGISWardCode": "2605036", "KGISWardName": "Yaraganahalli, Ambedkar Colony", "SHAPE.STArea()": 1266574.7540893599, "SHAPE.STLength()": 4551.8336060654501, "OBJECTID": 20141, "KGISWardNo": "36", "KGISTownCode": "2605", "LGD_WardCode": 28841, "created_user": "SA", "created_date": 1634898537000.0, "last_edited_user": "SA", "last_edited_date": 1643365734000.0 }, "geometry": { "type": "Polygon", "coordinates": [ [ [ 76.6983233, 12.3157693 ], [ 76.6983307, 12.3157688 ], [ 76.6985216, 12.3157696 ], [ 76.6992658, 12.3157597 ], [ 76.6992805, 12.3157595 ], [ 76.6995287, 12.3157563 ], [ 76.6995592, 12.3157551 ], [ 76.6995799, 12.315753 ], [ 76.699598, 12.3157503 ], [ 76.6996146, 12.3157458 ], [ 76.6996218, 12.315743 ], [ 76.6996275, 12.3157401 ], [ 76.6996358, 12.3157345 ], [ 76.6996432, 12.3157289 ], [ 76.6996479, 12.3157246 ], [ 76.6996501, 12.3157205 ], [ 76.6996512, 12.3157186 ], [ 76.6996525, 12.3157147 ], [ 76.6996571, 12.3156434 ], [ 76.6996576, 12.3156282 ], [ 76.6996578, 12.3156237 ], [ 76.6996589, 12.3155946 ], [ 76.6999554, 12.315592 ], [ 76.7000705, 12.3155911 ], [ 76.700704, 12.3155814 ], [ 76.7007929, 12.3155832 ], [ 76.7009799, 12.3155872 ], [ 76.7011142, 12.3155911 ], [ 76.7012208, 12.3155952 ], [ 76.7013916, 12.3156018 ], [ 76.7014264, 12.3156032 ], [ 76.7014758, 12.3152428 ], [ 76.7014936, 12.3149573 ], [ 76.7015412, 12.3145052 ], [ 76.7015465, 12.314437 ], [ 76.7015541, 12.31434 ], [ 76.7015607, 12.3142562 ], [ 76.701571, 12.3141245 ], [ 76.7016602, 12.3136605 ], [ 76.7017851, 12.3128396 ], [ 76.7019244, 12.3122516 ], [ 76.7019457, 12.3121614 ], [ 76.7019514, 12.3121206 ], [ 76.7020647, 12.3113107 ], [ 76.7021507, 12.3108991 ], [ 76.7021657, 12.3108275 ], [ 76.7022848, 12.3102578 ], [ 76.7023756, 12.3097693 ], [ 76.7024097, 12.3095856 ], [ 76.7024323, 12.3095143 ], [ 76.7025287, 12.3092095 ], [ 76.7025941, 12.3090027 ], [ 76.7028618, 12.3082769 ], [ 76.7030173, 12.3078475 ], [ 76.7030879, 12.3076523 ], [ 76.7031554, 12.3073747 ], [ 76.7031949, 12.3072121 ], [ 76.7034429, 12.3062514 ], [ 76.7035281, 12.3059213 ], [ 76.7037187, 12.305097 ], [ 76.7037303, 12.3050468 ], [ 76.703777, 12.3048071 ], [ 76.7037772, 12.3048063 ], [ 76.7036883, 12.3048068 ], [ 76.7029057, 12.304811 ], [ 76.7026514, 12.3048143 ], [ 76.7025592, 12.3048132 ], [ 76.7024777, 12.3048114 ], [ 76.7024283, 12.3048058 ], [ 76.7023487, 12.3047913 ], [ 76.7022893, 12.3047772 ], [ 76.7022297, 12.304759 ], [ 76.7021805, 12.3047393 ], [ 76.7020862, 12.3046927 ], [ 76.7020207, 12.3046604 ], [ 76.7018837, 12.3045831 ], [ 76.7018106, 12.3045451 ], [ 76.7017132, 12.3045023 ], [ 76.7016739, 12.3044894 ], [ 76.7016182, 12.3044752 ], [ 76.7016058, 12.3044726 ], [ 76.7015273, 12.3044651 ], [ 76.7013363, 12.3044571 ], [ 76.7011491, 12.3044559 ], [ 76.7010079, 12.3044551 ], [ 76.7009916, 12.3044555 ], [ 76.7008942, 12.3044629 ], [ 76.700832, 12.3044712 ], [ 76.700813, 12.304475 ], [ 76.7007471, 12.3044914 ], [ 76.7007141, 12.3045006 ], [ 76.700538, 12.3045573 ], [ 76.7004984, 12.3045648 ], [ 76.7004615, 12.3045679 ], [ 76.7004396, 12.304568 ], [ 76.7003728, 12.3045684 ], [ 76.7003075, 12.3045649 ], [ 76.700262, 12.3045598 ], [ 76.7002119, 12.3045492 ], [ 76.7001548, 12.3045325 ], [ 76.7000608, 12.3045014 ], [ 76.6999529, 12.3044658 ], [ 76.6999049, 12.3044561 ], [ 76.6997793, 12.3044482 ], [ 76.6991191, 12.3044152 ], [ 76.6986242, 12.3044075 ], [ 76.6982742, 12.3044293 ], [ 76.6980228, 12.3044573 ], [ 76.6979569, 12.3044658 ], [ 76.6976613, 12.3045039 ], [ 76.6973082, 12.304564 ], [ 76.6972088, 12.3045817 ], [ 76.6971123, 12.3045995 ], [ 76.696805, 12.3046625 ], [ 76.6965672, 12.304708 ], [ 76.6959224, 12.3048475 ], [ 76.6958709, 12.3048587 ], [ 76.6955489, 12.3049237 ], [ 76.6954577, 12.3049408 ], [ 76.6953411, 12.3049617 ], [ 76.6942605, 12.3051168 ], [ 76.6942279, 12.3051215 ], [ 76.693114, 12.3052811 ], [ 76.6931676, 12.3056161 ], [ 76.6931692, 12.3056408 ], [ 76.6931841, 12.3060201 ], [ 76.6931939, 12.3062247 ], [ 76.6932057, 12.3064448 ], [ 76.6932167, 12.3067025 ], [ 76.6932175, 12.3067217 ], [ 76.6932229, 12.3068475 ], [ 76.6932667, 12.3074643 ], [ 76.6932888, 12.3080154 ], [ 76.6932946, 12.308349 ], [ 76.6932776, 12.3085885 ], [ 76.693243, 12.308793 ], [ 76.6932353, 12.3088295 ], [ 76.6932237, 12.3088798 ], [ 76.6932223, 12.3088856 ], [ 76.6932178, 12.3089039 ], [ 76.6932075, 12.3089461 ], [ 76.6931863, 12.3090243 ], [ 76.6931666, 12.3090974 ], [ 76.6931118, 12.3092538 ], [ 76.6930937, 12.3093028 ], [ 76.6930758, 12.3093428 ], [ 76.6930564, 12.3093789 ], [ 76.69304, 12.3094058 ], [ 76.6930296, 12.3094205 ], [ 76.6930183, 12.3094363 ], [ 76.6929915, 12.3094701 ], [ 76.6929586, 12.3095061 ], [ 76.6929467, 12.3095188 ], [ 76.6929059, 12.3095584 ], [ 76.69274, 12.3096995 ], [ 76.6926341, 12.309797 ], [ 76.692515, 12.3099441 ], [ 76.6923543, 12.3102322 ], [ 76.6923393, 12.3102655 ], [ 76.6923298, 12.3102894 ], [ 76.6923113, 12.3103391 ], [ 76.692306, 12.3103585 ], [ 76.6923026, 12.3103713 ], [ 76.6922926, 12.3104165 ], [ 76.6922856, 12.3104481 ], [ 76.6922796, 12.3104683 ], [ 76.6922733, 12.3104915 ], [ 76.692268, 12.3105212 ], [ 76.6922473, 12.3107436 ], [ 76.6922142, 12.3110923 ], [ 76.6921956, 12.3112879 ], [ 76.6921484, 12.3119273 ], [ 76.6921305, 12.3121814 ], [ 76.6921291, 12.3122008 ], [ 76.692097, 12.3126551 ], [ 76.6920503, 12.313165 ], [ 76.6920255, 12.3134366 ], [ 76.6919983, 12.3137337 ], [ 76.6919953, 12.313767 ], [ 76.6921727, 12.3138071 ], [ 76.6922146, 12.3138182 ], [ 76.6922478, 12.3138271 ], [ 76.6923778, 12.3138617 ], [ 76.6923859, 12.3138644 ], [ 76.6923914, 12.3138665 ], [ 76.6923967, 12.3138689 ], [ 76.692404, 12.3138735 ], [ 76.6924088, 12.3138773 ], [ 76.6924167, 12.3138863 ], [ 76.6924219, 12.3138923 ], [ 76.6924248, 12.3138962 ], [ 76.6924336, 12.3139093 ], [ 76.6924374, 12.3139159 ], [ 76.6924692, 12.3139761 ], [ 76.6924736, 12.3139846 ], [ 76.6925063, 12.3140464 ], [ 76.6925407, 12.3141047 ], [ 76.6925578, 12.3141304 ], [ 76.6926071, 12.3142035 ], [ 76.6926204, 12.3142219 ], [ 76.6926503, 12.3142607 ], [ 76.6926714, 12.3142838 ], [ 76.6927088, 12.3143218 ], [ 76.6927505, 12.3143567 ], [ 76.6927902, 12.3143898 ], [ 76.6928872, 12.3144722 ], [ 76.6929837, 12.3145563 ], [ 76.6929959, 12.3145668 ], [ 76.6930205, 12.3145934 ], [ 76.6930294, 12.314605 ], [ 76.6930353, 12.3146138 ], [ 76.69312, 12.3147392 ], [ 76.6931571, 12.3147837 ], [ 76.6932321, 12.3148737 ], [ 76.6932488, 12.3148923 ], [ 76.6932758, 12.3149185 ], [ 76.6933159, 12.3149493 ], [ 76.6933461, 12.3149682 ], [ 76.6933633, 12.3149766 ], [ 76.6934192, 12.3150056 ], [ 76.6934532, 12.3150169 ], [ 76.693586, 12.315021 ], [ 76.6936042, 12.315022 ], [ 76.6938563, 12.3150248 ], [ 76.6938848, 12.315027 ], [ 76.6939709, 12.3150336 ], [ 76.6940122, 12.3150441 ], [ 76.6940163, 12.3150451 ], [ 76.694203, 12.3150927 ], [ 76.6943412, 12.3151287 ], [ 76.694436, 12.3151575 ], [ 76.6945456, 12.3151952 ], [ 76.6945724, 12.3152062 ], [ 76.6948995, 12.3153536 ], [ 76.6950135, 12.3154078 ], [ 76.6958147, 12.3157658 ], [ 76.6958378, 12.3157741 ], [ 76.6958483, 12.3157758 ], [ 76.6958801, 12.3157791 ], [ 76.6959015, 12.3157787 ], [ 76.695902, 12.3157787 ], [ 76.6959179, 12.3157784 ], [ 76.6959232, 12.3157779 ], [ 76.6959523, 12.3157754 ], [ 76.6959592, 12.3157744 ], [ 76.69599, 12.315769 ], [ 76.696017, 12.3157619 ], [ 76.696047, 12.3157518 ], [ 76.6960833, 12.3157367 ], [ 76.6961174, 12.3157204 ], [ 76.6961594, 12.3156967 ], [ 76.6962103, 12.3156651 ], [ 76.6962562, 12.3156334 ], [ 76.6962731, 12.3156199 ], [ 76.6963451, 12.3155702 ], [ 76.6963805, 12.3155486 ], [ 76.6963985, 12.3155412 ], [ 76.6964445, 12.3155487 ], [ 76.6964526, 12.3155501 ], [ 76.6966518, 12.3155829 ], [ 76.6966972, 12.3155897 ], [ 76.6967198, 12.3155936 ], [ 76.6967542, 12.3156021 ], [ 76.6967713, 12.3156085 ], [ 76.6967852, 12.3156153 ], [ 76.6967924, 12.3156201 ], [ 76.6967943, 12.3156218 ], [ 76.6969065, 12.3157215 ], [ 76.6970084, 12.3158095 ], [ 76.6970525, 12.3158476 ], [ 76.6971551, 12.315932 ], [ 76.6971884, 12.3159577 ], [ 76.697312, 12.3160529 ], [ 76.6977326, 12.316053 ], [ 76.6979121, 12.316053 ], [ 76.6979619, 12.3160518 ], [ 76.6979818, 12.3160513 ], [ 76.6983081, 12.316043 ], [ 76.6983006, 12.3158321 ], [ 76.6982999, 12.3158124 ], [ 76.6982998, 12.3158101 ], [ 76.6982999, 12.3158004 ], [ 76.6983004, 12.3157962 ], [ 76.6983012, 12.3157887 ], [ 76.6983017, 12.3157844 ], [ 76.6983033, 12.3157803 ], [ 76.6983059, 12.3157771 ], [ 76.6983076, 12.3157751 ], [ 76.6983128, 12.3157717 ], [ 76.6983158, 12.3157706 ], [ 76.6983233, 12.3157693 ] ] ] } },
{ "type": "Feature", "id": 36, "properties": { "tessellate": -1, "extrude": 0, "visibility": -1, "KGISWardID": 6426, "KGISWardCode": "2605037", "KGISWardName": "Ragavendra Nagara", "SHAPE.STArea()": 1035413.89459229, "SHAPE.STLength()": 5043.9788962163602, "OBJECTID": 20142, "KGISWardNo": "37", "KGISTownCode": "2605", "LGD_WardCode": 28842, "created_user": "SA", "created_date": 1634898537000.0, "last_edited_user": "SA", "last_edited_date": 1643365734000.0 }, "geometry": { "type": "Polygon", "coordinates": [ [ [ 76.6920503, 12.313165 ], [ 76.692097, 12.3126551 ], [ 76.6921291, 12.3122008 ], [ 76.6921305, 12.3121814 ], [ 76.6921484, 12.3119273 ], [ 76.6921956, 12.3112879 ], [ 76.6922142, 12.3110923 ], [ 76.6922473, 12.3107436 ], [ 76.692268, 12.3105212 ], [ 76.6922733, 12.3104915 ], [ 76.6922796, 12.3104683 ], [ 76.6922856, 12.3104481 ], [ 76.6922926, 12.3104165 ], [ 76.6923026, 12.3103713 ], [ 76.692306, 12.3103585 ], [ 76.6923113, 12.3103391 ], [ 76.6923298, 12.3102894 ], [ 76.6923393, 12.3102655 ], [ 76.6923543, 12.3102322 ], [ 76.692515, 12.3099441 ], [ 76.6926341, 12.309797 ], [ 76.69274, 12.3096995 ], [ 76.6929059, 12.3095584 ], [ 76.6929467, 12.3095188 ], [ 76.6929586, 12.3095061 ], [ 76.6929915, 12.3094701 ], [ 76.6930183, 12.3094363 ], [ 76.6930296, 12.3094205 ], [ 76.69304, 12.3094058 ], [ 76.6930564, 12.3093789 ], [ 76.6930758, 12.3093428 ], [ 76.6930937, 12.3093028 ], [ 76.6931118, 12.3092538 ], [ 76.6931666, 12.3090974 ], [ 76.6931863, 12.3090243 ], [ 76.6932075, 12.3089461 ], [ 76.6932178, 12.3089039 ], [ 76.6932223, 12.3088856 ], [ 76.6932237, 12.3088798 ], [ 76.6932353, 12.3088295 ], [ 76.693243, 12.308793 ], [ 76.6932776, 12.3085885 ], [ 76.6932946, 12.308349 ], [ 76.6932888, 12.3080154 ], [ 76.6932667, 12.3074643 ], [ 76.6932229, 12.3068475 ], [ 76.6932175, 12.3067217 ], [ 76.6932167, 12.3067025 ], [ 76.6932057, 12.3064448 ], [ 76.6931939, 12.3062247 ], [ 76.6931841, 12.3060201 ], [ 76.6931692, 12.3056408 ], [ 76.6931676, 12.3056161 ], [ 76.693114, 12.3052811 ], [ 76.6930954, 12.3051645 ], [ 76.6929813, 12.3048393 ], [ 76.6927797, 12.3042209 ], [ 76.6925049, 12.3034952 ], [ 76.6912405, 12.3035652 ], [ 76.69011, 12.3036131 ], [ 76.6878858, 12.3036699 ], [ 76.6863429, 12.3037294 ], [ 76.6848468, 12.3037788 ], [ 76.6847508, 12.3037834 ], [ 76.6847524, 12.3038931 ], [ 76.6847509, 12.3039547 ], [ 76.6847496, 12.3039663 ], [ 76.6847471, 12.3039731 ], [ 76.6847454, 12.303976 ], [ 76.6847403, 12.3039826 ], [ 76.6847336, 12.3039876 ], [ 76.6847258, 12.3039915 ], [ 76.6847215, 12.3039931 ], [ 76.6842028, 12.3041031 ], [ 76.6833266, 12.3043167 ], [ 76.6827475, 12.3044579 ], [ 76.6823699, 12.3045548 ], [ 76.68211, 12.3046288 ], [ 76.6819808, 12.3046631 ], [ 76.6819059, 12.3046793 ], [ 76.6817852, 12.304695 ], [ 76.6815329, 12.304707 ], [ 76.6813709, 12.3047122 ], [ 76.6812714, 12.3047137 ], [ 76.6812475, 12.3053491 ], [ 76.681208, 12.3062119 ], [ 76.6811664, 12.3071412 ], [ 76.6811356, 12.307832 ], [ 76.6814729, 12.3078244 ], [ 76.6822913, 12.307772 ], [ 76.6823698, 12.3077603 ], [ 76.6824011, 12.3077539 ], [ 76.6824494, 12.3077431 ], [ 76.6825233, 12.3077245 ], [ 76.6826077, 12.3077033 ], [ 76.6828648, 12.3076366 ], [ 76.683623, 12.307431 ], [ 76.6838247, 12.3073791 ], [ 76.6841536, 12.3073005 ], [ 76.6842332, 12.3072814 ], [ 76.6843316, 12.3072586 ], [ 76.6848438, 12.3071346 ], [ 76.6850117, 12.3070983 ], [ 76.6851153, 12.307079 ], [ 76.6853571, 12.3070371 ], [ 76.6856122, 12.306993 ], [ 76.6856614, 12.3072112 ], [ 76.6857514, 12.3076103 ], [ 76.6857775, 12.3077301 ], [ 76.6858308, 12.3079749 ], [ 76.6858494, 12.3080604 ], [ 76.6858542, 12.3081071 ], [ 76.6858375, 12.3084222 ], [ 76.6858353, 12.3084693 ], [ 76.6858271, 12.3088406 ], [ 76.6858267, 12.3088587 ], [ 76.6858241, 12.3089776 ], [ 76.6858083, 12.3096375 ], [ 76.6858068, 12.309701 ], [ 76.6858074, 12.3097196 ], [ 76.6858123, 12.3099815 ], [ 76.6858199, 12.3101243 ], [ 76.6858212, 12.3101725 ], [ 76.6858228, 12.3102274 ], [ 76.6858238, 12.3102336 ], [ 76.6858248, 12.310235 ], [ 76.6858311, 12.3102391 ], [ 76.6858493, 12.3102408 ], [ 76.6858674, 12.3102422 ], [ 76.6861343, 12.3102638 ], [ 76.6861306, 12.3103071 ], [ 76.6861258, 12.3103633 ], [ 76.6861086, 12.3104756 ], [ 76.6861045, 12.3105023 ], [ 76.6861015, 12.3105221 ], [ 76.6859947, 12.3112185 ], [ 76.6859871, 12.3112469 ], [ 76.6859804, 12.3112642 ], [ 76.6859711, 12.3112845 ], [ 76.6859321, 12.3113586 ], [ 76.6859174, 12.3113854 ], [ 76.6859078, 12.3114038 ], [ 76.6858996, 12.3114217 ], [ 76.6858937, 12.3114357 ], [ 76.6858833, 12.3114646 ], [ 76.6858663, 12.3115115 ], [ 76.6858481, 12.3115857 ], [ 76.6858392, 12.311678 ], [ 76.6858392, 12.3117437 ], [ 76.6858391, 12.3117669 ], [ 76.6858391, 12.3117827 ], [ 76.6858391, 12.3118035 ], [ 76.6858426, 12.311865 ], [ 76.6858465, 12.3119078 ], [ 76.68585, 12.311947 ], [ 76.6858588, 12.3120089 ], [ 76.6858625, 12.3120285 ], [ 76.685879, 12.3120941 ], [ 76.6858803, 12.312099 ], [ 76.6859115, 12.3122014 ], [ 76.6859222, 12.3122366 ], [ 76.6859416, 12.3123001 ], [ 76.685949, 12.3123256 ], [ 76.6860081, 12.3125302 ], [ 76.6860213, 12.3125761 ], [ 76.6860444, 12.3126562 ], [ 76.6860594, 12.3126994 ], [ 76.6860844, 12.3127621 ], [ 76.6861213, 12.3128456 ], [ 76.6863644, 12.3133955 ], [ 76.6863796, 12.31343 ], [ 76.686476, 12.3136443 ], [ 76.686499, 12.3137045 ], [ 76.6865406, 12.3138135 ], [ 76.6865809, 12.3139189 ], [ 76.6866059, 12.3139843 ], [ 76.6866301, 12.3140771 ], [ 76.6866335, 12.3140899 ], [ 76.6866351, 12.3140892 ], [ 76.6871193, 12.3138853 ], [ 76.687392, 12.3137784 ], [ 76.6875802, 12.3137047 ], [ 76.6878582, 12.313599 ], [ 76.6889215, 12.3131947 ], [ 76.6889381, 12.3131884 ], [ 76.6890607, 12.3131418 ], [ 76.6892347, 12.3130756 ], [ 76.6892346, 12.3130892 ], [ 76.6892327, 12.3134343 ], [ 76.6892321, 12.3135408 ], [ 76.6893236, 12.3135444 ], [ 76.6893761, 12.3135465 ], [ 76.6893821, 12.3135467 ], [ 76.6893802, 12.3135932 ], [ 76.6893754, 12.3137135 ], [ 76.6893733, 12.3137672 ], [ 76.6893515, 12.3143107 ], [ 76.6894201, 12.314312 ], [ 76.6898056, 12.3143193 ], [ 76.6901825, 12.3143265 ], [ 76.6901732, 12.3145686 ], [ 76.6901607, 12.3148942 ], [ 76.6902418, 12.3148951 ], [ 76.6903496, 12.3148963 ], [ 76.691058, 12.3149042 ], [ 76.6916297, 12.3149105 ], [ 76.6918966, 12.3149123 ], [ 76.6919021, 12.3148295 ], [ 76.6919557, 12.3142166 ], [ 76.6919902, 12.313823 ], [ 76.6919953, 12.313767 ], [ 76.6919983, 12.3137337 ], [ 76.6920255, 12.3134366 ], [ 76.6920503, 12.313165 ] ] ] } },
{ "type": "Feature", "id": 37, "properties": { "tessellate": -1, "extrude": 0, "visibility": -1, "KGISWardID": 6427, "KGISWardCode": "2605038", "KGISWardName": "Giriyabovipallya", "SHAPE.STArea()": 790003.49383544899, "SHAPE.STLength()": 4689.0762419440798, "OBJECTID": 20143, "KGISWardNo": "38", "KGISTownCode": "2605", "LGD_WardCode": 28843, "created_user": "SA", "created_date": 1634898537000.0, "last_edited_user": "SA", "last_edited_date": 1643365734000.0 }, "geometry": { "type": "Polygon", "coordinates": [ [ [ 76.6819441, 12.3174415 ], [ 76.6819711, 12.3173958 ], [ 76.6820992, 12.3174606 ], [ 76.6821496, 12.3174824 ], [ 76.6822091, 12.3175038 ], [ 76.6822716, 12.3175229 ], [ 76.6823832, 12.3175541 ], [ 76.6824757, 12.3175745 ], [ 76.6825623, 12.3175936 ], [ 76.6826404, 12.3176105 ], [ 76.6826823, 12.3176188 ], [ 76.6827444, 12.3176278 ], [ 76.6828297, 12.3176372 ], [ 76.6828654, 12.3176399 ], [ 76.6828898, 12.31764 ], [ 76.6829785, 12.3176437 ], [ 76.6829997, 12.3176446 ], [ 76.6830797, 12.3176479 ], [ 76.6836727, 12.317693 ], [ 76.683705, 12.3176961 ], [ 76.6838622, 12.3177178 ], [ 76.6840161, 12.317739 ], [ 76.6841239, 12.317757 ], [ 76.6841734, 12.3177667 ], [ 76.6842472, 12.3177851 ], [ 76.6843726, 12.3178198 ], [ 76.6844208, 12.3178361 ], [ 76.6845466, 12.3178881 ], [ 76.6845675, 12.3178989 ], [ 76.6846175, 12.3179286 ], [ 76.6847474, 12.3180123 ], [ 76.6850283, 12.3181899 ], [ 76.6853254, 12.3183856 ], [ 76.6853694, 12.3184145 ], [ 76.6853788, 12.3184207 ], [ 76.6857355, 12.3186609 ], [ 76.6858447, 12.3187366 ], [ 76.686005, 12.3188496 ], [ 76.6862232, 12.319011 ], [ 76.686375, 12.3191244 ], [ 76.6863907, 12.3191333 ], [ 76.6863979, 12.3191359 ], [ 76.6864071, 12.3191381 ], [ 76.6864417, 12.3191447 ], [ 76.6864667, 12.3191465 ], [ 76.6865225, 12.3191446 ], [ 76.6868506, 12.3191181 ], [ 76.6868733, 12.3191163 ], [ 76.6868824, 12.3192034 ], [ 76.6868973, 12.3193467 ], [ 76.6869214, 12.3195784 ], [ 76.686981, 12.3195741 ], [ 76.6872853, 12.3195617 ], [ 76.6872771, 12.3194498 ], [ 76.6872428, 12.3191063 ], [ 76.6872409, 12.3190872 ], [ 76.6872237, 12.3189151 ], [ 76.6871914, 12.3185715 ], [ 76.6871856, 12.3185104 ], [ 76.6871789, 12.3184386 ], [ 76.6871628, 12.3182043 ], [ 76.6871627, 12.3181923 ], [ 76.6871642, 12.3181711 ], [ 76.6871655, 12.3181624 ], [ 76.6871712, 12.3181377 ], [ 76.6871756, 12.3181229 ], [ 76.6872056, 12.3180486 ], [ 76.6872196, 12.3180174 ], [ 76.687225, 12.3180043 ], [ 76.6872339, 12.3179801 ], [ 76.6872434, 12.3179439 ], [ 76.6872453, 12.3179328 ], [ 76.6872491, 12.3179001 ], [ 76.68725, 12.317887 ], [ 76.6872504, 12.3178319 ], [ 76.6872255, 12.3174261 ], [ 76.687225, 12.3173713 ], [ 76.6872249, 12.3173583 ], [ 76.6872238, 12.3169995 ], [ 76.6872216, 12.3169089 ], [ 76.6872161, 12.316811 ], [ 76.6872066, 12.3167141 ], [ 76.6871997, 12.3166425 ], [ 76.6871919, 12.3165819 ], [ 76.6871592, 12.3163774 ], [ 76.6871406, 12.3162837 ], [ 76.6870579, 12.3159361 ], [ 76.6870469, 12.3158909 ], [ 76.687033, 12.3158341 ], [ 76.6870329, 12.3158338 ], [ 76.6870242, 12.3157981 ], [ 76.6869978, 12.3156937 ], [ 76.6869522, 12.3155365 ], [ 76.6869179, 12.3154182 ], [ 76.6869004, 12.3153512 ], [ 76.6868831, 12.3152779 ], [ 76.6868455, 12.3150788 ], [ 76.6867343, 12.3145587 ], [ 76.68671, 12.314445 ], [ 76.686637, 12.3141036 ], [ 76.6866361, 12.3141001 ], [ 76.6866347, 12.3140946 ], [ 76.6866335, 12.3140899 ], [ 76.6866301, 12.3140771 ], [ 76.6866059, 12.3139843 ], [ 76.6865809, 12.3139189 ], [ 76.6865406, 12.3138135 ], [ 76.686499, 12.3137045 ], [ 76.686476, 12.3136443 ], [ 76.6863796, 12.31343 ], [ 76.6863644, 12.3133955 ], [ 76.6861213, 12.3128456 ], [ 76.6860844, 12.3127621 ], [ 76.6860594, 12.3126994 ], [ 76.6860444, 12.3126562 ], [ 76.6860213, 12.3125761 ], [ 76.6860081, 12.3125302 ], [ 76.685949, 12.3123256 ], [ 76.6859416, 12.3123001 ], [ 76.6859222, 12.3122366 ], [ 76.6859115, 12.3122014 ], [ 76.6858803, 12.312099 ], [ 76.685879, 12.3120941 ], [ 76.6858625, 12.3120285 ], [ 76.6858588, 12.3120089 ], [ 76.68585, 12.311947 ], [ 76.6858465, 12.3119078 ], [ 76.6858426, 12.311865 ], [ 76.6858391, 12.3118035 ], [ 76.6858391, 12.3117827 ], [ 76.6858391, 12.3117669 ], [ 76.6858392, 12.3117437 ], [ 76.6858392, 12.311678 ], [ 76.6858481, 12.3115857 ], [ 76.6858663, 12.3115115 ], [ 76.6858833, 12.3114646 ], [ 76.6858937, 12.3114357 ], [ 76.6858996, 12.3114217 ], [ 76.6859078, 12.3114038 ], [ 76.6859174, 12.3113854 ], [ 76.6859321, 12.3113586 ], [ 76.6859711, 12.3112845 ], [ 76.6859804, 12.3112642 ], [ 76.6859871, 12.3112469 ], [ 76.6859947, 12.3112185 ], [ 76.6861015, 12.3105221 ], [ 76.6861045, 12.3105023 ], [ 76.6861086, 12.3104756 ], [ 76.6861258, 12.3103633 ], [ 76.6861306, 12.3103071 ], [ 76.6861343, 12.3102638 ], [ 76.6858674, 12.3102422 ], [ 76.6858493, 12.3102408 ], [ 76.6858311, 12.3102391 ], [ 76.6858248, 12.310235 ], [ 76.6858238, 12.3102336 ], [ 76.6858228, 12.3102274 ], [ 76.6858212, 12.3101725 ], [ 76.6858199, 12.3101243 ], [ 76.6858123, 12.3099815 ], [ 76.6858074, 12.3097196 ], [ 76.6858068, 12.309701 ], [ 76.6858083, 12.3096375 ], [ 76.6858241, 12.3089776 ], [ 76.6858267, 12.3088587 ], [ 76.6858271, 12.3088406 ], [ 76.6858353, 12.3084693 ], [ 76.6858375, 12.3084222 ], [ 76.6858542, 12.3081071 ], [ 76.6858494, 12.3080604 ], [ 76.6858308, 12.3079749 ], [ 76.6857775, 12.3077301 ], [ 76.6857514, 12.3076103 ], [ 76.6856614, 12.3072112 ], [ 76.6856122, 12.306993 ], [ 76.6853571, 12.3070371 ], [ 76.6851153, 12.307079 ], [ 76.6850117, 12.3070983 ], [ 76.6848438, 12.3071346 ], [ 76.6843316, 12.3072586 ], [ 76.6842332, 12.3072814 ], [ 76.6841536, 12.3073005 ], [ 76.6838247, 12.3073791 ], [ 76.683623, 12.307431 ], [ 76.6828648, 12.3076366 ], [ 76.6826077, 12.3077033 ], [ 76.6825233, 12.3077245 ], [ 76.6824494, 12.3077431 ], [ 76.6824011, 12.3077539 ], [ 76.6823698, 12.3077603 ], [ 76.6822913, 12.307772 ], [ 76.6814729, 12.3078244 ], [ 76.6811356, 12.307832 ], [ 76.6809984, 12.307835 ], [ 76.6810016, 12.3079 ], [ 76.6810034, 12.3079379 ], [ 76.6810123, 12.3081186 ], [ 76.6810571, 12.3090296 ], [ 76.6810785, 12.3093331 ], [ 76.6811145, 12.3102515 ], [ 76.6811419, 12.3106136 ], [ 76.6811469, 12.3107804 ], [ 76.6811488, 12.3110693 ], [ 76.6811039, 12.3118674 ], [ 76.6810782, 12.3126971 ], [ 76.6810587, 12.3130652 ], [ 76.6808161, 12.3130713 ], [ 76.6806657, 12.313075 ], [ 76.6805904, 12.3130704 ], [ 76.6805893, 12.314076 ], [ 76.6805974, 12.3147076 ], [ 76.6806107, 12.3157408 ], [ 76.6806068, 12.3158406 ], [ 76.680573, 12.316685 ], [ 76.680127, 12.3168801 ], [ 76.6800881, 12.3168965 ], [ 76.6795331, 12.3171308 ], [ 76.6793716, 12.3171964 ], [ 76.6793441, 12.3172075 ], [ 76.679078, 12.3173075 ], [ 76.6786812, 12.3174565 ], [ 76.6785385, 12.3175101 ], [ 76.6785356, 12.3175292 ], [ 76.678506, 12.3177234 ], [ 76.6783393, 12.3186676 ], [ 76.6783119, 12.3188229 ], [ 76.6782552, 12.3191539 ], [ 76.6782528, 12.3191775 ], [ 76.6782525, 12.3191922 ], [ 76.6782552, 12.3192031 ], [ 76.6782627, 12.3192224 ], [ 76.6782704, 12.3192365 ], [ 76.6783047, 12.3192872 ], [ 76.678398, 12.3194136 ], [ 76.6784237, 12.3194484 ], [ 76.6784318, 12.3194603 ], [ 76.6785298, 12.3196068 ], [ 76.6785462, 12.3196331 ], [ 76.6785592, 12.3196452 ], [ 76.6785749, 12.3196572 ], [ 76.6785792, 12.3196597 ], [ 76.678608, 12.3196741 ], [ 76.6786513, 12.3196904 ], [ 76.6786997, 12.3197086 ], [ 76.6788221, 12.3197514 ], [ 76.6788822, 12.3197698 ], [ 76.6789564, 12.31979 ], [ 76.6789702, 12.3197937 ], [ 76.6790819, 12.3198216 ], [ 76.6791926, 12.3198487 ], [ 76.6793241, 12.3198791 ], [ 76.6794237, 12.3198995 ], [ 76.6795352, 12.3199185 ], [ 76.6796266, 12.319932 ], [ 76.6798008, 12.3199523 ], [ 76.6799964, 12.3199678 ], [ 76.6800837, 12.3199728 ], [ 76.6800969, 12.3199731 ], [ 76.6801212, 12.3199727 ], [ 76.6802718, 12.3199407 ], [ 76.6802992, 12.3199349 ], [ 76.6804675, 12.3196413 ], [ 76.6805417, 12.3195118 ], [ 76.680599, 12.3194235 ], [ 76.6807921, 12.3191257 ], [ 76.6807922, 12.3191256 ], [ 76.680848, 12.3190394 ], [ 76.6811344, 12.3185861 ], [ 76.6812428, 12.3184216 ], [ 76.6812471, 12.3184155 ], [ 76.6813589, 12.3182554 ], [ 76.6813787, 12.3182271 ], [ 76.6814039, 12.318193 ], [ 76.6814651, 12.318112 ], [ 76.6814932, 12.3180748 ], [ 76.6815111, 12.3180542 ], [ 76.6815276, 12.3180349 ], [ 76.6815931, 12.3179582 ], [ 76.6816458, 12.3178929 ], [ 76.6817481, 12.317766 ], [ 76.6817859, 12.3177094 ], [ 76.6818608, 12.3175825 ], [ 76.6818676, 12.3175711 ], [ 76.6819441, 12.3174415 ] ] ] } },
{ "type": "Feature", "id": 38, "properties": { "tessellate": -1, "extrude": 0, "visibility": -1, "KGISWardID": 6430, "KGISWardCode": "2605039", "KGISWardName": "Gathripuram 1St Stage", "SHAPE.STArea()": 1624992.32171631, "SHAPE.STLength()": 6161.7925571159203, "OBJECTID": 20144, "KGISWardNo": "39", "KGISTownCode": "2605", "LGD_WardCode": 28844, "created_user": "SA", "created_date": 1634898537000.0, "last_edited_user": "SA", "last_edited_date": 1643365734000.0 }, "geometry": { "type": "Polygon", "coordinates": [ [ [ 76.6734954, 12.3186881 ], [ 76.6734934, 12.3186569 ], [ 76.6730817, 12.3186659 ], [ 76.6722389, 12.3186865 ], [ 76.6717706, 12.318698 ], [ 76.6717683, 12.3186495 ], [ 76.6717179, 12.3175954 ], [ 76.6717589, 12.3175975 ], [ 76.6721091, 12.3176148 ], [ 76.6721245, 12.3174595 ], [ 76.6721658, 12.3168469 ], [ 76.6721997, 12.3163424 ], [ 76.6722015, 12.3163168 ], [ 76.6722217, 12.3163165 ], [ 76.6722399, 12.3163171 ], [ 76.6722616, 12.3163198 ], [ 76.6722817, 12.3163255 ], [ 76.672289, 12.3163281 ], [ 76.672316, 12.3163377 ], [ 76.672395, 12.3163657 ], [ 76.6724082, 12.3163703 ], [ 76.672427, 12.3163783 ], [ 76.6724846, 12.3164026 ], [ 76.6725646, 12.3164467 ], [ 76.6726252, 12.3164841 ], [ 76.6728895, 12.316665 ], [ 76.6730308, 12.3167618 ], [ 76.6736215, 12.3171424 ], [ 76.6737976, 12.3172559 ], [ 76.6738709, 12.3173042 ], [ 76.6740697, 12.3174353 ], [ 76.6741502, 12.3174944 ], [ 76.6742416, 12.3175616 ], [ 76.6743041, 12.3176075 ], [ 76.6744763, 12.3177341 ], [ 76.6745828, 12.3178124 ], [ 76.6750441, 12.3181421 ], [ 76.6751623, 12.3182246 ], [ 76.6752343, 12.318273 ], [ 76.6753328, 12.3183385 ], [ 76.6754362, 12.3184041 ], [ 76.6754662, 12.3184231 ], [ 76.6755105, 12.3184512 ], [ 76.6756038, 12.3185065 ], [ 76.6757031, 12.3185611 ], [ 76.6759005, 12.3186638 ], [ 76.6760035, 12.3186194 ], [ 76.6762375, 12.3185187 ], [ 76.677366, 12.3180044 ], [ 76.6775624, 12.3179148 ], [ 76.677729, 12.3178457 ], [ 76.6785385, 12.3175101 ], [ 76.6786812, 12.3174565 ], [ 76.679078, 12.3173075 ], [ 76.6793441, 12.3172075 ], [ 76.6793716, 12.3171964 ], [ 76.6795331, 12.3171308 ], [ 76.6800881, 12.3168965 ], [ 76.680127, 12.3168801 ], [ 76.680573, 12.316685 ], [ 76.6806068, 12.3158406 ], [ 76.6806107, 12.3157408 ], [ 76.6805974, 12.3147076 ], [ 76.6805893, 12.314076 ], [ 76.6805904, 12.3130704 ], [ 76.6806657, 12.313075 ], [ 76.6808161, 12.3130713 ], [ 76.6810587, 12.3130652 ], [ 76.6810782, 12.3126971 ], [ 76.6811039, 12.3118674 ], [ 76.6811488, 12.3110693 ], [ 76.6811469, 12.3107804 ], [ 76.6811419, 12.3106136 ], [ 76.6811145, 12.3102515 ], [ 76.6810785, 12.3093331 ], [ 76.6810571, 12.3090296 ], [ 76.6810123, 12.3081186 ], [ 76.6810034, 12.3079379 ], [ 76.6810016, 12.3079 ], [ 76.6809984, 12.307835 ], [ 76.6800679, 12.3078756 ], [ 76.6799621, 12.3078782 ], [ 76.679908, 12.3078795 ], [ 76.6797919, 12.3078823 ], [ 76.6794317, 12.307891 ], [ 76.6787662, 12.307897 ], [ 76.6782287, 12.3079008 ], [ 76.6778513, 12.3079023 ], [ 76.6778246, 12.3079025 ], [ 76.677816, 12.3079025 ], [ 76.6767935, 12.3079067 ], [ 76.6766699, 12.3079123 ], [ 76.6763186, 12.3079279 ], [ 76.6762079, 12.3079353 ], [ 76.675388, 12.3079996 ], [ 76.6752499, 12.3080083 ], [ 76.6752121, 12.3080097 ], [ 76.6750102, 12.3080138 ], [ 76.6744848, 12.3080174 ], [ 76.6744489, 12.3080177 ], [ 76.6744416, 12.3080178 ], [ 76.6742535, 12.3080195 ], [ 76.6739749, 12.3080225 ], [ 76.6737026, 12.3080152 ], [ 76.6735969, 12.3080101 ], [ 76.6734296, 12.3079944 ], [ 76.6732759, 12.3079768 ], [ 76.6731523, 12.3079613 ], [ 76.6730021, 12.3079387 ], [ 76.6729073, 12.3079244 ], [ 76.6728604, 12.3079185 ], [ 76.6727915, 12.3079114 ], [ 76.6726308, 12.3079069 ], [ 76.6725016, 12.3079033 ], [ 76.6723643, 12.307904 ], [ 76.6720709, 12.3079026 ], [ 76.6718996, 12.3079113 ], [ 76.671371, 12.3079623 ], [ 76.6710979, 12.3079887 ], [ 76.6707839, 12.3080089 ], [ 76.6707536, 12.3080107 ], [ 76.6702424, 12.3080527 ], [ 76.6700607, 12.3080676 ], [ 76.6695805, 12.3081071 ], [ 76.6674552, 12.308267 ], [ 76.6674548, 12.3082946 ], [ 76.6674558, 12.3083346 ], [ 76.6674562, 12.3083492 ], [ 76.6675007, 12.3093969 ], [ 76.6675178, 12.3095501 ], [ 76.667578, 12.3100888 ], [ 76.6676498, 12.3104759 ], [ 76.6677004, 12.3108041 ], [ 76.6678208, 12.3113881 ], [ 76.6679657, 12.3123774 ], [ 76.6680906, 12.3130834 ], [ 76.668108, 12.3132045 ], [ 76.6681437, 12.3134528 ], [ 76.6681373, 12.3135211 ], [ 76.6681285, 12.313555 ], [ 76.6681072, 12.3136145 ], [ 76.6681038, 12.313624 ], [ 76.6680936, 12.313645 ], [ 76.6680869, 12.3136573 ], [ 76.6680758, 12.3136723 ], [ 76.6680355, 12.3137177 ], [ 76.667984, 12.3137732 ], [ 76.6679024, 12.3138609 ], [ 76.6678635, 12.3138949 ], [ 76.6677255, 12.3139638 ], [ 76.667721, 12.313965 ], [ 76.6677208, 12.313965 ], [ 76.6677312, 12.3139878 ], [ 76.6677434, 12.3140152 ], [ 76.6678675, 12.3142928 ], [ 76.6679182, 12.3143958 ], [ 76.6680251, 12.3145985 ], [ 76.6681295, 12.3147965 ], [ 76.6684404, 12.3153791 ], [ 76.6684891, 12.3154808 ], [ 76.6685051, 12.3155171 ], [ 76.6685261, 12.3155734 ], [ 76.6685336, 12.3155946 ], [ 76.6685795, 12.3157336 ], [ 76.6686572, 12.3159676 ], [ 76.6686989, 12.3160934 ], [ 76.6688111, 12.3164314 ], [ 76.6689896, 12.3169592 ], [ 76.6690305, 12.3170803 ], [ 76.6690439, 12.3171328 ], [ 76.6690562, 12.3171945 ], [ 76.6690647, 12.317257 ], [ 76.6690726, 12.3173427 ], [ 76.669081, 12.3175068 ], [ 76.6690871, 12.3176426 ], [ 76.6690865, 12.3177161 ], [ 76.6690858, 12.3178119 ], [ 76.6690409, 12.3189239 ], [ 76.6690044, 12.3197291 ], [ 76.6690025, 12.3197708 ], [ 76.6689934, 12.3199707 ], [ 76.6689811, 12.3202756 ], [ 76.6689807, 12.3202841 ], [ 76.6689807, 12.3202844 ], [ 76.6690488, 12.320311 ], [ 76.6692614, 12.3203937 ], [ 76.6696479, 12.3205441 ], [ 76.6696889, 12.3205616 ], [ 76.6699161, 12.3206462 ], [ 76.6705227, 12.3208814 ], [ 76.6706885, 12.3209457 ], [ 76.6708759, 12.3210174 ], [ 76.6710305, 12.3210807 ], [ 76.6710409, 12.3210851 ], [ 76.6711517, 12.3211344 ], [ 76.6712374, 12.3211726 ], [ 76.6713782, 12.3212375 ], [ 76.6714855, 12.3212886 ], [ 76.6715351, 12.3213142 ], [ 76.6716642, 12.3213857 ], [ 76.6717749, 12.3214519 ], [ 76.6718563, 12.3215006 ], [ 76.6719819, 12.321579 ], [ 76.6720556, 12.3214612 ], [ 76.6721248, 12.3213437 ], [ 76.6721291, 12.3213369 ], [ 76.6725319, 12.320705 ], [ 76.672605, 12.3205941 ], [ 76.6726504, 12.3205249 ], [ 76.6727194, 12.3204198 ], [ 76.6727601, 12.3203654 ], [ 76.6727718, 12.3203504 ], [ 76.6728526, 12.3202568 ], [ 76.672881, 12.3202245 ], [ 76.6729334, 12.3201684 ], [ 76.673162, 12.3199407 ], [ 76.6732947, 12.3198154 ], [ 76.6735364, 12.3195868 ], [ 76.6735289, 12.3193175 ], [ 76.6735242, 12.3191516 ], [ 76.6734954, 12.3186881 ] ] ] } },
{ "type": "Feature", "id": 39, "properties": { "tessellate": -1, "extrude": 0, "visibility": -1, "KGISWardID": 6431, "KGISWardCode": "2605040", "KGISWardName": "Lashkar Mohalla", "SHAPE.STArea()": 1013711.8724365199, "SHAPE.STLength()": 5516.7481755955396, "OBJECTID": 20145, "KGISWardNo": "40", "KGISTownCode": "2605", "LGD_WardCode": 28845, "created_user": "SA", "created_date": 1634898537000.0, "last_edited_user": "SA", "last_edited_date": 1643365734000.0 }, "geometry": { "type": "Polygon", "coordinates": [ [ [ 76.6593207, 12.3161693 ], [ 76.6592631, 12.315615 ], [ 76.6591734, 12.3147524 ], [ 76.6591595, 12.3146184 ], [ 76.6590933, 12.3137625 ], [ 76.6590883, 12.3137231 ], [ 76.659566, 12.313586 ], [ 76.6599921, 12.3134579 ], [ 76.6602711, 12.3133698 ], [ 76.6603329, 12.3133479 ], [ 76.6604143, 12.3133192 ], [ 76.6605848, 12.3132564 ], [ 76.6607143, 12.3132005 ], [ 76.6608591, 12.3131321 ], [ 76.6610178, 12.3130491 ], [ 76.6610454, 12.3130332 ], [ 76.6613812, 12.3128212 ], [ 76.6614448, 12.312781 ], [ 76.6615459, 12.3127172 ], [ 76.6615609, 12.3132565 ], [ 76.6615632, 12.3133197 ], [ 76.6615658, 12.3134268 ], [ 76.6615681, 12.3134531 ], [ 76.6615729, 12.3134741 ], [ 76.6615769, 12.3134851 ], [ 76.6615808, 12.3134925 ], [ 76.6615887, 12.3135074 ], [ 76.6616087, 12.3135414 ], [ 76.6616143, 12.3135499 ], [ 76.6617223, 12.313709 ], [ 76.6617475, 12.3137481 ], [ 76.6619157, 12.3139971 ], [ 76.6619196, 12.3140043 ], [ 76.6619473, 12.3140553 ], [ 76.6619828, 12.3141207 ], [ 76.6620294, 12.3142192 ], [ 76.6620443, 12.3142507 ], [ 76.6620824, 12.3143417 ], [ 76.6620968, 12.3143802 ], [ 76.6622324, 12.3147699 ], [ 76.6625143, 12.314544 ], [ 76.6627253, 12.3143591 ], [ 76.6631641, 12.3138991 ], [ 76.663394, 12.3136572 ], [ 76.6634332, 12.3136239 ], [ 76.6634826, 12.3135949 ], [ 76.6635248, 12.313576 ], [ 76.6635671, 12.3135614 ], [ 76.6636166, 12.313551 ], [ 76.6637207, 12.3135348 ], [ 76.6637876, 12.3135243 ], [ 76.6640657, 12.3134809 ], [ 76.6642471, 12.3134645 ], [ 76.6643547, 12.3134537 ], [ 76.664497, 12.3134394 ], [ 76.664667, 12.3134223 ], [ 76.6648207, 12.3134166 ], [ 76.6648635, 12.3134146 ], [ 76.6649355, 12.3134114 ], [ 76.6649632, 12.3134134 ], [ 76.6650166, 12.3134216 ], [ 76.6650657, 12.313433 ], [ 76.6651102, 12.3134442 ], [ 76.6651721, 12.3134598 ], [ 76.6652659, 12.3134833 ], [ 76.6654271, 12.3135309 ], [ 76.6655486, 12.3135734 ], [ 76.6656582, 12.3136117 ], [ 76.6659591, 12.313722 ], [ 76.6664327, 12.3138786 ], [ 76.6664575, 12.3138867 ], [ 76.6667465, 12.3139814 ], [ 76.6667909, 12.3139917 ], [ 76.6668355, 12.3139993 ], [ 76.6668425, 12.3139998 ], [ 76.666892, 12.3139995 ], [ 76.6669974, 12.3139901 ], [ 76.6672434, 12.3139669 ], [ 76.6677019, 12.3139238 ], [ 76.6677208, 12.313965 ], [ 76.667721, 12.313965 ], [ 76.6677255, 12.3139638 ], [ 76.6678635, 12.3138949 ], [ 76.6679024, 12.3138609 ], [ 76.667984, 12.3137732 ], [ 76.6680355, 12.3137177 ], [ 76.6680758, 12.3136723 ], [ 76.6680869, 12.3136573 ], [ 76.6680936, 12.313645 ], [ 76.6681038, 12.313624 ], [ 76.6681072, 12.3136145 ], [ 76.6681285, 12.313555 ], [ 76.6681373, 12.3135211 ], [ 76.6681437, 12.3134528 ], [ 76.668108, 12.3132045 ], [ 76.6680906, 12.3130834 ], [ 76.6679657, 12.3123774 ], [ 76.6678208, 12.3113881 ], [ 76.6677004, 12.3108041 ], [ 76.6676498, 12.3104759 ], [ 76.667578, 12.3100888 ], [ 76.6675178, 12.3095501 ], [ 76.6675007, 12.3093969 ], [ 76.6674562, 12.3083492 ], [ 76.6674558, 12.3083346 ], [ 76.6674548, 12.3082946 ], [ 76.6674552, 12.308267 ], [ 76.6657926, 12.3084246 ], [ 76.6644982, 12.3085538 ], [ 76.6639261, 12.308606 ], [ 76.6636369, 12.3074507 ], [ 76.6634599, 12.3067434 ], [ 76.6634422, 12.3066846 ], [ 76.6630361, 12.3067419 ], [ 76.6614162, 12.3069702 ], [ 76.6602135, 12.3071737 ], [ 76.6601641, 12.3071821 ], [ 76.6598564, 12.3072581 ], [ 76.6590102, 12.307467 ], [ 76.6580328, 12.307714 ], [ 76.6576287, 12.3078161 ], [ 76.6575864, 12.3078268 ], [ 76.6572844, 12.307905 ], [ 76.6571708, 12.3079344 ], [ 76.6571384, 12.3079427 ], [ 76.6567056, 12.3080547 ], [ 76.656561, 12.3080962 ], [ 76.6558896, 12.3082772 ], [ 76.6558914, 12.308288 ], [ 76.6559031, 12.3083442 ], [ 76.6559063, 12.3083599 ], [ 76.6559546, 12.3086138 ], [ 76.6559614, 12.3086498 ], [ 76.6559852, 12.3087752 ], [ 76.6560041, 12.3088746 ], [ 76.6560042, 12.308875 ], [ 76.6560899, 12.3094187 ], [ 76.6561901, 12.3101219 ], [ 76.6562571, 12.3106355 ], [ 76.6562612, 12.3106718 ], [ 76.6562644, 12.3107011 ], [ 76.656353, 12.311496 ], [ 76.6564231, 12.3120656 ], [ 76.6564937, 12.3128788 ], [ 76.6554248, 12.3129418 ], [ 76.6553577, 12.3129481 ], [ 76.6552372, 12.3129593 ], [ 76.6547538, 12.3130041 ], [ 76.654155, 12.3130724 ], [ 76.6538664, 12.3131033 ], [ 76.6539039, 12.313266 ], [ 76.6539148, 12.3133192 ], [ 76.6539299, 12.3133929 ], [ 76.6539506, 12.3134993 ], [ 76.6540197, 12.3139097 ], [ 76.6540236, 12.3139338 ], [ 76.6540386, 12.3140491 ], [ 76.6541927, 12.315309 ], [ 76.6542002, 12.3153784 ], [ 76.6542847, 12.3159801 ], [ 76.65432, 12.3162323 ], [ 76.6543542, 12.3164761 ], [ 76.6543812, 12.3164719 ], [ 76.6545127, 12.3164511 ], [ 76.6547775, 12.3164101 ], [ 76.6552584, 12.3163372 ], [ 76.6563113, 12.3161777 ], [ 76.6564011, 12.3161645 ], [ 76.6569594, 12.3160827 ], [ 76.6570846, 12.3167159 ], [ 76.6572131, 12.3173651 ], [ 76.6572504, 12.3173563 ], [ 76.6577425, 12.3172399 ], [ 76.6575897, 12.3165257 ], [ 76.6576057, 12.3165224 ], [ 76.6576351, 12.3165164 ], [ 76.6577489, 12.3164929 ], [ 76.6577617, 12.3164903 ], [ 76.6584882, 12.3163407 ], [ 76.6593207, 12.3161693 ] ] ] } },
{ "type": "Feature", "id": 40, "properties": { "tessellate": -1, "extrude": 0, "visibility": -1, "KGISWardID": 6434, "KGISWardCode": "2605041", "KGISWardName": "Devarajamohalla", "SHAPE.STArea()": 527989.98913574195, "SHAPE.STLength()": 4714.2820502944296, "OBJECTID": 20146, "KGISWardNo": "41", "KGISTownCode": "2605", "LGD_WardCode": 28846, "created_user": "SA", "created_date": 1634898537000.0, "last_edited_user": "SA", "last_edited_date": 1643365734000.0 }, "geometry": { "type": "Polygon", "coordinates": [ [ [ 76.6543542, 12.3164761 ], [ 76.65432, 12.3162323 ], [ 76.6542847, 12.3159801 ], [ 76.6542002, 12.3153784 ], [ 76.6541927, 12.315309 ], [ 76.6540386, 12.3140491 ], [ 76.6540236, 12.3139338 ], [ 76.6540197, 12.3139097 ], [ 76.6539506, 12.3134993 ], [ 76.6539299, 12.3133929 ], [ 76.6539148, 12.3133192 ], [ 76.6539039, 12.313266 ], [ 76.6538664, 12.3131033 ], [ 76.654155, 12.3130724 ], [ 76.6547538, 12.3130041 ], [ 76.6552372, 12.3129593 ], [ 76.6553577, 12.3129481 ], [ 76.6554248, 12.3129418 ], [ 76.6564937, 12.3128788 ], [ 76.6564231, 12.3120656 ], [ 76.656353, 12.311496 ], [ 76.6562644, 12.3107011 ], [ 76.6562612, 12.3106718 ], [ 76.6562571, 12.3106355 ], [ 76.6561901, 12.3101219 ], [ 76.6560899, 12.3094187 ], [ 76.6560042, 12.308875 ], [ 76.6560041, 12.3088746 ], [ 76.6559852, 12.3087752 ], [ 76.6559614, 12.3086498 ], [ 76.6559546, 12.3086138 ], [ 76.6559063, 12.3083599 ], [ 76.6559031, 12.3083442 ], [ 76.6558914, 12.308288 ], [ 76.6558896, 12.3082772 ], [ 76.6558805, 12.3082228 ], [ 76.6552082, 12.3083297 ], [ 76.6531181, 12.3086621 ], [ 76.6530782, 12.3088333 ], [ 76.6530314, 12.3090343 ], [ 76.6530172, 12.309095 ], [ 76.6529898, 12.309191 ], [ 76.6529509, 12.3093273 ], [ 76.6528998, 12.3095065 ], [ 76.6526868, 12.3094531 ], [ 76.6525615, 12.3094217 ], [ 76.6524306, 12.3093865 ], [ 76.6522424, 12.3094266 ], [ 76.6521946, 12.3094368 ], [ 76.6520899, 12.3094571 ], [ 76.6511926, 12.3096505 ], [ 76.6508895, 12.3097158 ], [ 76.6498265, 12.3099449 ], [ 76.6491318, 12.3100819 ], [ 76.6484548, 12.3102154 ], [ 76.6482207, 12.3102644 ], [ 76.6474831, 12.3104187 ], [ 76.646333, 12.3106628 ], [ 76.6463507, 12.3107654 ], [ 76.6463587, 12.3108118 ], [ 76.6463946, 12.3109648 ], [ 76.646415, 12.3110515 ], [ 76.6464167, 12.3110578 ], [ 76.6464639, 12.3112341 ], [ 76.6465021, 12.3113548 ], [ 76.6465361, 12.3114491 ], [ 76.6465663, 12.3115187 ], [ 76.6465843, 12.3115524 ], [ 76.6466076, 12.3115896 ], [ 76.6466398, 12.3116343 ], [ 76.6466593, 12.3116593 ], [ 76.646721, 12.3117381 ], [ 76.648129, 12.3114388 ], [ 76.6481965, 12.3118021 ], [ 76.6483186, 12.3124593 ], [ 76.6483688, 12.3124419 ], [ 76.6487343, 12.3123152 ], [ 76.6488061, 12.3122938 ], [ 76.6488337, 12.312287 ], [ 76.6488628, 12.3122819 ], [ 76.6489645, 12.3122637 ], [ 76.6490785, 12.3122451 ], [ 76.6491947, 12.3122285 ], [ 76.6492248, 12.3122246 ], [ 76.6495007, 12.3121837 ], [ 76.6500541, 12.3121019 ], [ 76.6501973, 12.3120823 ], [ 76.6503231, 12.3120651 ], [ 76.6504552, 12.3120488 ], [ 76.6505417, 12.3120404 ], [ 76.6506604, 12.3120366 ], [ 76.6508598, 12.3120318 ], [ 76.6509443, 12.3120298 ], [ 76.6511837, 12.3120427 ], [ 76.6512784, 12.3120511 ], [ 76.6513237, 12.3120563 ], [ 76.6513669, 12.312064 ], [ 76.6514259, 12.3120792 ], [ 76.6520161, 12.3122412 ], [ 76.6518482, 12.3128021 ], [ 76.6518042, 12.3129398 ], [ 76.6513225, 12.3144509 ], [ 76.6509949, 12.3153158 ], [ 76.6509257, 12.3154857 ], [ 76.6508598, 12.315628 ], [ 76.6506509, 12.3160335 ], [ 76.6505095, 12.3162877 ], [ 76.6504057, 12.3164561 ], [ 76.6502774, 12.3166601 ], [ 76.650117, 12.3169113 ], [ 76.6499168, 12.3171965 ], [ 76.6498033, 12.317354 ], [ 76.6492435, 12.3181252 ], [ 76.6488198, 12.3186917 ], [ 76.6501787, 12.3185436 ], [ 76.650415, 12.3185174 ], [ 76.6507826, 12.3184895 ], [ 76.650803, 12.318488 ], [ 76.6508037, 12.3184747 ], [ 76.6508087, 12.3184359 ], [ 76.650811, 12.3184259 ], [ 76.6508136, 12.3184202 ], [ 76.6508169, 12.3184163 ], [ 76.6508259, 12.3184106 ], [ 76.6508407, 12.3184048 ], [ 76.6508471, 12.3184032 ], [ 76.6513, 12.3183273 ], [ 76.6518351, 12.3182499 ], [ 76.6518312, 12.318224 ], [ 76.6518044, 12.318045 ], [ 76.6517183, 12.3174709 ], [ 76.651702, 12.3173029 ], [ 76.6516494, 12.3168883 ], [ 76.6516494, 12.3168778 ], [ 76.6516605, 12.3168762 ], [ 76.6518944, 12.3168429 ], [ 76.6524689, 12.3167581 ], [ 76.6528545, 12.316701 ], [ 76.6539546, 12.3165382 ], [ 76.6543542, 12.3164761 ] ] ] } },
{ "type": "Feature", "id": 41, "properties": { "tessellate": -1, "extrude": 0, "visibility": -1, "KGISWardID": 6435, "KGISWardCode": "2605042", "KGISWardName": "K G Koppal", "SHAPE.STArea()": 1675541.81280518, "SHAPE.STLength()": 8111.06883320217, "OBJECTID": 20147, "KGISWardNo": "42", "KGISTownCode": "2605", "LGD_WardCode": 28847, "created_user": "SA", "created_date": 1634898537000.0, "last_edited_user": "SA", "last_edited_date": 1643365734000.0 }, "geometry": { "type": "Polygon", "coordinates": [ [ [ 76.6432992, 12.3026094 ], [ 76.6431071, 12.3024755 ], [ 76.6417241, 12.3015121 ], [ 76.6416082, 12.3005867 ], [ 76.6414382, 12.2992298 ], [ 76.6407241, 12.2993425 ], [ 76.6392131, 12.2995609 ], [ 76.6390199, 12.2995894 ], [ 76.6389682, 12.299597 ], [ 76.6388599, 12.2988414 ], [ 76.6386875, 12.2977503 ], [ 76.6386561, 12.2975558 ], [ 76.6385145, 12.2966774 ], [ 76.6384601, 12.2963399 ], [ 76.638416, 12.2960944 ], [ 76.638355, 12.2957547 ], [ 76.6383466, 12.2957023 ], [ 76.6381885, 12.2957197 ], [ 76.638092, 12.2957303 ], [ 76.6380818, 12.2957315 ], [ 76.6380748, 12.2957323 ], [ 76.6380612, 12.2957338 ], [ 76.6377373, 12.2957738 ], [ 76.6375405, 12.2957981 ], [ 76.6374813, 12.2958054 ], [ 76.6373247, 12.2958248 ], [ 76.6366767, 12.2959178 ], [ 76.6356833, 12.296053 ], [ 76.6356437, 12.2960583 ], [ 76.6354987, 12.2960763 ], [ 76.6354217, 12.2960859 ], [ 76.6348483, 12.2961571 ], [ 76.6342374, 12.2962203 ], [ 76.6341447, 12.2962277 ], [ 76.6336244, 12.2962507 ], [ 76.6335882, 12.2962523 ], [ 76.6330309, 12.2962769 ], [ 76.6330291, 12.2963085 ], [ 76.6330185, 12.296504 ], [ 76.6330217, 12.2966834 ], [ 76.6330302, 12.29716 ], [ 76.6330357, 12.2974746 ], [ 76.6330413, 12.2975893 ], [ 76.6330825, 12.2984418 ], [ 76.6330546, 12.2984495 ], [ 76.6329509, 12.2984677 ], [ 76.6325346, 12.2985433 ], [ 76.6324147, 12.2985665 ], [ 76.6322538, 12.2985977 ], [ 76.631697, 12.298717 ], [ 76.6309014, 12.2988941 ], [ 76.63024, 12.2990481 ], [ 76.6299909, 12.2991078 ], [ 76.6292209, 12.2992924 ], [ 76.6287232, 12.299409 ], [ 76.6283241, 12.299497 ], [ 76.6280648, 12.2995543 ], [ 76.6280209, 12.2995636 ], [ 76.6277924, 12.299612 ], [ 76.6276819, 12.299633 ], [ 76.6275843, 12.2996499 ], [ 76.627546, 12.2996544 ], [ 76.6262055, 12.2998285 ], [ 76.6262123, 12.2998704 ], [ 76.62625, 12.3001605 ], [ 76.6266112, 12.3029399 ], [ 76.6267039, 12.3037818 ], [ 76.6267254, 12.3037807 ], [ 76.6267682, 12.3037785 ], [ 76.6281858, 12.3036807 ], [ 76.6279699, 12.3016718 ], [ 76.6292459, 12.301529 ], [ 76.629252, 12.3015876 ], [ 76.629255, 12.3016168 ], [ 76.6293721, 12.3027666 ], [ 76.6294992, 12.3040133 ], [ 76.6295593, 12.3046037 ], [ 76.6296236, 12.3046025 ], [ 76.6303228, 12.304592 ], [ 76.6327962, 12.3046086 ], [ 76.6327631, 12.3042215 ], [ 76.6326747, 12.3033425 ], [ 76.632579, 12.3023899 ], [ 76.6324412, 12.3012231 ], [ 76.6324368, 12.3011843 ], [ 76.6324845, 12.3011793 ], [ 76.6329576, 12.3011266 ], [ 76.6336687, 12.3010473 ], [ 76.6338347, 12.3010274 ], [ 76.6347518, 12.3009175 ], [ 76.6350292, 12.3008832 ], [ 76.6350468, 12.3008816 ], [ 76.6350544, 12.300962 ], [ 76.635155, 12.3020559 ], [ 76.6352963, 12.3033401 ], [ 76.6353798, 12.3040601 ], [ 76.6355058, 12.3051189 ], [ 76.6355856, 12.3058429 ], [ 76.6356154, 12.3061138 ], [ 76.6356844, 12.30674 ], [ 76.6357154, 12.3070727 ], [ 76.6357651, 12.307088 ], [ 76.6364994, 12.3073081 ], [ 76.636877, 12.3074185 ], [ 76.636953, 12.3074446 ], [ 76.6369747, 12.3074539 ], [ 76.6370092, 12.3074716 ], [ 76.6370443, 12.3074938 ], [ 76.637057, 12.3075029 ], [ 76.6371014, 12.3075405 ], [ 76.6371308, 12.3075711 ], [ 76.637148, 12.3075919 ], [ 76.6373294, 12.307806 ], [ 76.6373643, 12.3078471 ], [ 76.6374185, 12.3079136 ], [ 76.6374501, 12.3079576 ], [ 76.6374593, 12.3079739 ], [ 76.6374871, 12.3080231 ], [ 76.6375068, 12.3080618 ], [ 76.6375137, 12.3080762 ], [ 76.6375298, 12.3081216 ], [ 76.6375442, 12.3081703 ], [ 76.637812, 12.3092275 ], [ 76.6378225, 12.309275 ], [ 76.6381886, 12.3109448 ], [ 76.6382334, 12.3111524 ], [ 76.6382657, 12.3113147 ], [ 76.6384482, 12.3122319 ], [ 76.6384654, 12.3123142 ], [ 76.6384803, 12.312311 ], [ 76.6393738, 12.3121016 ], [ 76.6403357, 12.3118983 ], [ 76.641174, 12.3117149 ], [ 76.6420129, 12.3115364 ], [ 76.6426418, 12.3114027 ], [ 76.6428336, 12.3113619 ], [ 76.6445473, 12.3109941 ], [ 76.6445037, 12.3106916 ], [ 76.6444252, 12.3101874 ], [ 76.6443752, 12.3098661 ], [ 76.6442242, 12.3088944 ], [ 76.6441347, 12.308319 ], [ 76.6440549, 12.3078666 ], [ 76.6440425, 12.3077962 ], [ 76.6440379, 12.3077704 ], [ 76.6439401, 12.3072199 ], [ 76.6437925, 12.3063196 ], [ 76.6436397, 12.3053755 ], [ 76.64353, 12.3046376 ], [ 76.6435245, 12.3046033 ], [ 76.6434997, 12.3044475 ], [ 76.6433701, 12.3036338 ], [ 76.6433406, 12.3034304 ], [ 76.6432987, 12.3031402 ], [ 76.6432548, 12.3028262 ], [ 76.6432509, 12.3027985 ], [ 76.6432386, 12.3027103 ], [ 76.6432271, 12.3026206 ], [ 76.643244, 12.302618 ], [ 76.6432992, 12.3026094 ] ] ] } },
{ "type": "Feature", "id": 42, "properties": { "tessellate": -1, "extrude": 0, "visibility": -1, "KGISWardID": 6438, "KGISWardCode": "2605043", "KGISWardName": "Tk_Layout", "SHAPE.STArea()": 419944.78430175799, "SHAPE.STLength()": 3303.9595807226201, "OBJECTID": 20148, "KGISWardNo": "43", "KGISTownCode": "2605", "LGD_WardCode": 28848, "created_user": "SA", "created_date": 1634898537000.0, "last_edited_user": "SA", "last_edited_date": 1643365734000.0 }, "geometry": { "type": "Polygon", "coordinates": [ [ [ 76.6199479, 12.302422 ], [ 76.6201103, 12.3008551 ], [ 76.6201612, 12.3004243 ], [ 76.6202315, 12.2998461 ], [ 76.6203474, 12.2991751 ], [ 76.6203737, 12.2990602 ], [ 76.6206717, 12.2977559 ], [ 76.6206948, 12.2976628 ], [ 76.6210581, 12.2962006 ], [ 76.6211767, 12.2957045 ], [ 76.6211311, 12.2957027 ], [ 76.6189834, 12.2956242 ], [ 76.6171567, 12.2955886 ], [ 76.6157708, 12.2955557 ], [ 76.6147457, 12.2955313 ], [ 76.6139339, 12.2955071 ], [ 76.6136471, 12.2957625 ], [ 76.6131883, 12.2961432 ], [ 76.6131539, 12.2961712 ], [ 76.6130481, 12.2962642 ], [ 76.6128643, 12.2964422 ], [ 76.6127741, 12.2965392 ], [ 76.612723, 12.2965957 ], [ 76.6126788, 12.2966464 ], [ 76.6126189, 12.2967151 ], [ 76.612258, 12.2971063 ], [ 76.6120874, 12.2972883 ], [ 76.6120165, 12.2973648 ], [ 76.6116909, 12.297716 ], [ 76.6116824, 12.2977252 ], [ 76.6123571, 12.2978187 ], [ 76.6125733, 12.2978487 ], [ 76.6126071, 12.2978534 ], [ 76.6126361, 12.2978565 ], [ 76.6127306, 12.2978668 ], [ 76.6128716, 12.2978822 ], [ 76.6134218, 12.297942 ], [ 76.613945, 12.2979905 ], [ 76.6140029, 12.2979959 ], [ 76.6149471, 12.2980707 ], [ 76.6156915, 12.2981305 ], [ 76.6165072, 12.2981907 ], [ 76.6168104, 12.298208 ], [ 76.6170473, 12.2982215 ], [ 76.6169861, 12.2989738 ], [ 76.6169478, 12.2993764 ], [ 76.6168727, 12.3001219 ], [ 76.6168696, 12.3001593 ], [ 76.6168591, 12.300255 ], [ 76.6167141, 12.3016777 ], [ 76.6166471, 12.3024222 ], [ 76.6169533, 12.3024217 ], [ 76.6173069, 12.3024211 ], [ 76.6176478, 12.3024205 ], [ 76.6189332, 12.3024128 ], [ 76.6190281, 12.3024122 ], [ 76.6191376, 12.3024116 ], [ 76.6199479, 12.302422 ] ] ] } },
{ "type": "Feature", "id": 43, "properties": { "tessellate": -1, "extrude": 0, "visibility": -1, "KGISWardID": 6439, "KGISWardCode": "2605044", "KGISWardName": "Janathanagara", "SHAPE.STArea()": 1142722.8699340799, "SHAPE.STLength()": 6589.8355939967596, "OBJECTID": 20149, "KGISWardNo": "44", "KGISTownCode": "2605", "LGD_WardCode": 28849, "created_user": "SA", "created_date": 1634898537000.0, "last_edited_user": "SURESHBV", "last_edited_date": 1644824966000.0 }, "geometry": { "type": "Polygon", "coordinates": [ [ [ 76.6044536, 12.3106995 ], [ 76.6044968, 12.3106994 ], [ 76.6045264, 12.3107017 ], [ 76.6045274, 12.3106994 ], [ 76.6045421, 12.3106662 ], [ 76.6048075, 12.3106629 ], [ 76.605546, 12.3106536 ], [ 76.6067282, 12.3106387 ], [ 76.6067422, 12.3110946 ], [ 76.6066456, 12.3115858 ], [ 76.6066046, 12.3117331 ], [ 76.6066353, 12.3117295 ], [ 76.6070418, 12.3116824 ], [ 76.6073603, 12.3116435 ], [ 76.6075709, 12.311618 ], [ 76.6077382, 12.3116191 ], [ 76.6077205, 12.311827 ], [ 76.6078605, 12.311853 ], [ 76.6078987, 12.3118157 ], [ 76.6079097, 12.311805 ], [ 76.6079249, 12.3117901 ], [ 76.607992, 12.3115581 ], [ 76.6079985, 12.3115356 ], [ 76.608019, 12.3114647 ], [ 76.6080263, 12.3114392 ], [ 76.6080401, 12.3113916 ], [ 76.6080689, 12.3112898 ], [ 76.6081339, 12.3110504 ], [ 76.608158, 12.3109643 ], [ 76.6081739, 12.3109172 ], [ 76.6081912, 12.3108792 ], [ 76.6082144, 12.3108411 ], [ 76.6082187, 12.3108344 ], [ 76.6083277, 12.3106632 ], [ 76.6083804, 12.3105787 ], [ 76.6084826, 12.3104147 ], [ 76.6085702, 12.3102838 ], [ 76.6086348, 12.3101911 ], [ 76.6087683, 12.3100109 ], [ 76.6088172, 12.3099478 ], [ 76.6088779, 12.3098768 ], [ 76.6088881, 12.3098648 ], [ 76.6092483, 12.3094646 ], [ 76.609388, 12.3093095 ], [ 76.6094611, 12.3092267 ], [ 76.6094719, 12.3091855 ], [ 76.6094737, 12.3091626 ], [ 76.6094669, 12.3086554 ], [ 76.6097456, 12.308647 ], [ 76.60979, 12.3086434 ], [ 76.6098098, 12.3086394 ], [ 76.6098349, 12.3086319 ], [ 76.6098564, 12.3086225 ], [ 76.6098711, 12.3086148 ], [ 76.6100519, 12.3085045 ], [ 76.6101347, 12.3084521 ], [ 76.6101634, 12.3084339 ], [ 76.6102955, 12.308348 ], [ 76.6104065, 12.3082757 ], [ 76.6104435, 12.3082514 ], [ 76.6104671, 12.3082312 ], [ 76.6104752, 12.3082233 ], [ 76.6105009, 12.3081924 ], [ 76.6105124, 12.3081723 ], [ 76.6105235, 12.3081448 ], [ 76.6105349, 12.3081069 ], [ 76.6105434, 12.3080634 ], [ 76.6105465, 12.3080302 ], [ 76.6105397, 12.3079584 ], [ 76.6105102, 12.3078213 ], [ 76.61049, 12.3077275 ], [ 76.6104705, 12.3076367 ], [ 76.6104627, 12.3076124 ], [ 76.6104551, 12.3075966 ], [ 76.6104512, 12.3075904 ], [ 76.6104327, 12.3075668 ], [ 76.6104222, 12.3075578 ], [ 76.6104041, 12.3075461 ], [ 76.6103662, 12.3075251 ], [ 76.6101669, 12.3074329 ], [ 76.6100942, 12.3073928 ], [ 76.6100299, 12.3073573 ], [ 76.6099599, 12.3073149 ], [ 76.6099422, 12.307303 ], [ 76.6098739, 12.3072529 ], [ 76.6098414, 12.307227 ], [ 76.6098398, 12.3072258 ], [ 76.6097738, 12.3071671 ], [ 76.6096757, 12.3070634 ], [ 76.609573, 12.3069549 ], [ 76.6095132, 12.3068917 ], [ 76.6092308, 12.3065906 ], [ 76.6091246, 12.3064774 ], [ 76.6091034, 12.3061006 ], [ 76.609103, 12.306079 ], [ 76.6091037, 12.3059644 ], [ 76.6091168, 12.3057377 ], [ 76.6091171, 12.3057295 ], [ 76.6091216, 12.3056815 ], [ 76.6091261, 12.3056431 ], [ 76.6091292, 12.3056245 ], [ 76.6091585, 12.3054748 ], [ 76.6091657, 12.3054312 ], [ 76.6091702, 12.3054081 ], [ 76.6091907, 12.3053045 ], [ 76.6092222, 12.3051696 ], [ 76.6092405, 12.3050914 ], [ 76.6092529, 12.305042 ], [ 76.6092609, 12.3050099 ], [ 76.6092725, 12.3049707 ], [ 76.609297, 12.304896 ], [ 76.6093453, 12.3047656 ], [ 76.6093822, 12.3046668 ], [ 76.609428, 12.304544 ], [ 76.6095136, 12.3043351 ], [ 76.6095253, 12.3043062 ], [ 76.6095442, 12.3042596 ], [ 76.6095675, 12.3042051 ], [ 76.6095927, 12.304153 ], [ 76.6096239, 12.304094 ], [ 76.6096466, 12.3040604 ], [ 76.6096793, 12.3040178 ], [ 76.6097168, 12.3039769 ], [ 76.6097694, 12.3039245 ], [ 76.6098538, 12.3038459 ], [ 76.6099045, 12.3038014 ], [ 76.6099461, 12.303769 ], [ 76.6099874, 12.303739 ], [ 76.6100134, 12.3037229 ], [ 76.6100672, 12.3036932 ], [ 76.6100813, 12.3036846 ], [ 76.6101196, 12.3036658 ], [ 76.6101439, 12.3036556 ], [ 76.6101755, 12.3036444 ], [ 76.6102041, 12.3036368 ], [ 76.6102492, 12.3036275 ], [ 76.6103071, 12.303619 ], [ 76.6103615, 12.3036111 ], [ 76.6106836, 12.3035717 ], [ 76.6112321, 12.3035264 ], [ 76.6112343, 12.3035735 ], [ 76.6112695, 12.3043121 ], [ 76.6113012, 12.3049788 ], [ 76.6113719, 12.3049905 ], [ 76.6113951, 12.3049944 ], [ 76.6116079, 12.3050236 ], [ 76.6122902, 12.3051107 ], [ 76.6123747, 12.3051215 ], [ 76.6124074, 12.3051248 ], [ 76.6127532, 12.305157 ], [ 76.6127577, 12.3051067 ], [ 76.6127669, 12.3049851 ], [ 76.6127805, 12.3047645 ], [ 76.6128013, 12.3044593 ], [ 76.6128324, 12.3038129 ], [ 76.6128736, 12.3029583 ], [ 76.6130181, 12.3029583 ], [ 76.6131066, 12.3029614 ], [ 76.6134267, 12.3029725 ], [ 76.6136627, 12.3029692 ], [ 76.6143886, 12.3029591 ], [ 76.6144393, 12.3029591 ], [ 76.6146868, 12.3029585 ], [ 76.6153353, 12.3029569 ], [ 76.6160759, 12.3029642 ], [ 76.6166063, 12.3029733 ], [ 76.6166151, 12.3028544 ], [ 76.6166471, 12.3024222 ], [ 76.6167141, 12.3016777 ], [ 76.6168591, 12.300255 ], [ 76.6168696, 12.3001593 ], [ 76.6168727, 12.3001219 ], [ 76.6169478, 12.2993764 ], [ 76.6169861, 12.2989738 ], [ 76.6170473, 12.2982215 ], [ 76.6168104, 12.298208 ], [ 76.6165072, 12.2981907 ], [ 76.6156915, 12.2981305 ], [ 76.6149471, 12.2980707 ], [ 76.6140029, 12.2979959 ], [ 76.613945, 12.2979905 ], [ 76.6134218, 12.297942 ], [ 76.6128716, 12.2978822 ], [ 76.6127306, 12.2978668 ], [ 76.6126361, 12.2978565 ], [ 76.6126071, 12.2978534 ], [ 76.6125733, 12.2978487 ], [ 76.6123709, 12.2989589 ], [ 76.612343, 12.2990747 ], [ 76.6122869, 12.2992995 ], [ 76.612247, 12.2994591 ], [ 76.6122334, 12.2995023 ], [ 76.6122012, 12.2995925 ], [ 76.6121342, 12.2997627 ], [ 76.6120534, 12.2999505 ], [ 76.6119833, 12.3001044 ], [ 76.611959, 12.3001559 ], [ 76.6117755, 12.3005696 ], [ 76.6114859, 12.300467 ], [ 76.6110238, 12.3003075 ], [ 76.6109155, 12.3002686 ], [ 76.6104524, 12.3001023 ], [ 76.6101785, 12.3000023 ], [ 76.609923, 12.2999033 ], [ 76.6096419, 12.2997944 ], [ 76.6095017, 12.2999801 ], [ 76.609418, 12.3000979 ], [ 76.6093922, 12.3001342 ], [ 76.6093242, 12.3002373 ], [ 76.609308, 12.300262 ], [ 76.6092991, 12.3002755 ], [ 76.609265, 12.3003274 ], [ 76.6092175, 12.300396 ], [ 76.6091933, 12.3004277 ], [ 76.6091279, 12.3005133 ], [ 76.6091205, 12.3005223 ], [ 76.6089695, 12.3007051 ], [ 76.6088404, 12.3008525 ], [ 76.6087236, 12.300979 ], [ 76.6085346, 12.3011763 ], [ 76.6083946, 12.3013166 ], [ 76.6082658, 12.3014521 ], [ 76.6081169, 12.3016109 ], [ 76.6081015, 12.3016273 ], [ 76.6080799, 12.3016503 ], [ 76.6080323, 12.3017011 ], [ 76.607938, 12.3017973 ], [ 76.6076315, 12.3021118 ], [ 76.6074845, 12.3022729 ], [ 76.607384, 12.3023848 ], [ 76.6073584, 12.3024115 ], [ 76.607049, 12.3027386 ], [ 76.6067362, 12.3030715 ], [ 76.6063911, 12.3034424 ], [ 76.6062409, 12.3035975 ], [ 76.605825, 12.3040262 ], [ 76.6055159, 12.3043353 ], [ 76.6055116, 12.3043395 ], [ 76.6054925, 12.3043586 ], [ 76.6054067, 12.3044443 ], [ 76.6049975, 12.3048531 ], [ 76.6042777, 12.304616 ], [ 76.6040476, 12.3045467 ], [ 76.6039527, 12.3045194 ], [ 76.6039393, 12.304516 ], [ 76.6038752, 12.3045028 ], [ 76.6037874, 12.3044921 ], [ 76.6036971, 12.3044894 ], [ 76.6034585, 12.3044961 ], [ 76.6032823, 12.3045139 ], [ 76.6030708, 12.3045474 ], [ 76.6028426, 12.3045897 ], [ 76.6022669, 12.3046987 ], [ 76.6020634, 12.3047372 ], [ 76.6020579, 12.3047383 ], [ 76.6020217, 12.3047451 ], [ 76.6020114, 12.3047475 ], [ 76.6020106, 12.3047893 ], [ 76.6020105, 12.3047923 ], [ 76.6020087, 12.3048824 ], [ 76.6020043, 12.3051064 ], [ 76.6020029, 12.3051755 ], [ 76.6019758, 12.3055143 ], [ 76.601965, 12.3056664 ], [ 76.6019561, 12.3057919 ], [ 76.6019264, 12.306037 ], [ 76.6018813, 12.3062879 ], [ 76.6018239, 12.306449 ], [ 76.6017427, 12.3065769 ], [ 76.601618, 12.3067362 ], [ 76.6015471, 12.3068268 ], [ 76.6014385, 12.3069484 ], [ 76.601377, 12.3070171 ], [ 76.6013674, 12.3070278 ], [ 76.6013403, 12.3070581 ], [ 76.6011973, 12.3072139 ], [ 76.600991, 12.3073759 ], [ 76.6007961, 12.3074822 ], [ 76.6006742, 12.3075112 ], [ 76.6006128, 12.3075364 ], [ 76.6004933, 12.3075668 ], [ 76.600463, 12.3075774 ], [ 76.600462, 12.3075872 ], [ 76.6004592, 12.3076146 ], [ 76.6004547, 12.3076595 ], [ 76.6004483, 12.3077537 ], [ 76.6004399, 12.3077597 ], [ 76.600405, 12.3077844 ], [ 76.6004007, 12.3077874 ], [ 76.6004026, 12.3080942 ], [ 76.6004036, 12.3082557 ], [ 76.6004038, 12.3082763 ], [ 76.6004042, 12.3083398 ], [ 76.6004044, 12.3083411 ], [ 76.6004306, 12.3084701 ], [ 76.6004398, 12.308515 ], [ 76.6004563, 12.3085963 ], [ 76.6004701, 12.3086642 ], [ 76.6005194, 12.3086588 ], [ 76.600522, 12.3086702 ], [ 76.6006169, 12.3086593 ], [ 76.6007643, 12.3086423 ], [ 76.600865, 12.3087697 ], [ 76.6009499, 12.3088769 ], [ 76.6009851, 12.3089215 ], [ 76.6010915, 12.3092048 ], [ 76.6011155, 12.3092688 ], [ 76.6011114, 12.3094143 ], [ 76.6011016, 12.3097675 ], [ 76.601095, 12.3100056 ], [ 76.6010927, 12.31009 ], [ 76.6010894, 12.3105477 ], [ 76.6010883, 12.3107023 ], [ 76.6010882, 12.310705 ], [ 76.6010881, 12.310718 ], [ 76.6010881, 12.3107225 ], [ 76.601127, 12.3107173 ], [ 76.6011466, 12.310717 ], [ 76.6012667, 12.310715 ], [ 76.6021218, 12.3107007 ], [ 76.6021981, 12.3106995 ], [ 76.6026328, 12.3106922 ], [ 76.6028174, 12.310693 ], [ 76.6038195, 12.310697 ], [ 76.6041513, 12.3106983 ], [ 76.6041615, 12.3106983 ], [ 76.6042156, 12.3106985 ], [ 76.6044536, 12.3106995 ] ] ] } },
{ "type": "Feature", "id": 44, "properties": { "tessellate": -1, "extrude": 0, "visibility": -1, "KGISWardID": 6442, "KGISWardCode": "2605045", "KGISWardName": "Sharadadevinagara", "SHAPE.STArea()": 1782490.1372070301, "SHAPE.STLength()": 7466.3356874259898, "OBJECTID": 20150, "KGISWardNo": "45", "KGISTownCode": "2605", "LGD_WardCode": 28850, "created_user": "SA", "created_date": 1634898537000.0, "last_edited_user": "SURESHBV", "last_edited_date": 1644829119000.0 }, "geometry": { "type": "Polygon", "coordinates": [ [ [ 76.6020132, 12.3046378 ], [ 76.6020126, 12.3046851 ], [ 76.6020114, 12.3047475 ], [ 76.6020217, 12.3047451 ], [ 76.6020579, 12.3047383 ], [ 76.6020634, 12.3047372 ], [ 76.6022669, 12.3046987 ], [ 76.6028426, 12.3045897 ], [ 76.6030708, 12.3045474 ], [ 76.6032823, 12.3045139 ], [ 76.6034585, 12.3044961 ], [ 76.6036971, 12.3044894 ], [ 76.6037874, 12.3044921 ], [ 76.6038752, 12.3045028 ], [ 76.6039393, 12.304516 ], [ 76.6039527, 12.3045194 ], [ 76.6040476, 12.3045467 ], [ 76.6042777, 12.304616 ], [ 76.6049975, 12.3048531 ], [ 76.6054067, 12.3044443 ], [ 76.6054925, 12.3043586 ], [ 76.6055116, 12.3043395 ], [ 76.6055159, 12.3043353 ], [ 76.605825, 12.3040262 ], [ 76.6062409, 12.3035975 ], [ 76.6063911, 12.3034424 ], [ 76.6067362, 12.3030715 ], [ 76.607049, 12.3027386 ], [ 76.6073584, 12.3024115 ], [ 76.607384, 12.3023848 ], [ 76.6074845, 12.3022729 ], [ 76.6076315, 12.3021118 ], [ 76.607938, 12.3017973 ], [ 76.6080323, 12.3017011 ], [ 76.6080799, 12.3016503 ], [ 76.6081015, 12.3016273 ], [ 76.6081169, 12.3016109 ], [ 76.6082658, 12.3014521 ], [ 76.6083946, 12.3013166 ], [ 76.6085346, 12.3011763 ], [ 76.6087236, 12.300979 ], [ 76.6088404, 12.3008525 ], [ 76.6089695, 12.3007051 ], [ 76.6091205, 12.3005223 ], [ 76.6091279, 12.3005133 ], [ 76.6091933, 12.3004277 ], [ 76.6092175, 12.300396 ], [ 76.609265, 12.3003274 ], [ 76.6092991, 12.3002755 ], [ 76.609308, 12.300262 ], [ 76.6093242, 12.3002373 ], [ 76.6093922, 12.3001342 ], [ 76.609418, 12.3000979 ], [ 76.6095017, 12.2999801 ], [ 76.6096419, 12.2997944 ], [ 76.609923, 12.2999033 ], [ 76.6101785, 12.3000023 ], [ 76.6104524, 12.3001023 ], [ 76.6109155, 12.3002686 ], [ 76.6110238, 12.3003075 ], [ 76.6114859, 12.300467 ], [ 76.6117755, 12.3005696 ], [ 76.611959, 12.3001559 ], [ 76.6119833, 12.3001044 ], [ 76.6120534, 12.2999505 ], [ 76.6121342, 12.2997627 ], [ 76.6122012, 12.2995925 ], [ 76.6122334, 12.2995023 ], [ 76.612247, 12.2994591 ], [ 76.6122869, 12.2992995 ], [ 76.612343, 12.2990747 ], [ 76.6123709, 12.2989589 ], [ 76.6125733, 12.2978487 ], [ 76.6123571, 12.2978187 ], [ 76.6116824, 12.2977252 ], [ 76.6116909, 12.297716 ], [ 76.6120165, 12.2973648 ], [ 76.6120874, 12.2972883 ], [ 76.612258, 12.2971063 ], [ 76.6126189, 12.2967151 ], [ 76.6126788, 12.2966464 ], [ 76.612723, 12.2965957 ], [ 76.6127741, 12.2965392 ], [ 76.6128643, 12.2964422 ], [ 76.6130481, 12.2962642 ], [ 76.6131539, 12.2961712 ], [ 76.6131883, 12.2961432 ], [ 76.6136471, 12.2957625 ], [ 76.6139339, 12.2955071 ], [ 76.6147457, 12.2955313 ], [ 76.6157708, 12.2955557 ], [ 76.6171567, 12.2955886 ], [ 76.6189834, 12.2956242 ], [ 76.6211311, 12.2957027 ], [ 76.6211767, 12.2957045 ], [ 76.6211807, 12.2956806 ], [ 76.6212101, 12.2955031 ], [ 76.6212867, 12.2950415 ], [ 76.6213227, 12.2948139 ], [ 76.6213311, 12.2947611 ], [ 76.6214755, 12.2938505 ], [ 76.6217851, 12.2919545 ], [ 76.6219191, 12.2910755 ], [ 76.6219484, 12.2908608 ], [ 76.6219824, 12.290612 ], [ 76.6219863, 12.2905793 ], [ 76.6220818, 12.2899847 ], [ 76.6214914, 12.2896707 ], [ 76.6213516, 12.2895964 ], [ 76.6213362, 12.2895882 ], [ 76.6207597, 12.2892944 ], [ 76.6206168, 12.289603 ], [ 76.6199741, 12.2901691 ], [ 76.6192298, 12.2908212 ], [ 76.619106, 12.2909295 ], [ 76.6186363, 12.2913405 ], [ 76.6178955, 12.2919854 ], [ 76.6178101, 12.2920591 ], [ 76.6173443, 12.2924609 ], [ 76.6172919, 12.2925061 ], [ 76.6170679, 12.2926993 ], [ 76.6160548, 12.2924166 ], [ 76.6147772, 12.2920736 ], [ 76.6138638, 12.2918242 ], [ 76.6136762, 12.2917713 ], [ 76.6131287, 12.2916169 ], [ 76.6126641, 12.2914961 ], [ 76.6125735, 12.2914725 ], [ 76.6124466, 12.2914395 ], [ 76.6123333, 12.2914132 ], [ 76.6122826, 12.2914021 ], [ 76.6121347, 12.2913711 ], [ 76.6118982, 12.2913226 ], [ 76.6116836, 12.2912786 ], [ 76.6116947, 12.290868 ], [ 76.6116959, 12.2908238 ], [ 76.6117132, 12.2901857 ], [ 76.6117134, 12.2901817 ], [ 76.6112369, 12.2900876 ], [ 76.6111023, 12.2900613 ], [ 76.6110856, 12.290058 ], [ 76.6110323, 12.2900441 ], [ 76.61099, 12.2900277 ], [ 76.610931, 12.2900013 ], [ 76.6106681, 12.2898837 ], [ 76.6106112, 12.2898634 ], [ 76.610307, 12.289765 ], [ 76.6099857, 12.2896626 ], [ 76.6098939, 12.2896334 ], [ 76.6098589, 12.2896232 ], [ 76.6098094, 12.2896106 ], [ 76.6097762, 12.2896032 ], [ 76.6097501, 12.2895992 ], [ 76.6097175, 12.2895971 ], [ 76.6096891, 12.289596 ], [ 76.60965, 12.2895986 ], [ 76.6096075, 12.2896022 ], [ 76.6095948, 12.2896034 ], [ 76.6094921, 12.2896211 ], [ 76.6093949, 12.2896398 ], [ 76.6092067, 12.2896841 ], [ 76.6091281, 12.2897042 ], [ 76.609003, 12.289736 ], [ 76.6089931, 12.2897388 ], [ 76.6089428, 12.2897485 ], [ 76.6088878, 12.2897567 ], [ 76.6088384, 12.2897601 ], [ 76.608741, 12.2897621 ], [ 76.6086933, 12.2897592 ], [ 76.6086657, 12.2897576 ], [ 76.6086245, 12.2897552 ], [ 76.6084911, 12.2897335 ], [ 76.6084293, 12.2897234 ], [ 76.6084044, 12.2897199 ], [ 76.6082457, 12.2896969 ], [ 76.6081684, 12.2896858 ], [ 76.60812, 12.2896756 ], [ 76.6080996, 12.2896674 ], [ 76.6080515, 12.2896449 ], [ 76.6080171, 12.2896248 ], [ 76.6078466, 12.2895067 ], [ 76.6077996, 12.2894761 ], [ 76.6077447, 12.2894448 ], [ 76.6076937, 12.2894189 ], [ 76.6076085, 12.2893807 ], [ 76.6075567, 12.2893611 ], [ 76.6075294, 12.2893518 ], [ 76.607241, 12.2892749 ], [ 76.6070342, 12.2892198 ], [ 76.6070018, 12.2892112 ], [ 76.6065624, 12.2890941 ], [ 76.6065112, 12.2891536 ], [ 76.606236, 12.289127 ], [ 76.6056023, 12.2890656 ], [ 76.6055111, 12.2890568 ], [ 76.6054719, 12.289491 ], [ 76.6054687, 12.2895062 ], [ 76.6054494, 12.289598 ], [ 76.6054472, 12.2896095 ], [ 76.6053961, 12.2898874 ], [ 76.605384, 12.2899531 ], [ 76.6053519, 12.2901273 ], [ 76.605257, 12.29107 ], [ 76.6052485, 12.2911552 ], [ 76.6052416, 12.2912234 ], [ 76.6052761, 12.291451 ], [ 76.6052997, 12.2916072 ], [ 76.6053036, 12.2916328 ], [ 76.6053065, 12.2916518 ], [ 76.6052096, 12.2919172 ], [ 76.6051438, 12.2920964 ], [ 76.6050426, 12.292372 ], [ 76.6048031, 12.2930239 ], [ 76.6046885, 12.2933359 ], [ 76.6045852, 12.2936127 ], [ 76.60435, 12.2942385 ], [ 76.6041733, 12.2947086 ], [ 76.6038734, 12.2955796 ], [ 76.6038238, 12.2957235 ], [ 76.6035472, 12.2965104 ], [ 76.6035067, 12.2966254 ], [ 76.6032689, 12.297317 ], [ 76.6031584, 12.2976262 ], [ 76.6031277, 12.2977663 ], [ 76.6031086, 12.2978532 ], [ 76.6030923, 12.2979621 ], [ 76.6030634, 12.2981541 ], [ 76.6030365, 12.2985202 ], [ 76.6030015, 12.2991021 ], [ 76.6029699, 12.2995137 ], [ 76.602935, 12.2996459 ], [ 76.60293, 12.2996647 ], [ 76.6028859, 12.2998316 ], [ 76.602873, 12.29987 ], [ 76.6027747, 12.3001477 ], [ 76.6026646, 12.3004477 ], [ 76.6025236, 12.3008562 ], [ 76.6024864, 12.3009646 ], [ 76.6024435, 12.3010898 ], [ 76.602415, 12.3012297 ], [ 76.6023266, 12.3016631 ], [ 76.6022815, 12.3019282 ], [ 76.6022365, 12.302193 ], [ 76.6021834, 12.3024539 ], [ 76.6020487, 12.3033512 ], [ 76.6020381, 12.303473 ], [ 76.6020198, 12.3036843 ], [ 76.6020189, 12.3039314 ], [ 76.6020185, 12.3040251 ], [ 76.6020178, 12.3042209 ], [ 76.6020175, 12.3042928 ], [ 76.6020144, 12.3045459 ], [ 76.6020132, 12.3046378 ] ] ] } },
{ "type": "Feature", "id": 45, "properties": { "tessellate": -1, "extrude": 0, "visibility": -1, "KGISWardID": 6443, "KGISWardCode": "2605046", "KGISWardName": "Dattagalli", "SHAPE.STArea()": 2809606.8192749, "SHAPE.STLength()": 8622.5002086834502, "OBJECTID": 20151, "KGISWardNo": "46", "KGISTownCode": "2605", "LGD_WardCode": 28851, "created_user": "SA", "created_date": 1634898537000.0, "last_edited_user": "SURESHBV1", "last_edited_date": 1668857733000.0 }, "geometry": { "type": "Polygon", "coordinates": [ [ [ 76.5984165, 12.2846546 ], [ 76.5984174, 12.2846714 ], [ 76.5984208, 12.2847382 ], [ 76.5984255, 12.2848288 ], [ 76.5984368, 12.2851075 ], [ 76.5984403, 12.2851955 ], [ 76.5984448, 12.2853067 ], [ 76.5984459, 12.2853319 ], [ 76.5984535, 12.2855204 ], [ 76.5984579, 12.2855302 ], [ 76.598463, 12.2855414 ], [ 76.5986064, 12.2858576 ], [ 76.5986995, 12.2860607 ], [ 76.598822, 12.2863256 ], [ 76.598876, 12.2864418 ], [ 76.598938, 12.2865743 ], [ 76.5989851, 12.2866751 ], [ 76.5989961, 12.2866987 ], [ 76.5990195, 12.2867487 ], [ 76.5990396, 12.2867916 ], [ 76.5990543, 12.2868231 ], [ 76.5990938, 12.2874478 ], [ 76.599094, 12.2874513 ], [ 76.5990968, 12.287496 ], [ 76.5991085, 12.287682 ], [ 76.5991251, 12.2877656 ], [ 76.5992108, 12.2881973 ], [ 76.5992226, 12.2882563 ], [ 76.5992511, 12.2884 ], [ 76.5992595, 12.2884423 ], [ 76.5992698, 12.2884927 ], [ 76.5994649, 12.2884852 ], [ 76.6000489, 12.2885414 ], [ 76.6003124, 12.2885668 ], [ 76.6004689, 12.2885816 ], [ 76.6005971, 12.2886128 ], [ 76.600829, 12.2886693 ], [ 76.6008626, 12.2886774 ], [ 76.6009268, 12.2886927 ], [ 76.6009353, 12.2886947 ], [ 76.601028, 12.2887167 ], [ 76.6010482, 12.2887373 ], [ 76.6011301, 12.2888207 ], [ 76.601142, 12.2888329 ], [ 76.6011472, 12.2888327 ], [ 76.6013662, 12.2888241 ], [ 76.6014593, 12.2888204 ], [ 76.6023331, 12.288786 ], [ 76.6023381, 12.2887963 ], [ 76.6024087, 12.2889421 ], [ 76.602552, 12.2889228 ], [ 76.6025872, 12.2889181 ], [ 76.6027136, 12.2889011 ], [ 76.6028521, 12.2888822 ], [ 76.602858, 12.2888814 ], [ 76.6029044, 12.288875 ], [ 76.6029909, 12.2888631 ], [ 76.6032056, 12.2888333 ], [ 76.6032222, 12.288831 ], [ 76.6032955, 12.2888209 ], [ 76.6033567, 12.2888124 ], [ 76.6034103, 12.2888126 ], [ 76.6036403, 12.2888131 ], [ 76.6037383, 12.2888134 ], [ 76.6041217, 12.2888143 ], [ 76.6041877, 12.2888145 ], [ 76.6041889, 12.2888244 ], [ 76.6042102, 12.2889974 ], [ 76.6045252, 12.2890518 ], [ 76.6046309, 12.2890701 ], [ 76.6047866, 12.289097 ], [ 76.6047993, 12.2891061 ], [ 76.6052133, 12.2894008 ], [ 76.6052728, 12.2894431 ], [ 76.6053325, 12.2894575 ], [ 76.6054719, 12.289491 ], [ 76.6055111, 12.2890568 ], [ 76.6056023, 12.2890656 ], [ 76.606236, 12.289127 ], [ 76.6065112, 12.2891536 ], [ 76.6065624, 12.2890941 ], [ 76.6070018, 12.2892112 ], [ 76.6070342, 12.2892198 ], [ 76.607241, 12.2892749 ], [ 76.6075294, 12.2893518 ], [ 76.6075567, 12.2893611 ], [ 76.6076085, 12.2893807 ], [ 76.6076937, 12.2894189 ], [ 76.6077447, 12.2894448 ], [ 76.6077996, 12.2894761 ], [ 76.6078466, 12.2895067 ], [ 76.6080171, 12.2896248 ], [ 76.6080515, 12.2896449 ], [ 76.6080996, 12.2896674 ], [ 76.60812, 12.2896756 ], [ 76.6081684, 12.2896858 ], [ 76.6082457, 12.2896969 ], [ 76.6084044, 12.2897199 ], [ 76.6084293, 12.2897234 ], [ 76.6084911, 12.2897335 ], [ 76.6086245, 12.2897552 ], [ 76.6086657, 12.2897576 ], [ 76.6086933, 12.2897592 ], [ 76.608741, 12.2897621 ], [ 76.6088384, 12.2897601 ], [ 76.6088878, 12.2897567 ], [ 76.6089428, 12.2897485 ], [ 76.6089931, 12.2897388 ], [ 76.609003, 12.289736 ], [ 76.6091281, 12.2897042 ], [ 76.6092067, 12.2896841 ], [ 76.6093949, 12.2896398 ], [ 76.6094921, 12.2896211 ], [ 76.6095948, 12.2896034 ], [ 76.6096075, 12.2896022 ], [ 76.60965, 12.2895986 ], [ 76.6096891, 12.289596 ], [ 76.6097175, 12.2895971 ], [ 76.6097501, 12.2895992 ], [ 76.6097762, 12.2896032 ], [ 76.6098094, 12.2896106 ], [ 76.6098589, 12.2896232 ], [ 76.6098939, 12.2896334 ], [ 76.6099857, 12.2896626 ], [ 76.610307, 12.289765 ], [ 76.6106112, 12.2898634 ], [ 76.6106681, 12.2898837 ], [ 76.610931, 12.2900013 ], [ 76.61099, 12.2900277 ], [ 76.6110323, 12.2900441 ], [ 76.6110856, 12.290058 ], [ 76.6111023, 12.2900613 ], [ 76.6112369, 12.2900876 ], [ 76.6117134, 12.2901817 ], [ 76.6117132, 12.2901857 ], [ 76.6116959, 12.2908238 ], [ 76.6116947, 12.290868 ], [ 76.6116836, 12.2912786 ], [ 76.6118982, 12.2913226 ], [ 76.6121347, 12.2913711 ], [ 76.6122826, 12.2914021 ], [ 76.6123333, 12.2914132 ], [ 76.6124466, 12.2914395 ], [ 76.6125735, 12.2914725 ], [ 76.6126641, 12.2914961 ], [ 76.6131287, 12.2916169 ], [ 76.6136762, 12.2917713 ], [ 76.6138638, 12.2918242 ], [ 76.6147772, 12.2920736 ], [ 76.6160548, 12.2924166 ], [ 76.6170679, 12.2926993 ], [ 76.6172919, 12.2925061 ], [ 76.6173443, 12.2924609 ], [ 76.6178101, 12.2920591 ], [ 76.6178955, 12.2919854 ], [ 76.6186363, 12.2913405 ], [ 76.619106, 12.2909295 ], [ 76.6192298, 12.2908212 ], [ 76.6199741, 12.2901691 ], [ 76.6206168, 12.289603 ], [ 76.6207597, 12.2892944 ], [ 76.6199949, 12.288872 ], [ 76.6175818, 12.2875654 ], [ 76.6174155, 12.2874776 ], [ 76.6165877, 12.2870326 ], [ 76.6162978, 12.2868767 ], [ 76.6155121, 12.2864604 ], [ 76.6152995, 12.2863818 ], [ 76.6151784, 12.2863459 ], [ 76.614604, 12.2861947 ], [ 76.6145227, 12.2861733 ], [ 76.6143472, 12.2861225 ], [ 76.6140714, 12.2860484 ], [ 76.6137537, 12.2859629 ], [ 76.6136848, 12.2859444 ], [ 76.613064, 12.2857775 ], [ 76.6129897, 12.2857585 ], [ 76.6132834, 12.2848599 ], [ 76.6133931, 12.2845012 ], [ 76.6134077, 12.2844534 ], [ 76.6137319, 12.2833938 ], [ 76.6137471, 12.2833438 ], [ 76.6130635, 12.2834713 ], [ 76.6130432, 12.2834743 ], [ 76.6130299, 12.2834754 ], [ 76.6130092, 12.2834744 ], [ 76.6129868, 12.2834698 ], [ 76.6129276, 12.2834528 ], [ 76.6127959, 12.2834149 ], [ 76.6127744, 12.2834112 ], [ 76.6127535, 12.2834098 ], [ 76.6127331, 12.2834091 ], [ 76.6126846, 12.2834117 ], [ 76.6126573, 12.2834134 ], [ 76.6126484, 12.2834139 ], [ 76.6126293, 12.283413 ], [ 76.6126269, 12.2834127 ], [ 76.6126133, 12.2834103 ], [ 76.6125989, 12.2834065 ], [ 76.6125847, 12.2834023 ], [ 76.6125766, 12.2833993 ], [ 76.6125658, 12.283395 ], [ 76.612559, 12.2833917 ], [ 76.6125542, 12.2833888 ], [ 76.6125468, 12.2833825 ], [ 76.6124527, 12.2832822 ], [ 76.6124323, 12.2832609 ], [ 76.6124169, 12.2832472 ], [ 76.6124159, 12.2832465 ], [ 76.6124014, 12.2832383 ], [ 76.6123843, 12.2832313 ], [ 76.6123593, 12.2832226 ], [ 76.6123173, 12.2832093 ], [ 76.6122645, 12.2831943 ], [ 76.61223, 12.2831845 ], [ 76.6121337, 12.2831572 ], [ 76.6123916, 12.2825583 ], [ 76.6125979, 12.2820518 ], [ 76.6127326, 12.281722 ], [ 76.6127391, 12.2817062 ], [ 76.6127397, 12.2817046 ], [ 76.6129678, 12.2811453 ], [ 76.6132063, 12.280541 ], [ 76.6133381, 12.2802068 ], [ 76.6133864, 12.280091 ], [ 76.6133921, 12.2800774 ], [ 76.613503, 12.2798113 ], [ 76.6135136, 12.2797858 ], [ 76.6129694, 12.2796313 ], [ 76.6130818, 12.2793163 ], [ 76.6130962, 12.2792759 ], [ 76.6131904, 12.2790117 ], [ 76.6135315, 12.2780379 ], [ 76.6136481, 12.2777049 ], [ 76.613601, 12.2777178 ], [ 76.6133121, 12.277763 ], [ 76.6131782, 12.277784 ], [ 76.613257, 12.2774416 ], [ 76.6135838, 12.276021 ], [ 76.6139306, 12.2745138 ], [ 76.6131127, 12.2743582 ], [ 76.6129241, 12.2743223 ], [ 76.6114397, 12.2740397 ], [ 76.6113436, 12.2740214 ], [ 76.6110892, 12.273973 ], [ 76.6111363, 12.2738093 ], [ 76.6101328, 12.2736608 ], [ 76.6101084, 12.2736572 ], [ 76.6090305, 12.2736371 ], [ 76.6087372, 12.2736317 ], [ 76.6086906, 12.2736308 ], [ 76.6086021, 12.2736291 ], [ 76.6085161, 12.2736275 ], [ 76.6084653, 12.2736455 ], [ 76.607907, 12.2738427 ], [ 76.6070573, 12.273789 ], [ 76.6065119, 12.2738047 ], [ 76.6059153, 12.2738524 ], [ 76.6058527, 12.2738574 ], [ 76.6053312, 12.2738991 ], [ 76.6053152, 12.2739404 ], [ 76.6052735, 12.2740487 ], [ 76.6052025, 12.2740608 ], [ 76.6050292, 12.2740904 ], [ 76.6048212, 12.274126 ], [ 76.6042449, 12.2742244 ], [ 76.604244, 12.2742527 ], [ 76.6042386, 12.2744188 ], [ 76.6042007, 12.2744282 ], [ 76.6040964, 12.2744541 ], [ 76.6040261, 12.2745003 ], [ 76.6038219, 12.2745192 ], [ 76.6038154, 12.2745479 ], [ 76.6037411, 12.2748771 ], [ 76.6042383, 12.2749447 ], [ 76.6041401, 12.2753683 ], [ 76.6041246, 12.275435 ], [ 76.6041236, 12.2754391 ], [ 76.6041083, 12.2755025 ], [ 76.6041082, 12.2755021 ], [ 76.604098, 12.2754668 ], [ 76.6034183, 12.2754742 ], [ 76.6034132, 12.2754737 ], [ 76.6033884, 12.2754714 ], [ 76.6032927, 12.2754624 ], [ 76.6028579, 12.2754215 ], [ 76.6025128, 12.2753892 ], [ 76.602369, 12.2753757 ], [ 76.6019169, 12.2754038 ], [ 76.6014653, 12.2754318 ], [ 76.601444, 12.2754332 ], [ 76.6008448, 12.2754747 ], [ 76.6006128, 12.2754912 ], [ 76.6006422, 12.2759285 ], [ 76.6005583, 12.2759366 ], [ 76.6005199, 12.2759403 ], [ 76.6005404, 12.2762849 ], [ 76.600553, 12.2764965 ], [ 76.6005821, 12.2770711 ], [ 76.6005899, 12.2772237 ], [ 76.6006148, 12.2777157 ], [ 76.6006162, 12.2780277 ], [ 76.6005841, 12.2792792 ], [ 76.6005798, 12.2794457 ], [ 76.6005728, 12.2797209 ], [ 76.6005672, 12.279937 ], [ 76.6005455, 12.2807835 ], [ 76.6005433, 12.2811632 ], [ 76.6003723, 12.2818558 ], [ 76.6003394, 12.2819889 ], [ 76.6002006, 12.2825507 ], [ 76.6000918, 12.2829913 ], [ 76.5999738, 12.2834634 ], [ 76.5999253, 12.2836577 ], [ 76.5998947, 12.2837801 ], [ 76.5998278, 12.2840475 ], [ 76.5997868, 12.2842119 ], [ 76.5997601, 12.2843186 ], [ 76.5997347, 12.2844216 ], [ 76.5997032, 12.2845489 ], [ 76.5991344, 12.2844281 ], [ 76.5984371, 12.2844126 ], [ 76.598409, 12.2845089 ], [ 76.5984165, 12.2846546 ] ] ] } },
{ "type": "Feature", "id": 46, "properties": { "tessellate": -1, "extrude": 0, "visibility": -1, "KGISWardID": 6446, "KGISWardCode": "2605047", "KGISWardName": "Kuvempu Nagara", "SHAPE.STArea()": 1165445.7686157201, "SHAPE.STLength()": 5684.2164368691201, "OBJECTID": 20152, "KGISWardNo": "47", "KGISTownCode": "2605", "LGD_WardCode": 28852, "created_user": "SA", "created_date": 1634898537000.0, "last_edited_user": "SA", "last_edited_date": 1643365734000.0 }, "geometry": { "type": "Polygon", "coordinates": [ [ [ 76.6262055, 12.2998285 ], [ 76.627546, 12.2996544 ], [ 76.6275843, 12.2996499 ], [ 76.6276819, 12.299633 ], [ 76.6277924, 12.299612 ], [ 76.6280209, 12.2995636 ], [ 76.6280648, 12.2995543 ], [ 76.6283241, 12.299497 ], [ 76.6287232, 12.299409 ], [ 76.6292209, 12.2992924 ], [ 76.6299909, 12.2991078 ], [ 76.63024, 12.2990481 ], [ 76.6309014, 12.2988941 ], [ 76.631697, 12.298717 ], [ 76.6322538, 12.2985977 ], [ 76.6324147, 12.2985665 ], [ 76.6325346, 12.2985433 ], [ 76.6329509, 12.2984677 ], [ 76.6330546, 12.2984495 ], [ 76.6330825, 12.2984418 ], [ 76.6330413, 12.2975893 ], [ 76.6330357, 12.2974746 ], [ 76.6330302, 12.29716 ], [ 76.6330217, 12.2966834 ], [ 76.6330185, 12.296504 ], [ 76.6330291, 12.2963085 ], [ 76.6330309, 12.2962769 ], [ 76.633035, 12.2962255 ], [ 76.6330411, 12.2961501 ], [ 76.633043, 12.2961274 ], [ 76.633049, 12.2960718 ], [ 76.6330587, 12.2959817 ], [ 76.6330644, 12.2959286 ], [ 76.633101, 12.2956684 ], [ 76.6331399, 12.2954368 ], [ 76.6331592, 12.2953255 ], [ 76.6332063, 12.295054 ], [ 76.6332749, 12.2946594 ], [ 76.6335203, 12.2934334 ], [ 76.6335995, 12.2929431 ], [ 76.6336289, 12.2927192 ], [ 76.6336441, 12.2925968 ], [ 76.6336607, 12.2924458 ], [ 76.6336697, 12.292364 ], [ 76.63367, 12.2923615 ], [ 76.6336783, 12.2922346 ], [ 76.6336837, 12.2918691 ], [ 76.6336242, 12.291874 ], [ 76.6335632, 12.291879 ], [ 76.6335304, 12.2918817 ], [ 76.6315156, 12.2921132 ], [ 76.6313684, 12.2921403 ], [ 76.6310489, 12.2922049 ], [ 76.6309494, 12.2922251 ], [ 76.6305634, 12.2923141 ], [ 76.6303321, 12.2923674 ], [ 76.6298974, 12.292482 ], [ 76.6289838, 12.2927227 ], [ 76.6281031, 12.2929527 ], [ 76.6280821, 12.2929582 ], [ 76.6281801, 12.2933474 ], [ 76.6282929, 12.2937957 ], [ 76.6283176, 12.2938886 ], [ 76.6276206, 12.2939963 ], [ 76.626945, 12.294108 ], [ 76.6255273, 12.2943424 ], [ 76.6254582, 12.294351 ], [ 76.625213, 12.2937534 ], [ 76.625187, 12.2936899 ], [ 76.6251628, 12.293255 ], [ 76.6251385, 12.2928151 ], [ 76.625124, 12.2926485 ], [ 76.6248275, 12.2892377 ], [ 76.6246049, 12.2868448 ], [ 76.6245905, 12.2866901 ], [ 76.6245877, 12.286665 ], [ 76.6237602, 12.2867494 ], [ 76.623723, 12.2867532 ], [ 76.6236768, 12.2867571 ], [ 76.6232365, 12.2867949 ], [ 76.6228651, 12.2868268 ], [ 76.6223376, 12.2868721 ], [ 76.6223341, 12.2869116 ], [ 76.6223043, 12.2873399 ], [ 76.6222514, 12.288099 ], [ 76.6222341, 12.2883478 ], [ 76.6221862, 12.288949 ], [ 76.6221164, 12.2896417 ], [ 76.6220818, 12.2899847 ], [ 76.6219863, 12.2905793 ], [ 76.6219824, 12.290612 ], [ 76.6219484, 12.2908608 ], [ 76.6219191, 12.2910755 ], [ 76.6217851, 12.2919545 ], [ 76.6214755, 12.2938505 ], [ 76.6213311, 12.2947611 ], [ 76.6213227, 12.2948139 ], [ 76.6212867, 12.2950415 ], [ 76.6212101, 12.2955031 ], [ 76.6211807, 12.2956806 ], [ 76.6211767, 12.2957045 ], [ 76.6210581, 12.2962006 ], [ 76.6206948, 12.2976628 ], [ 76.6206717, 12.2977559 ], [ 76.6203737, 12.2990602 ], [ 76.6203474, 12.2991751 ], [ 76.6203741, 12.2991812 ], [ 76.6204439, 12.299197 ], [ 76.6204551, 12.2991995 ], [ 76.6209562, 12.2993132 ], [ 76.6210386, 12.2993331 ], [ 76.6210687, 12.2993404 ], [ 76.6211908, 12.2993721 ], [ 76.6211974, 12.2993741 ], [ 76.6212915, 12.2994025 ], [ 76.6214025, 12.2994392 ], [ 76.6215542, 12.2994976 ], [ 76.6216202, 12.2995229 ], [ 76.6223573, 12.299837 ], [ 76.6226865, 12.299973 ], [ 76.6228437, 12.3000333 ], [ 76.6229487, 12.3000698 ], [ 76.6230636, 12.3001007 ], [ 76.6231852, 12.3001266 ], [ 76.6232949, 12.3001448 ], [ 76.6233321, 12.3001504 ], [ 76.6234156, 12.3001563 ], [ 76.6235361, 12.3001569 ], [ 76.6235939, 12.3001532 ], [ 76.623664, 12.3001455 ], [ 76.6237123, 12.3001388 ], [ 76.6238566, 12.3001187 ], [ 76.6239787, 12.3001016 ], [ 76.6246854, 12.3000031 ], [ 76.6248139, 12.2999852 ], [ 76.6262055, 12.2998285 ] ] ] } },
{ "type": "Feature", "id": 47, "properties": { "tessellate": -1, "extrude": 0, "visibility": -1, "KGISWardID": 6447, "KGISWardCode": "2605048", "KGISWardName": "Jayanagara", "SHAPE.STArea()": 1248642.25817871, "SHAPE.STLength()": 8284.2723338575397, "OBJECTID": 20153, "KGISWardNo": "48", "KGISTownCode": "2605", "LGD_WardCode": 28853, "created_user": "SA", "created_date": 1634898537000.0, "last_edited_user": "SA", "last_edited_date": 1643365734000.0 }, "geometry": { "type": "Polygon", "coordinates": [ [ [ 76.6379089, 12.2921627 ], [ 76.6378586, 12.2917382 ], [ 76.6378379, 12.2915684 ], [ 76.6377563, 12.2909025 ], [ 76.6377563, 12.2909025 ], [ 76.6377273, 12.2906654 ], [ 76.6377171, 12.2905691 ], [ 76.6376748, 12.2901702 ], [ 76.6375217, 12.288923 ], [ 76.6373876, 12.2878141 ], [ 76.6372564, 12.2867395 ], [ 76.63724, 12.2866035 ], [ 76.63724, 12.2866031 ], [ 76.6372174, 12.2864159 ], [ 76.6372156, 12.2863991 ], [ 76.6372145, 12.28639 ], [ 76.6371643, 12.2859451 ], [ 76.6371451, 12.2857822 ], [ 76.6371071, 12.2854616 ], [ 76.6362173, 12.2855632 ], [ 76.6362008, 12.2854141 ], [ 76.6361961, 12.2853716 ], [ 76.6361833, 12.2852915 ], [ 76.6361688, 12.2851737 ], [ 76.6360628, 12.2843104 ], [ 76.6359042, 12.2829735 ], [ 76.6358689, 12.2826209 ], [ 76.6358539, 12.2820844 ], [ 76.635853, 12.2820594 ], [ 76.635853, 12.2820259 ], [ 76.6358577, 12.2819956 ], [ 76.6358679, 12.2819616 ], [ 76.6358753, 12.2819432 ], [ 76.6358926, 12.2819069 ], [ 76.6359035, 12.2818892 ], [ 76.6359548, 12.2818137 ], [ 76.6359599, 12.281806 ], [ 76.6359669, 12.2817964 ], [ 76.6359851, 12.2817698 ], [ 76.6359991, 12.2817463 ], [ 76.6360092, 12.2817264 ], [ 76.6360142, 12.2817138 ], [ 76.6360202, 12.2816948 ], [ 76.6360797, 12.2814664 ], [ 76.6361488, 12.281201 ], [ 76.6362036, 12.2810111 ], [ 76.636572, 12.2809668 ], [ 76.6365677, 12.280942 ], [ 76.6364651, 12.2801098 ], [ 76.6364167, 12.2797175 ], [ 76.6364022, 12.2796078 ], [ 76.6363352, 12.279032 ], [ 76.6363125, 12.2787492 ], [ 76.6362986, 12.2785764 ], [ 76.6362937, 12.2784818 ], [ 76.6362832, 12.2782782 ], [ 76.636225, 12.2777455 ], [ 76.6362188, 12.2776888 ], [ 76.63605, 12.2762411 ], [ 76.6358758, 12.2748136 ], [ 76.6356843, 12.2731981 ], [ 76.6355934, 12.2724751 ], [ 76.635514, 12.2718117 ], [ 76.6354034, 12.2708675 ], [ 76.6353636, 12.2705702 ], [ 76.6353187, 12.2703296 ], [ 76.6353165, 12.2703153 ], [ 76.6352765, 12.2701237 ], [ 76.6352549, 12.2700115 ], [ 76.6352363, 12.2698881 ], [ 76.6351927, 12.2695448 ], [ 76.6351251, 12.2690013 ], [ 76.635106, 12.2688345 ], [ 76.6350365, 12.268229 ], [ 76.6349376, 12.2674126 ], [ 76.6349157, 12.267231 ], [ 76.6348765, 12.2668584 ], [ 76.6348698, 12.2667951 ], [ 76.6348524, 12.2666287 ], [ 76.6348153, 12.2663394 ], [ 76.6348045, 12.2661964 ], [ 76.6346663, 12.26619 ], [ 76.6345094, 12.2661752 ], [ 76.6342393, 12.2657323 ], [ 76.6339631, 12.2657845 ], [ 76.6339258, 12.2657952 ], [ 76.6339026, 12.2658019 ], [ 76.6338973, 12.2658034 ], [ 76.6338104, 12.2658284 ], [ 76.6329916, 12.2653573 ], [ 76.6328739, 12.2652895 ], [ 76.6328738, 12.2652808 ], [ 76.632872, 12.2651538 ], [ 76.6327755, 12.265227 ], [ 76.6327449, 12.2652502 ], [ 76.6326946, 12.2652521 ], [ 76.6326505, 12.2652538 ], [ 76.6326568, 12.2653678 ], [ 76.6326835, 12.265853 ], [ 76.6326928, 12.2660026 ], [ 76.6326983, 12.266091 ], [ 76.6327028, 12.2661629 ], [ 76.6327348, 12.2666763 ], [ 76.6327564, 12.2669177 ], [ 76.6327707, 12.2670408 ], [ 76.6327827, 12.2671215 ], [ 76.6328055, 12.2672524 ], [ 76.6328123, 12.267288 ], [ 76.6328363, 12.267404 ], [ 76.6328746, 12.2675596 ], [ 76.6329506, 12.267847 ], [ 76.6329519, 12.2678565 ], [ 76.6329504, 12.2678695 ], [ 76.6329468, 12.2678849 ], [ 76.6329382, 12.267909 ], [ 76.6329307, 12.2679237 ], [ 76.6329251, 12.267932 ], [ 76.6326715, 12.2681819 ], [ 76.6320537, 12.2687908 ], [ 76.632004, 12.2688397 ], [ 76.6315552, 12.269289 ], [ 76.6313757, 12.2694741 ], [ 76.6313033, 12.2695488 ], [ 76.6313038, 12.2695537 ], [ 76.6313226, 12.2697452 ], [ 76.6313255, 12.2697746 ], [ 76.6313296, 12.2698166 ], [ 76.6313553, 12.2700776 ], [ 76.6313821, 12.2700712 ], [ 76.6316235, 12.2700134 ], [ 76.6319415, 12.2699373 ], [ 76.6319563, 12.2699779 ], [ 76.631978, 12.2699741 ], [ 76.6321578, 12.270546 ], [ 76.6321662, 12.2705728 ], [ 76.6321926, 12.2706569 ], [ 76.6323137, 12.2710036 ], [ 76.6325998, 12.2718523 ], [ 76.632636, 12.2719594 ], [ 76.6328055, 12.2724621 ], [ 76.6330379, 12.2730898 ], [ 76.6330103, 12.2730922 ], [ 76.6327573, 12.2731146 ], [ 76.6327102, 12.2731175 ], [ 76.6326694, 12.2731201 ], [ 76.6325926, 12.2731284 ], [ 76.6325288, 12.2731391 ], [ 76.632133, 12.2732262 ], [ 76.6320119, 12.2732573 ], [ 76.631966, 12.273271 ], [ 76.631932, 12.2732811 ], [ 76.6318024, 12.2733185 ], [ 76.6317057, 12.2733465 ], [ 76.6315066, 12.273404 ], [ 76.6314977, 12.2734186 ], [ 76.6314918, 12.2734283 ], [ 76.6314879, 12.2734347 ], [ 76.6314798, 12.273448 ], [ 76.6317539, 12.2738838 ], [ 76.631744, 12.274026 ], [ 76.6317865, 12.2741839 ], [ 76.6318753, 12.2745138 ], [ 76.6318952, 12.2745874 ], [ 76.6318991, 12.2746021 ], [ 76.6319362, 12.2748022 ], [ 76.6321194, 12.2757911 ], [ 76.6321477, 12.2760474 ], [ 76.6321512, 12.2760789 ], [ 76.6321793, 12.2763335 ], [ 76.6321915, 12.2765021 ], [ 76.6322032, 12.2766656 ], [ 76.6322401, 12.2771788 ], [ 76.6323739, 12.2771717 ], [ 76.6325062, 12.2771647 ], [ 76.6326789, 12.2774276 ], [ 76.6327051, 12.2774675 ], [ 76.6332068, 12.2782315 ], [ 76.6332573, 12.2782379 ], [ 76.6332788, 12.2782407 ], [ 76.6334872, 12.2783829 ], [ 76.6337966, 12.2794638 ], [ 76.6339332, 12.2794645 ], [ 76.6342391, 12.2794663 ], [ 76.6342954, 12.280247 ], [ 76.6342993, 12.2803015 ], [ 76.6343182, 12.2808182 ], [ 76.6343106, 12.2817026 ], [ 76.6343001, 12.2817556 ], [ 76.634287, 12.2818252 ], [ 76.6342795, 12.2818569 ], [ 76.6342692, 12.2818836 ], [ 76.6342605, 12.2819015 ], [ 76.6342495, 12.2819199 ], [ 76.6342218, 12.2819533 ], [ 76.634154, 12.2820201 ], [ 76.6341122, 12.282053 ], [ 76.6339195, 12.2821873 ], [ 76.6339046, 12.2821977 ], [ 76.6331764, 12.2827051 ], [ 76.6328715, 12.2829341 ], [ 76.632863, 12.2829495 ], [ 76.6328535, 12.2829717 ], [ 76.6328472, 12.2829997 ], [ 76.6328459, 12.2830093 ], [ 76.6328462, 12.2830367 ], [ 76.6328503, 12.2830958 ], [ 76.6328574, 12.2831647 ], [ 76.6328862, 12.2833715 ], [ 76.6329715, 12.2839584 ], [ 76.6329819, 12.2840303 ], [ 76.6330912, 12.284783 ], [ 76.6331306, 12.2850538 ], [ 76.6332464, 12.2858748 ], [ 76.6331826, 12.2858809 ], [ 76.6333194, 12.287166 ], [ 76.6334235, 12.2881332 ], [ 76.6335216, 12.2888423 ], [ 76.6335429, 12.2889678 ], [ 76.6335515, 12.2890569 ], [ 76.6335571, 12.2891141 ], [ 76.6335611, 12.2891557 ], [ 76.6335649, 12.289195 ], [ 76.6335675, 12.2892702 ], [ 76.6335633, 12.2897541 ], [ 76.6335776, 12.2904888 ], [ 76.6335632, 12.291879 ], [ 76.6336242, 12.291874 ], [ 76.6336837, 12.2918691 ], [ 76.6336783, 12.2922346 ], [ 76.63367, 12.2923615 ], [ 76.6336697, 12.292364 ], [ 76.6336607, 12.2924458 ], [ 76.6336441, 12.2925968 ], [ 76.6336289, 12.2927192 ], [ 76.6335995, 12.2929431 ], [ 76.6335203, 12.2934334 ], [ 76.6332749, 12.2946594 ], [ 76.6332063, 12.295054 ], [ 76.6331592, 12.2953255 ], [ 76.6331399, 12.2954368 ], [ 76.633101, 12.2956684 ], [ 76.6330644, 12.2959286 ], [ 76.6330587, 12.2959817 ], [ 76.633049, 12.2960718 ], [ 76.633043, 12.2961274 ], [ 76.6330411, 12.2961501 ], [ 76.633035, 12.2962255 ], [ 76.6330309, 12.2962769 ], [ 76.6335882, 12.2962523 ], [ 76.6336244, 12.2962507 ], [ 76.6341447, 12.2962277 ], [ 76.6342374, 12.2962203 ], [ 76.6348483, 12.2961571 ], [ 76.6354217, 12.2960859 ], [ 76.6354987, 12.2960763 ], [ 76.6356437, 12.2960583 ], [ 76.6356833, 12.296053 ], [ 76.6366767, 12.2959178 ], [ 76.6373247, 12.2958248 ], [ 76.6374813, 12.2958054 ], [ 76.6375405, 12.2957981 ], [ 76.6377373, 12.2957738 ], [ 76.6380612, 12.2957338 ], [ 76.6380748, 12.2957323 ], [ 76.6380975, 12.2955201 ], [ 76.63812, 12.2952581 ], [ 76.6381406, 12.2949261 ], [ 76.6381447, 12.2946544 ], [ 76.6381409, 12.2943952 ], [ 76.6381257, 12.2940594 ], [ 76.6381185, 12.2939782 ], [ 76.6380898, 12.2936646 ], [ 76.6380828, 12.2936069 ], [ 76.6380539, 12.2933813 ], [ 76.6380166, 12.2931039 ], [ 76.63799, 12.292856 ], [ 76.6379089, 12.2921627 ] ] ] } },
{ "type": "Feature", "id": 48, "properties": { "tessellate": -1, "extrude": 0, "visibility": -1, "KGISWardID": 6450, "KGISWardCode": "2605049", "KGISWardName": "Lakshmipuram", "SHAPE.STArea()": 740423.56951904297, "SHAPE.STLength()": 4443.8535857159404, "OBJECTID": 20154, "KGISWardNo": "49", "KGISTownCode": "2605", "LGD_WardCode": 28854, "created_user": "SA", "created_date": 1634898537000.0, "last_edited_user": "SA", "last_edited_date": 1643365734000.0 }, "geometry": { "type": "Polygon", "coordinates": [ [ [ 76.6414382, 12.2992298 ], [ 76.6430156, 12.2989892 ], [ 76.6442536, 12.2988014 ], [ 76.6451868, 12.2986656 ], [ 76.6462173, 12.2985242 ], [ 76.6470941, 12.2984003 ], [ 76.6476644, 12.2983422 ], [ 76.6487617, 12.2982171 ], [ 76.6500226, 12.2980895 ], [ 76.6501001, 12.2980809 ], [ 76.6501589, 12.2980744 ], [ 76.650454, 12.2980415 ], [ 76.6513685, 12.2979509 ], [ 76.6519401, 12.2978814 ], [ 76.6520817, 12.2978597 ], [ 76.6522621, 12.297832 ], [ 76.6524703, 12.297795 ], [ 76.6526051, 12.2977687 ], [ 76.6529751, 12.2976966 ], [ 76.6533195, 12.2976296 ], [ 76.6534864, 12.2975947 ], [ 76.6538298, 12.297517 ], [ 76.6538225, 12.2974645 ], [ 76.653727, 12.2967739 ], [ 76.6537267, 12.296772 ], [ 76.653666, 12.2963331 ], [ 76.6532764, 12.2963815 ], [ 76.6528717, 12.2964318 ], [ 76.6528311, 12.2964373 ], [ 76.6527939, 12.2964423 ], [ 76.6527783, 12.2963226 ], [ 76.652721, 12.2958805 ], [ 76.6526552, 12.2953738 ], [ 76.6523888, 12.293753 ], [ 76.6523087, 12.2933401 ], [ 76.6522539, 12.2930583 ], [ 76.652247, 12.2930225 ], [ 76.6521932, 12.2926938 ], [ 76.6521867, 12.2926543 ], [ 76.651907, 12.2927053 ], [ 76.6516783, 12.292747 ], [ 76.6516445, 12.2927532 ], [ 76.6516467, 12.2923003 ], [ 76.651647, 12.292227 ], [ 76.6505527, 12.2924135 ], [ 76.6499317, 12.2925581 ], [ 76.6488687, 12.2928254 ], [ 76.6485577, 12.2929036 ], [ 76.6485547, 12.2929381 ], [ 76.6485247, 12.2930793 ], [ 76.6485138, 12.2931305 ], [ 76.6485037, 12.2931783 ], [ 76.6483628, 12.2938417 ], [ 76.6482766, 12.2942479 ], [ 76.6482502, 12.2943781 ], [ 76.6482467, 12.2943908 ], [ 76.6482368, 12.2944124 ], [ 76.6482222, 12.2944329 ], [ 76.6482076, 12.2944506 ], [ 76.6481992, 12.2944607 ], [ 76.6481868, 12.2944744 ], [ 76.6481755, 12.2944851 ], [ 76.6481525, 12.2945028 ], [ 76.6481285, 12.2945089 ], [ 76.6471317, 12.2946344 ], [ 76.6447658, 12.2949184 ], [ 76.6426892, 12.2951759 ], [ 76.6413182, 12.2953356 ], [ 76.6411354, 12.2953569 ], [ 76.6399448, 12.2954956 ], [ 76.6383466, 12.2957023 ], [ 76.638355, 12.2957547 ], [ 76.638416, 12.2960944 ], [ 76.6384601, 12.2963399 ], [ 76.6385145, 12.2966774 ], [ 76.6386561, 12.2975558 ], [ 76.6386875, 12.2977503 ], [ 76.6388599, 12.2988414 ], [ 76.6389682, 12.299597 ], [ 76.6390199, 12.2995894 ], [ 76.6392131, 12.2995609 ], [ 76.6407241, 12.2993425 ], [ 76.6414382, 12.2992298 ] ] ] } },
{ "type": "Feature", "id": 49, "properties": { "tessellate": -1, "extrude": 0, "visibility": -1, "KGISWardID": 6451, "KGISWardCode": "2605050", "KGISWardName": "Sunnadakeri", "SHAPE.STArea()": 412184.42529296898, "SHAPE.STLength()": 3075.11815382235, "OBJECTID": 20155, "KGISWardNo": "50", "KGISTownCode": "2605", "LGD_WardCode": 28855, "created_user": "SA", "created_date": 1634898537000.0, "last_edited_user": "SA", "last_edited_date": 1643365734000.0 }, "geometry": { "type": "Polygon", "coordinates": [ [ [ 76.6491484, 12.3018551 ], [ 76.6491877, 12.3018503 ], [ 76.6501769, 12.3017369 ], [ 76.6501959, 12.3017347 ], [ 76.6508093, 12.3016493 ], [ 76.650792, 12.30148 ], [ 76.6507799, 12.3013107 ], [ 76.6507511, 12.3009054 ], [ 76.6507364, 12.3003631 ], [ 76.650663, 12.2991202 ], [ 76.6506969, 12.2991199 ], [ 76.6508894, 12.2991188 ], [ 76.6509272, 12.2991186 ], [ 76.651468, 12.2991153 ], [ 76.6525611, 12.299068 ], [ 76.6524529, 12.2988361 ], [ 76.6520251, 12.2980393 ], [ 76.6519575, 12.2979136 ], [ 76.6519401, 12.2978814 ], [ 76.6513685, 12.2979509 ], [ 76.650454, 12.2980415 ], [ 76.6501589, 12.2980744 ], [ 76.6501001, 12.2980809 ], [ 76.6500226, 12.2980895 ], [ 76.6487617, 12.2982171 ], [ 76.6476644, 12.2983422 ], [ 76.6470941, 12.2984003 ], [ 76.6462173, 12.2985242 ], [ 76.6451868, 12.2986656 ], [ 76.6442536, 12.2988014 ], [ 76.6430156, 12.2989892 ], [ 76.6414382, 12.2992298 ], [ 76.6416082, 12.3005867 ], [ 76.6417241, 12.3015121 ], [ 76.6431071, 12.3024755 ], [ 76.6432992, 12.3026094 ], [ 76.6434227, 12.3025902 ], [ 76.6452089, 12.3023629 ], [ 76.6459438, 12.3022694 ], [ 76.6480162, 12.3019937 ], [ 76.6486679, 12.3019139 ], [ 76.6491484, 12.3018551 ] ] ] } },
{ "type": "Feature", "id": 50, "properties": { "tessellate": -1, "extrude": 0, "visibility": -1, "KGISWardID": 6454, "KGISWardCode": "2605051", "KGISWardName": "Agrahara", "SHAPE.STArea()": 1927486.5821533201, "SHAPE.STLength()": 7869.27842147706, "OBJECTID": 20156, "KGISWardNo": "51", "KGISTownCode": "2605", "LGD_WardCode": 28856, "created_user": "SA", "created_date": 1634898537000.0, "last_edited_user": "SA", "last_edited_date": 1643365734000.0 }, "geometry": { "type": "Polygon", "coordinates": [ [ [ 76.6558896, 12.3082772 ], [ 76.656561, 12.3080962 ], [ 76.6567056, 12.3080547 ], [ 76.6571384, 12.3079427 ], [ 76.6571708, 12.3079344 ], [ 76.6572844, 12.307905 ], [ 76.6575864, 12.3078268 ], [ 76.6576287, 12.3078161 ], [ 76.6580328, 12.307714 ], [ 76.6590102, 12.307467 ], [ 76.6598564, 12.3072581 ], [ 76.6601641, 12.3071821 ], [ 76.6602135, 12.3071737 ], [ 76.6600225, 12.3066305 ], [ 76.6599577, 12.3064855 ], [ 76.659942, 12.3064546 ], [ 76.6596101, 12.3057398 ], [ 76.6592928, 12.3051921 ], [ 76.6588143, 12.3043418 ], [ 76.6582655, 12.3033302 ], [ 76.6581446, 12.3031494 ], [ 76.6579612, 12.3028734 ], [ 76.657918, 12.302818 ], [ 76.6578633, 12.30276 ], [ 76.6578305, 12.3027253 ], [ 76.6577672, 12.302675 ], [ 76.6576981, 12.3026291 ], [ 76.6575446, 12.3025392 ], [ 76.65741, 12.3024689 ], [ 76.6572318, 12.3023748 ], [ 76.6570606, 12.3022823 ], [ 76.6568503, 12.3021589 ], [ 76.6568004, 12.3021233 ], [ 76.6567545, 12.3020834 ], [ 76.6567054, 12.3020333 ], [ 76.656623, 12.3019331 ], [ 76.6564314, 12.3017004 ], [ 76.656422, 12.3016879 ], [ 76.6563936, 12.3016504 ], [ 76.6563777, 12.3016229 ], [ 76.656368, 12.3015984 ], [ 76.6563626, 12.3015669 ], [ 76.6563621, 12.301549 ], [ 76.6563673, 12.301485 ], [ 76.656382, 12.3014045 ], [ 76.6563838, 12.3013966 ], [ 76.6564061, 12.3013175 ], [ 76.656485, 12.3011093 ], [ 76.656659, 12.3007201 ], [ 76.6568914, 12.300213 ], [ 76.6569034, 12.300188 ], [ 76.6571757, 12.2996256 ], [ 76.6574346, 12.2990346 ], [ 76.6575943, 12.2986541 ], [ 76.6578611, 12.298008 ], [ 76.6580099, 12.2976448 ], [ 76.6580864, 12.2974386 ], [ 76.6583094, 12.2968374 ], [ 76.6585056, 12.2963085 ], [ 76.6587304, 12.2957102 ], [ 76.6589618, 12.2951361 ], [ 76.6592011, 12.2945071 ], [ 76.6596066, 12.293441 ], [ 76.659632, 12.2933714 ], [ 76.6597903, 12.2929378 ], [ 76.6602172, 12.2921158 ], [ 76.6603359, 12.2919162 ], [ 76.660549, 12.2915588 ], [ 76.6605652, 12.2915318 ], [ 76.6606753, 12.2913485 ], [ 76.6607233, 12.291265 ], [ 76.6607576, 12.2912002 ], [ 76.6607885, 12.2911364 ], [ 76.6608292, 12.2910475 ], [ 76.6609117, 12.290861 ], [ 76.6609476, 12.2907748 ], [ 76.6610861, 12.2904659 ], [ 76.6611, 12.2904348 ], [ 76.6611539, 12.2903092 ], [ 76.6611694, 12.2902732 ], [ 76.6612105, 12.2901671 ], [ 76.6612357, 12.2900966 ], [ 76.6612501, 12.290052 ], [ 76.6612707, 12.289979 ], [ 76.661275, 12.2899622 ], [ 76.6612898, 12.2898961 ], [ 76.6612978, 12.2898604 ], [ 76.661321, 12.2897566 ], [ 76.6615033, 12.2889477 ], [ 76.6615357, 12.2888131 ], [ 76.6615382, 12.2888034 ], [ 76.6616376, 12.2884242 ], [ 76.6616403, 12.2884139 ], [ 76.6616619, 12.2883368 ], [ 76.6617152, 12.2881469 ], [ 76.6617289, 12.2881094 ], [ 76.6617329, 12.2880998 ], [ 76.661745, 12.2880773 ], [ 76.6617585, 12.2880577 ], [ 76.6617632, 12.288051 ], [ 76.6617769, 12.2880311 ], [ 76.6617915, 12.288019 ], [ 76.6617999, 12.2880136 ], [ 76.6618382, 12.2879902 ], [ 76.6600584, 12.2875139 ], [ 76.6591461, 12.2872438 ], [ 76.659146, 12.2871738 ], [ 76.658668, 12.2870917 ], [ 76.6584855, 12.2870547 ], [ 76.6583048, 12.2870162 ], [ 76.6573772, 12.2867879 ], [ 76.656453, 12.2865508 ], [ 76.6561872, 12.2864824 ], [ 76.6559173, 12.2864171 ], [ 76.655663, 12.2863578 ], [ 76.6555206, 12.2863324 ], [ 76.6554766, 12.2863269 ], [ 76.6553773, 12.2863164 ], [ 76.6552611, 12.2863119 ], [ 76.6551245, 12.2863127 ], [ 76.6550704, 12.2863124 ], [ 76.6547715, 12.2863107 ], [ 76.6538675, 12.2863162 ], [ 76.6537774, 12.2863167 ], [ 76.6536953, 12.2863172 ], [ 76.6529922, 12.2862929 ], [ 76.6521378, 12.2863124 ], [ 76.6521405, 12.2863673 ], [ 76.6521478, 12.2864855 ], [ 76.652161, 12.2866997 ], [ 76.6521679, 12.2868113 ], [ 76.6521717, 12.2869186 ], [ 76.652168, 12.2870598 ], [ 76.6521633, 12.2871381 ], [ 76.6521564, 12.28725 ], [ 76.6521412, 12.2874996 ], [ 76.65212, 12.2877034 ], [ 76.6520857, 12.288034 ], [ 76.6520845, 12.2880494 ], [ 76.6520685, 12.288199 ], [ 76.6520593, 12.2882756 ], [ 76.6520437, 12.2883961 ], [ 76.6520337, 12.2884674 ], [ 76.6520292, 12.2884951 ], [ 76.6519995, 12.2886673 ], [ 76.6519829, 12.2887587 ], [ 76.6519414, 12.2889765 ], [ 76.6518789, 12.2893285 ], [ 76.6518784, 12.2893316 ], [ 76.6517773, 12.2899008 ], [ 76.6517662, 12.2899806 ], [ 76.6517328, 12.2902624 ], [ 76.6517098, 12.2904751 ], [ 76.6517061, 12.2905304 ], [ 76.6516649, 12.2916357 ], [ 76.6516585, 12.2918278 ], [ 76.651647, 12.292227 ], [ 76.6516467, 12.2923003 ], [ 76.6516445, 12.2927532 ], [ 76.6516783, 12.292747 ], [ 76.651907, 12.2927053 ], [ 76.6521867, 12.2926543 ], [ 76.6521932, 12.2926938 ], [ 76.652247, 12.2930225 ], [ 76.6522539, 12.2930583 ], [ 76.6523087, 12.2933401 ], [ 76.6523888, 12.293753 ], [ 76.6526552, 12.2953738 ], [ 76.652721, 12.2958805 ], [ 76.6527783, 12.2963226 ], [ 76.6527939, 12.2964423 ], [ 76.6528311, 12.2964373 ], [ 76.6528717, 12.2964318 ], [ 76.6532764, 12.2963815 ], [ 76.653666, 12.2963331 ], [ 76.6537267, 12.296772 ], [ 76.653727, 12.2967739 ], [ 76.6538225, 12.2974645 ], [ 76.6538298, 12.297517 ], [ 76.6534864, 12.2975947 ], [ 76.6533195, 12.2976296 ], [ 76.6529751, 12.2976966 ], [ 76.6526051, 12.2977687 ], [ 76.6524703, 12.297795 ], [ 76.6522621, 12.297832 ], [ 76.6520817, 12.2978597 ], [ 76.6519401, 12.2978814 ], [ 76.6519575, 12.2979136 ], [ 76.6520251, 12.2980393 ], [ 76.6524529, 12.2988361 ], [ 76.6525611, 12.299068 ], [ 76.651468, 12.2991153 ], [ 76.6509272, 12.2991186 ], [ 76.6508894, 12.2991188 ], [ 76.6506969, 12.2991199 ], [ 76.650663, 12.2991202 ], [ 76.6507364, 12.3003631 ], [ 76.6507511, 12.3009054 ], [ 76.6507799, 12.3013107 ], [ 76.650792, 12.30148 ], [ 76.6508093, 12.3016493 ], [ 76.6501959, 12.3017347 ], [ 76.6501769, 12.3017369 ], [ 76.6491877, 12.3018503 ], [ 76.6491484, 12.3018551 ], [ 76.6491669, 12.3020767 ], [ 76.649205, 12.3025758 ], [ 76.649224, 12.3028247 ], [ 76.6492291, 12.3030242 ], [ 76.6492221, 12.3035981 ], [ 76.6492248, 12.3039067 ], [ 76.6492264, 12.3039892 ], [ 76.6492291, 12.3040818 ], [ 76.6492394, 12.3044264 ], [ 76.6492436, 12.3044577 ], [ 76.6492865, 12.3047997 ], [ 76.6493159, 12.3050821 ], [ 76.6493545, 12.3054516 ], [ 76.6493596, 12.3054867 ], [ 76.6493633, 12.3055121 ], [ 76.6497025, 12.3054586 ], [ 76.6498984, 12.3054278 ], [ 76.6508382, 12.3052796 ], [ 76.6517838, 12.3051245 ], [ 76.6522526, 12.3050476 ], [ 76.6523303, 12.3050413 ], [ 76.6523612, 12.3053109 ], [ 76.6523884, 12.305504 ], [ 76.6523927, 12.3055341 ], [ 76.6524106, 12.3056262 ], [ 76.6524881, 12.3060043 ], [ 76.6525176, 12.3061308 ], [ 76.6525748, 12.306392 ], [ 76.652599, 12.3064869 ], [ 76.6526356, 12.3066307 ], [ 76.6526642, 12.3067432 ], [ 76.6527147, 12.306928 ], [ 76.6529638, 12.3078072 ], [ 76.6530877, 12.3084102 ], [ 76.653104, 12.3085227 ], [ 76.6531181, 12.3086621 ], [ 76.6552082, 12.3083297 ], [ 76.6558805, 12.3082228 ], [ 76.6558896, 12.3082772 ] ] ] } },
{ "type": "Feature", "id": 51, "properties": { "tessellate": -1, "extrude": 0, "visibility": -1, "KGISWardID": 6455, "KGISWardCode": "2605052", "KGISWardName": "Ittigegudu", "SHAPE.STArea()": 7425629.2893066397, "SHAPE.STLength()": 12510.077270578, "OBJECTID": 20157, "KGISWardNo": "52", "KGISTownCode": "2605", "LGD_WardCode": 28857, "created_user": "SA", "created_date": 1634898537000.0, "last_edited_user": "SA", "last_edited_date": 1643365734000.0 }, "geometry": { "type": "Polygon", "coordinates": [ [ [ 76.6718996, 12.3079113 ], [ 76.6720709, 12.3079026 ], [ 76.6723643, 12.307904 ], [ 76.6725016, 12.3079033 ], [ 76.6726308, 12.3079069 ], [ 76.6727915, 12.3079114 ], [ 76.6728604, 12.3079185 ], [ 76.6729073, 12.3079244 ], [ 76.6730021, 12.3079387 ], [ 76.6731523, 12.3079613 ], [ 76.6732759, 12.3079768 ], [ 76.6734296, 12.3079944 ], [ 76.6735969, 12.3080101 ], [ 76.6737026, 12.3080152 ], [ 76.6739749, 12.3080225 ], [ 76.6742535, 12.3080195 ], [ 76.6744416, 12.3080178 ], [ 76.6744489, 12.3080177 ], [ 76.6744848, 12.3080174 ], [ 76.6750102, 12.3080138 ], [ 76.6752121, 12.3080097 ], [ 76.6752499, 12.3080083 ], [ 76.675388, 12.3079996 ], [ 76.6762079, 12.3079353 ], [ 76.6763186, 12.3079279 ], [ 76.6766699, 12.3079123 ], [ 76.6767377, 12.3077748 ], [ 76.6767872, 12.3076703 ], [ 76.6768251, 12.3075832 ], [ 76.676899, 12.3074065 ], [ 76.6771248, 12.3067764 ], [ 76.677154, 12.3066904 ], [ 76.6771688, 12.3066466 ], [ 76.6771789, 12.3066168 ], [ 76.6771919, 12.3065738 ], [ 76.677223, 12.3064537 ], [ 76.677287, 12.3060978 ], [ 76.6772961, 12.3060178 ], [ 76.6773024, 12.3059465 ], [ 76.6773045, 12.3058867 ], [ 76.6773113, 12.3057454 ], [ 76.6773335, 12.3052777 ], [ 76.6773352, 12.3051866 ], [ 76.6773734, 12.3043798 ], [ 76.6773799, 12.3033622 ], [ 76.6773853, 12.3030756 ], [ 76.6773863, 12.3030621 ], [ 76.67739, 12.3030113 ], [ 76.6773927, 12.3029732 ], [ 76.6773987, 12.3029238 ], [ 76.6774135, 12.3028294 ], [ 76.677428, 12.3027439 ], [ 76.6774552, 12.302605 ], [ 76.6774711, 12.3025341 ], [ 76.6775051, 12.3023806 ], [ 76.6775277, 12.3022782 ], [ 76.6775468, 12.3021986 ], [ 76.6775802, 12.3020761 ], [ 76.6775865, 12.3020549 ], [ 76.6776233, 12.3019245 ], [ 76.6776371, 12.3018757 ], [ 76.6777158, 12.3016315 ], [ 76.6778014, 12.3013655 ], [ 76.6778717, 12.3011892 ], [ 76.6779177, 12.301087 ], [ 76.6780726, 12.3007135 ], [ 76.6781313, 12.300605 ], [ 76.678183, 12.3005162 ], [ 76.6782632, 12.3003923 ], [ 76.6783231, 12.3003005 ], [ 76.6783848, 12.3002059 ], [ 76.678392, 12.3001958 ], [ 76.6784907, 12.3000591 ], [ 76.6785391, 12.2999922 ], [ 76.6786167, 12.2998879 ], [ 76.6786464, 12.2998481 ], [ 76.6787108, 12.2997602 ], [ 76.6787345, 12.2997271 ], [ 76.678904, 12.299527 ], [ 76.679033, 12.2993748 ], [ 76.6795038, 12.2994876 ], [ 76.6795821, 12.2995063 ], [ 76.6797314, 12.2995421 ], [ 76.6806157, 12.2997388 ], [ 76.6807546, 12.2997705 ], [ 76.6814412, 12.2999275 ], [ 76.682412, 12.3001495 ], [ 76.6824777, 12.3001643 ], [ 76.6825562, 12.3001821 ], [ 76.6828986, 12.3002595 ], [ 76.6834585, 12.3003826 ], [ 76.6843013, 12.3005749 ], [ 76.6848501, 12.3006992 ], [ 76.6854737, 12.3008432 ], [ 76.6860159, 12.3009625 ], [ 76.6866256, 12.3011102 ], [ 76.6872256, 12.3012484 ], [ 76.6874573, 12.3012998 ], [ 76.6875222, 12.3013142 ], [ 76.6881992, 12.3014642 ], [ 76.6891513, 12.3016801 ], [ 76.6903054, 12.3019355 ], [ 76.6912036, 12.302146 ], [ 76.6918333, 12.3023091 ], [ 76.6923885, 12.3024481 ], [ 76.6925468, 12.3021373 ], [ 76.6925567, 12.3021191 ], [ 76.6925607, 12.3021117 ], [ 76.692592, 12.3020562 ], [ 76.6926132, 12.3020211 ], [ 76.6926328, 12.3019914 ], [ 76.6926466, 12.3019714 ], [ 76.6927022, 12.3018977 ], [ 76.6927153, 12.3018816 ], [ 76.6927751, 12.3018096 ], [ 76.6928138, 12.3017667 ], [ 76.6929759, 12.3015935 ], [ 76.6931496, 12.30142 ], [ 76.6931666, 12.3014008 ], [ 76.6932366, 12.3013221 ], [ 76.6932511, 12.3013057 ], [ 76.6932668, 12.3012873 ], [ 76.6932804, 12.3012711 ], [ 76.6933033, 12.3012442 ], [ 76.6933071, 12.3012395 ], [ 76.6933218, 12.3012212 ], [ 76.6933446, 12.3011892 ], [ 76.6933652, 12.3011589 ], [ 76.6933807, 12.3011337 ], [ 76.6933909, 12.3011161 ], [ 76.6934093, 12.3010801 ], [ 76.6934256, 12.3010449 ], [ 76.6934454, 12.3009943 ], [ 76.6934726, 12.3009166 ], [ 76.6934931, 12.3008481 ], [ 76.6934988, 12.3008265 ], [ 76.6935105, 12.3007746 ], [ 76.6935448, 12.3006079 ], [ 76.6935817, 12.3004237 ], [ 76.6936132, 12.3002666 ], [ 76.6936604, 12.3000317 ], [ 76.6937075, 12.299792 ], [ 76.6936393, 12.2998191 ], [ 76.6936329, 12.299782 ], [ 76.6935972, 12.2995751 ], [ 76.6935714, 12.2994253 ], [ 76.6935549, 12.2992158 ], [ 76.6935535, 12.2991957 ], [ 76.6934882, 12.2982452 ], [ 76.6934842, 12.2981877 ], [ 76.6934607, 12.2978452 ], [ 76.6934562, 12.2977687 ], [ 76.6934295, 12.2973156 ], [ 76.693441, 12.297222 ], [ 76.6934682, 12.2970018 ], [ 76.6935811, 12.2960856 ], [ 76.6935903, 12.2960107 ], [ 76.6936754, 12.2953419 ], [ 76.6937769, 12.2945437 ], [ 76.6938929, 12.2936322 ], [ 76.6939226, 12.2928693 ], [ 76.6939391, 12.2924468 ], [ 76.6939406, 12.2924076 ], [ 76.6939498, 12.2921707 ], [ 76.693956, 12.2920111 ], [ 76.6940012, 12.2908507 ], [ 76.6936675, 12.2907737 ], [ 76.6928273, 12.2906036 ], [ 76.6925113, 12.2905431 ], [ 76.6923681, 12.2905157 ], [ 76.6921563, 12.2904751 ], [ 76.6911212, 12.2902931 ], [ 76.6908266, 12.2902361 ], [ 76.6906434, 12.2902007 ], [ 76.6903103, 12.2901364 ], [ 76.6902718, 12.2901289 ], [ 76.6900795, 12.2900752 ], [ 76.6900291, 12.2900611 ], [ 76.6900035, 12.2900583 ], [ 76.6896611, 12.2900204 ], [ 76.6896187, 12.2900067 ], [ 76.6892777, 12.2898967 ], [ 76.6883957, 12.289612 ], [ 76.6883119, 12.289585 ], [ 76.6886236, 12.2888732 ], [ 76.6886737, 12.2887588 ], [ 76.6887902, 12.2884928 ], [ 76.6889758, 12.288143 ], [ 76.6883357, 12.2878993 ], [ 76.6872697, 12.2874934 ], [ 76.6865713, 12.287222 ], [ 76.6865166, 12.2872007 ], [ 76.6867189, 12.2870163 ], [ 76.6867676, 12.2869664 ], [ 76.6866011, 12.2869664 ], [ 76.6862987, 12.286938 ], [ 76.6861442, 12.2869235 ], [ 76.6861008, 12.2869253 ], [ 76.6859158, 12.2869331 ], [ 76.6858431, 12.2869297 ], [ 76.6857064, 12.2869235 ], [ 76.6855969, 12.286895 ], [ 76.6854256, 12.2868331 ], [ 76.6852305, 12.2867998 ], [ 76.684964, 12.2867855 ], [ 76.6848212, 12.2868188 ], [ 76.684569, 12.286895 ], [ 76.6844905, 12.2869283 ], [ 76.6845381, 12.2870806 ], [ 76.6845619, 12.2872567 ], [ 76.6845762, 12.287428 ], [ 76.6846047, 12.2876088 ], [ 76.6846333, 12.2877754 ], [ 76.684619, 12.2878896 ], [ 76.6845696, 12.2879434 ], [ 76.6845143, 12.2880038 ], [ 76.6843144, 12.2880752 ], [ 76.684201, 12.2881222 ], [ 76.6841193, 12.2881561 ], [ 76.683865, 12.288064 ], [ 76.6836415, 12.288026 ], [ 76.6834775, 12.2879981 ], [ 76.6827652, 12.287856 ], [ 76.6821832, 12.2876443 ], [ 76.6817684, 12.2874613 ], [ 76.6816287, 12.2873963 ], [ 76.6814924, 12.2873328 ], [ 76.6812925, 12.2872471 ], [ 76.6812635, 12.2872392 ], [ 76.6810498, 12.2871805 ], [ 76.680769, 12.2870949 ], [ 76.680612, 12.287014 ], [ 76.6804216, 12.2868807 ], [ 76.6802931, 12.2868093 ], [ 76.6801694, 12.2867712 ], [ 76.6799743, 12.2867475 ], [ 76.6798743, 12.2867046 ], [ 76.6797363, 12.2866047 ], [ 76.6794889, 12.2864191 ], [ 76.6793723, 12.2863418 ], [ 76.6791331, 12.286249 ], [ 76.6788976, 12.2861776 ], [ 76.6787441, 12.2861383 ], [ 76.6785906, 12.2860669 ], [ 76.6784157, 12.2859706 ], [ 76.6782444, 12.2859063 ], [ 76.6780695, 12.2858456 ], [ 76.6778911, 12.2857957 ], [ 76.6777305, 12.2856993 ], [ 76.6774413, 12.2855244 ], [ 76.6771797, 12.2853709 ], [ 76.6771061, 12.2853277 ], [ 76.6770095, 12.285271 ], [ 76.6767472, 12.2851462 ], [ 76.6767322, 12.2851391 ], [ 76.6766418, 12.2850961 ], [ 76.676308, 12.2849619 ], [ 76.6762294, 12.2849146 ], [ 76.6761557, 12.2849097 ], [ 76.6730982, 12.2847056 ], [ 76.6729666, 12.2846969 ], [ 76.6715172, 12.2846001 ], [ 76.6706175, 12.2845401 ], [ 76.6704196, 12.2845269 ], [ 76.6701454, 12.2845086 ], [ 76.6700214, 12.284489 ], [ 76.6699981, 12.2844853 ], [ 76.6699697, 12.2844808 ], [ 76.6699376, 12.2844757 ], [ 76.6699013, 12.28447 ], [ 76.669591, 12.2844209 ], [ 76.6695727, 12.284418 ], [ 76.6692323, 12.284364 ], [ 76.6678049, 12.2841285 ], [ 76.6677352, 12.284117 ], [ 76.6676601, 12.2841046 ], [ 76.6672718, 12.2840405 ], [ 76.6665943, 12.2839287 ], [ 76.6665457, 12.2838817 ], [ 76.6665067, 12.2838467 ], [ 76.6664498, 12.2837957 ], [ 76.6663751, 12.2839031 ], [ 76.6662795, 12.2840405 ], [ 76.6664235, 12.284047 ], [ 76.6664991, 12.2840504 ], [ 76.6665161, 12.2840546 ], [ 76.6664338, 12.2841637 ], [ 76.6659592, 12.284793 ], [ 76.6656867, 12.2851703 ], [ 76.6654887, 12.2854444 ], [ 76.6651806, 12.2858971 ], [ 76.6650891, 12.2860217 ], [ 76.6649502, 12.2862108 ], [ 76.6649279, 12.2862385 ], [ 76.664876, 12.2862893 ], [ 76.6648211, 12.286333 ], [ 76.664346, 12.2866702 ], [ 76.6641248, 12.2868244 ], [ 76.6640609, 12.2868681 ], [ 76.6640261, 12.2868918 ], [ 76.6637083, 12.2871088 ], [ 76.663653, 12.2871476 ], [ 76.6633274, 12.2873601 ], [ 76.6632055, 12.2874401 ], [ 76.6631506, 12.2874728 ], [ 76.6630738, 12.2875133 ], [ 76.6630231, 12.2875386 ], [ 76.6629033, 12.2875934 ], [ 76.662832, 12.2876228 ], [ 76.6623366, 12.2878104 ], [ 76.6621015, 12.287886 ], [ 76.6620513, 12.2879022 ], [ 76.661976, 12.2879285 ], [ 76.6619275, 12.2879484 ], [ 76.6618837, 12.287968 ], [ 76.6618382, 12.2879902 ], [ 76.6617999, 12.2880136 ], [ 76.6617915, 12.288019 ], [ 76.6617769, 12.2880311 ], [ 76.6617632, 12.288051 ], [ 76.6617585, 12.2880577 ], [ 76.661745, 12.2880773 ], [ 76.6617329, 12.2880998 ], [ 76.6617289, 12.2881094 ], [ 76.6617152, 12.2881469 ], [ 76.6616619, 12.2883368 ], [ 76.6616403, 12.2884139 ], [ 76.6616376, 12.2884242 ], [ 76.6615382, 12.2888034 ], [ 76.6615357, 12.2888131 ], [ 76.6615033, 12.2889477 ], [ 76.661321, 12.2897566 ], [ 76.6612978, 12.2898604 ], [ 76.6612898, 12.2898961 ], [ 76.661275, 12.2899622 ], [ 76.6612707, 12.289979 ], [ 76.6612501, 12.290052 ], [ 76.6612357, 12.2900966 ], [ 76.6612105, 12.2901671 ], [ 76.6611694, 12.2902732 ], [ 76.6611539, 12.2903092 ], [ 76.6611, 12.2904348 ], [ 76.6610861, 12.2904659 ], [ 76.6609476, 12.2907748 ], [ 76.6609117, 12.290861 ], [ 76.6608292, 12.2910475 ], [ 76.6607885, 12.2911364 ], [ 76.6607576, 12.2912002 ], [ 76.6607233, 12.291265 ], [ 76.6606753, 12.2913485 ], [ 76.6605652, 12.2915318 ], [ 76.660549, 12.2915588 ], [ 76.6603359, 12.2919162 ], [ 76.6602172, 12.2921158 ], [ 76.6597903, 12.2929378 ], [ 76.659632, 12.2933714 ], [ 76.6596066, 12.293441 ], [ 76.6592011, 12.2945071 ], [ 76.6589618, 12.2951361 ], [ 76.6587304, 12.2957102 ], [ 76.6585056, 12.2963085 ], [ 76.6583094, 12.2968374 ], [ 76.6580864, 12.2974386 ], [ 76.6580099, 12.2976448 ], [ 76.6578611, 12.298008 ], [ 76.6575943, 12.2986541 ], [ 76.6574346, 12.2990346 ], [ 76.6571757, 12.2996256 ], [ 76.6569034, 12.300188 ], [ 76.6568914, 12.300213 ], [ 76.656659, 12.3007201 ], [ 76.656485, 12.3011093 ], [ 76.6564061, 12.3013175 ], [ 76.6563838, 12.3013966 ], [ 76.656382, 12.3014045 ], [ 76.6563673, 12.301485 ], [ 76.6563621, 12.301549 ], [ 76.6563626, 12.3015669 ], [ 76.656368, 12.3015984 ], [ 76.6563777, 12.3016229 ], [ 76.6563936, 12.3016504 ], [ 76.656422, 12.3016879 ], [ 76.6564314, 12.3017004 ], [ 76.656623, 12.3019331 ], [ 76.6567054, 12.3020333 ], [ 76.6567545, 12.3020834 ], [ 76.6568004, 12.3021233 ], [ 76.6568503, 12.3021589 ], [ 76.6570606, 12.3022823 ], [ 76.6572318, 12.3023748 ], [ 76.65741, 12.3024689 ], [ 76.6575446, 12.3025392 ], [ 76.6576981, 12.3026291 ], [ 76.6577672, 12.302675 ], [ 76.6578305, 12.3027253 ], [ 76.6578633, 12.30276 ], [ 76.657918, 12.302818 ], [ 76.6579612, 12.3028734 ], [ 76.6581446, 12.3031494 ], [ 76.6582655, 12.3033302 ], [ 76.6588143, 12.3043418 ], [ 76.6592928, 12.3051921 ], [ 76.6596101, 12.3057398 ], [ 76.659942, 12.3064546 ], [ 76.6599577, 12.3064855 ], [ 76.6600225, 12.3066305 ], [ 76.6602135, 12.3071737 ], [ 76.6614162, 12.3069702 ], [ 76.6630361, 12.3067419 ], [ 76.6634422, 12.3066846 ], [ 76.6634599, 12.3067434 ], [ 76.6636369, 12.3074507 ], [ 76.6639261, 12.308606 ], [ 76.6644982, 12.3085538 ], [ 76.6657926, 12.3084246 ], [ 76.6674552, 12.308267 ], [ 76.6695805, 12.3081071 ], [ 76.6700607, 12.3080676 ], [ 76.6702424, 12.3080527 ], [ 76.6707536, 12.3080107 ], [ 76.6707839, 12.3080089 ], [ 76.6710979, 12.3079887 ], [ 76.671371, 12.3079623 ], [ 76.6718996, 12.3079113 ] ] ] } },
{ "type": "Feature", "id": 52, "properties": { "tessellate": -1, "extrude": 0, "visibility": -1, "KGISWardID": 6458, "KGISWardCode": "2605053", "KGISWardName": "Kurubarahalli", "SHAPE.STArea()": 1629867.2415771501, "SHAPE.STLength()": 9745.3970083817803, "OBJECTID": 20158, "KGISWardNo": "53", "KGISTownCode": "2605", "LGD_WardCode": 28858, "created_user": "SA", "created_date": 1634898537000.0, "last_edited_user": "SA", "last_edited_date": 1643365734000.0 }, "geometry": { "type": "Polygon", "coordinates": [ [ [ 76.6766699, 12.3079123 ], [ 76.6767935, 12.3079067 ], [ 76.677816, 12.3079025 ], [ 76.6778246, 12.3079025 ], [ 76.6778513, 12.3079023 ], [ 76.6782287, 12.3079008 ], [ 76.6787662, 12.307897 ], [ 76.6794317, 12.307891 ], [ 76.6797919, 12.3078823 ], [ 76.679908, 12.3078795 ], [ 76.6799621, 12.3078782 ], [ 76.6800679, 12.3078756 ], [ 76.6809984, 12.307835 ], [ 76.6811356, 12.307832 ], [ 76.6811664, 12.3071412 ], [ 76.681208, 12.3062119 ], [ 76.6812475, 12.3053491 ], [ 76.6812714, 12.3047137 ], [ 76.6813709, 12.3047122 ], [ 76.6815329, 12.304707 ], [ 76.6817852, 12.304695 ], [ 76.6819059, 12.3046793 ], [ 76.6819808, 12.3046631 ], [ 76.68211, 12.3046288 ], [ 76.6823699, 12.3045548 ], [ 76.6827475, 12.3044579 ], [ 76.6833266, 12.3043167 ], [ 76.6842028, 12.3041031 ], [ 76.6847215, 12.3039931 ], [ 76.6847258, 12.3039915 ], [ 76.6847336, 12.3039876 ], [ 76.6847403, 12.3039826 ], [ 76.6847454, 12.303976 ], [ 76.6847471, 12.3039731 ], [ 76.6847496, 12.3039663 ], [ 76.6847509, 12.3039547 ], [ 76.6847524, 12.3038931 ], [ 76.6847508, 12.3037834 ], [ 76.6848468, 12.3037788 ], [ 76.6863429, 12.3037294 ], [ 76.6878858, 12.3036699 ], [ 76.69011, 12.3036131 ], [ 76.6912405, 12.3035652 ], [ 76.6925049, 12.3034952 ], [ 76.6927797, 12.3042209 ], [ 76.6929813, 12.3048393 ], [ 76.6930954, 12.3051645 ], [ 76.693114, 12.3052811 ], [ 76.6942279, 12.3051215 ], [ 76.6942605, 12.3051168 ], [ 76.6953411, 12.3049617 ], [ 76.6954577, 12.3049408 ], [ 76.6955489, 12.3049237 ], [ 76.6958709, 12.3048587 ], [ 76.6959224, 12.3048475 ], [ 76.6965672, 12.304708 ], [ 76.696805, 12.3046625 ], [ 76.6971123, 12.3045995 ], [ 76.6972088, 12.3045817 ], [ 76.6973082, 12.304564 ], [ 76.6976613, 12.3045039 ], [ 76.6979569, 12.3044658 ], [ 76.6980228, 12.3044573 ], [ 76.6982742, 12.3044293 ], [ 76.6986242, 12.3044075 ], [ 76.6991191, 12.3044152 ], [ 76.6997793, 12.3044482 ], [ 76.6999049, 12.3044561 ], [ 76.6999529, 12.3044658 ], [ 76.7000608, 12.3045014 ], [ 76.7001548, 12.3045325 ], [ 76.7002119, 12.3045492 ], [ 76.700262, 12.3045598 ], [ 76.7003075, 12.3045649 ], [ 76.7003728, 12.3045684 ], [ 76.7004396, 12.304568 ], [ 76.7004615, 12.3045679 ], [ 76.7004984, 12.3045648 ], [ 76.700538, 12.3045573 ], [ 76.7007141, 12.3045006 ], [ 76.7007471, 12.3044914 ], [ 76.700813, 12.304475 ], [ 76.700832, 12.3044712 ], [ 76.7008942, 12.3044629 ], [ 76.7009916, 12.3044555 ], [ 76.7010079, 12.3044551 ], [ 76.7011491, 12.3044559 ], [ 76.7013363, 12.3044571 ], [ 76.7015273, 12.3044651 ], [ 76.7016058, 12.3044726 ], [ 76.7016182, 12.3044752 ], [ 76.7016739, 12.3044894 ], [ 76.7017132, 12.3045023 ], [ 76.7018106, 12.3045451 ], [ 76.7018837, 12.3045831 ], [ 76.7020207, 12.3046604 ], [ 76.7020862, 12.3046927 ], [ 76.7021805, 12.3047393 ], [ 76.7022297, 12.304759 ], [ 76.7022893, 12.3047772 ], [ 76.7023487, 12.3047913 ], [ 76.7024283, 12.3048058 ], [ 76.7024777, 12.3048114 ], [ 76.7025592, 12.3048132 ], [ 76.7026514, 12.3048143 ], [ 76.7029057, 12.304811 ], [ 76.7036883, 12.3048068 ], [ 76.7037772, 12.3048063 ], [ 76.7038005, 12.3046647 ], [ 76.7038984, 12.3040719 ], [ 76.7039228, 12.3039378 ], [ 76.7039969, 12.3035298 ], [ 76.7040554, 12.3032082 ], [ 76.7042646, 12.3022999 ], [ 76.704292, 12.3021811 ], [ 76.7043695, 12.3018447 ], [ 76.7044061, 12.3016806 ], [ 76.7044106, 12.3016601 ], [ 76.7044275, 12.3015847 ], [ 76.7044997, 12.3012606 ], [ 76.7046296, 12.3006776 ], [ 76.7046479, 12.3005955 ], [ 76.7046587, 12.3005407 ], [ 76.7047023, 12.3003204 ], [ 76.7047446, 12.3001066 ], [ 76.7049581, 12.2990273 ], [ 76.7050334, 12.2986467 ], [ 76.7050769, 12.2984588 ], [ 76.705169, 12.2980614 ], [ 76.7052347, 12.2977817 ], [ 76.7052672, 12.2976433 ], [ 76.7053617, 12.2972405 ], [ 76.705365, 12.2971956 ], [ 76.7053673, 12.2971641 ], [ 76.7053685, 12.2971479 ], [ 76.7053817, 12.2969654 ], [ 76.7054188, 12.2964552 ], [ 76.7054273, 12.2963647 ], [ 76.7055254, 12.2953084 ], [ 76.7055688, 12.294842 ], [ 76.7056035, 12.2943519 ], [ 76.705633, 12.2939354 ], [ 76.7056503, 12.2935767 ], [ 76.7051319, 12.2941814 ], [ 76.7049841, 12.2943537 ], [ 76.7049472, 12.2943968 ], [ 76.7048033, 12.2945905 ], [ 76.7047328, 12.2946853 ], [ 76.704726, 12.294715 ], [ 76.7046752, 12.2949358 ], [ 76.7046524, 12.2950347 ], [ 76.7042785, 12.2952379 ], [ 76.7041021, 12.2953338 ], [ 76.7039897, 12.2955426 ], [ 76.7039621, 12.2955938 ], [ 76.7038979, 12.2958187 ], [ 76.7038495, 12.2959886 ], [ 76.7036506, 12.2963785 ], [ 76.7035618, 12.2965951 ], [ 76.7030047, 12.2970876 ], [ 76.7029879, 12.2971627 ], [ 76.7029578, 12.2972973 ], [ 76.7029406, 12.297374 ], [ 76.7028047, 12.2975911 ], [ 76.7026928, 12.2977696 ], [ 76.7025923, 12.2979299 ], [ 76.7025707, 12.2979993 ], [ 76.7025275, 12.2984536 ], [ 76.7024588, 12.2986108 ], [ 76.7024535, 12.2986505 ], [ 76.7024329, 12.2988055 ], [ 76.7024194, 12.2989079 ], [ 76.7024118, 12.2989646 ], [ 76.7020476, 12.2992258 ], [ 76.7019663, 12.2992703 ], [ 76.7019451, 12.2992819 ], [ 76.7019177, 12.2992969 ], [ 76.7016004, 12.2994706 ], [ 76.7015352, 12.299482 ], [ 76.7013017, 12.2997201 ], [ 76.701119, 12.2997848 ], [ 76.7008479, 12.2998809 ], [ 76.7003792, 12.2999853 ], [ 76.7003159, 12.2999212 ], [ 76.7001741, 12.2998777 ], [ 76.7002949, 12.299557 ], [ 76.7002975, 12.2995146 ], [ 76.7003001, 12.299473 ], [ 76.7003058, 12.2993819 ], [ 76.7003315, 12.2993829 ], [ 76.700494, 12.2993891 ], [ 76.700494, 12.2993794 ], [ 76.700494, 12.2982882 ], [ 76.7005215, 12.2979645 ], [ 76.7005235, 12.2979412 ], [ 76.7005478, 12.297655 ], [ 76.7005508, 12.2976198 ], [ 76.700553, 12.2975934 ], [ 76.7001901, 12.2978008 ], [ 76.6994418, 12.2982359 ], [ 76.6981917, 12.298956 ], [ 76.6981731, 12.2989667 ], [ 76.6981553, 12.2989601 ], [ 76.6981252, 12.2989489 ], [ 76.6980867, 12.2989345 ], [ 76.6980456, 12.2990798 ], [ 76.6980316, 12.2991262 ], [ 76.6980191, 12.2991673 ], [ 76.6979852, 12.2992793 ], [ 76.6979263, 12.2992645 ], [ 76.6974191, 12.2991366 ], [ 76.6967826, 12.2990129 ], [ 76.6962802, 12.2989072 ], [ 76.6962407, 12.2988989 ], [ 76.6961939, 12.298889 ], [ 76.6960749, 12.298864 ], [ 76.6959467, 12.2989879 ], [ 76.6958131, 12.2989652 ], [ 76.6957691, 12.298854 ], [ 76.6955742, 12.2988473 ], [ 76.6948598, 12.2988255 ], [ 76.6945121, 12.2989573 ], [ 76.6942744, 12.299018 ], [ 76.694233, 12.299166 ], [ 76.6940378, 12.2991619 ], [ 76.6939804, 12.2995481 ], [ 76.6938472, 12.2995797 ], [ 76.6938455, 12.2995882 ], [ 76.6938144, 12.2997495 ], [ 76.6937951, 12.2997572 ], [ 76.6937075, 12.299792 ], [ 76.6936604, 12.3000317 ], [ 76.6936132, 12.3002666 ], [ 76.6935817, 12.3004237 ], [ 76.6935448, 12.3006079 ], [ 76.6935105, 12.3007746 ], [ 76.6934988, 12.3008265 ], [ 76.6934931, 12.3008481 ], [ 76.6934726, 12.3009166 ], [ 76.6934454, 12.3009943 ], [ 76.6934256, 12.3010449 ], [ 76.6934093, 12.3010801 ], [ 76.6933909, 12.3011161 ], [ 76.6933807, 12.3011337 ], [ 76.6933652, 12.3011589 ], [ 76.6933446, 12.3011892 ], [ 76.6933218, 12.3012212 ], [ 76.6933071, 12.3012395 ], [ 76.6933033, 12.3012442 ], [ 76.6932804, 12.3012711 ], [ 76.6932668, 12.3012873 ], [ 76.6932511, 12.3013057 ], [ 76.6932366, 12.3013221 ], [ 76.6931666, 12.3014008 ], [ 76.6931496, 12.30142 ], [ 76.6929759, 12.3015935 ], [ 76.6928138, 12.3017667 ], [ 76.6927751, 12.3018096 ], [ 76.6927153, 12.3018816 ], [ 76.6927022, 12.3018977 ], [ 76.6926466, 12.3019714 ], [ 76.6926328, 12.3019914 ], [ 76.6926132, 12.3020211 ], [ 76.692592, 12.3020562 ], [ 76.6925607, 12.3021117 ], [ 76.6925567, 12.3021191 ], [ 76.6925468, 12.3021373 ], [ 76.6923885, 12.3024481 ], [ 76.6918333, 12.3023091 ], [ 76.6912036, 12.302146 ], [ 76.6903054, 12.3019355 ], [ 76.6891513, 12.3016801 ], [ 76.6881992, 12.3014642 ], [ 76.6875222, 12.3013142 ], [ 76.6874573, 12.3012998 ], [ 76.6872256, 12.3012484 ], [ 76.6866256, 12.3011102 ], [ 76.6860159, 12.3009625 ], [ 76.6854737, 12.3008432 ], [ 76.6848501, 12.3006992 ], [ 76.6843013, 12.3005749 ], [ 76.6834585, 12.3003826 ], [ 76.6828986, 12.3002595 ], [ 76.6825562, 12.3001821 ], [ 76.6824777, 12.3001643 ], [ 76.682412, 12.3001495 ], [ 76.6814412, 12.2999275 ], [ 76.6807546, 12.2997705 ], [ 76.6806157, 12.2997388 ], [ 76.6797314, 12.2995421 ], [ 76.6795821, 12.2995063 ], [ 76.6795038, 12.2994876 ], [ 76.679033, 12.2993748 ], [ 76.678904, 12.299527 ], [ 76.6787345, 12.2997271 ], [ 76.6787108, 12.2997602 ], [ 76.6786464, 12.2998481 ], [ 76.6786167, 12.2998879 ], [ 76.6785391, 12.2999922 ], [ 76.6784907, 12.3000591 ], [ 76.678392, 12.3001958 ], [ 76.6783848, 12.3002059 ], [ 76.6783231, 12.3003005 ], [ 76.6782632, 12.3003923 ], [ 76.678183, 12.3005162 ], [ 76.6781313, 12.300605 ], [ 76.6780726, 12.3007135 ], [ 76.6779177, 12.301087 ], [ 76.6778717, 12.3011892 ], [ 76.6778014, 12.3013655 ], [ 76.6777158, 12.3016315 ], [ 76.6776371, 12.3018757 ], [ 76.6776233, 12.3019245 ], [ 76.6775865, 12.3020549 ], [ 76.6775802, 12.3020761 ], [ 76.6775468, 12.3021986 ], [ 76.6775277, 12.3022782 ], [ 76.6775051, 12.3023806 ], [ 76.6774711, 12.3025341 ], [ 76.6774552, 12.302605 ], [ 76.677428, 12.3027439 ], [ 76.6774135, 12.3028294 ], [ 76.6773987, 12.3029238 ], [ 76.6773927, 12.3029732 ], [ 76.67739, 12.3030113 ], [ 76.6773863, 12.3030621 ], [ 76.6773853, 12.3030756 ], [ 76.6773799, 12.3033622 ], [ 76.6773734, 12.3043798 ], [ 76.6773352, 12.3051866 ], [ 76.6773335, 12.3052777 ], [ 76.6773113, 12.3057454 ], [ 76.6773045, 12.3058867 ], [ 76.6773024, 12.3059465 ], [ 76.6772961, 12.3060178 ], [ 76.677287, 12.3060978 ], [ 76.677223, 12.3064537 ], [ 76.6771919, 12.3065738 ], [ 76.6771789, 12.3066168 ], [ 76.6771688, 12.3066466 ], [ 76.677154, 12.3066904 ], [ 76.6771248, 12.3067764 ], [ 76.676899, 12.3074065 ], [ 76.6768251, 12.3075832 ], [ 76.6767872, 12.3076703 ], [ 76.6767377, 12.3077748 ], [ 76.6766699, 12.3079123 ] ] ] } },
{ "type": "Feature", "id": 53, "properties": { "tessellate": -1, "extrude": 0, "visibility": -1, "KGISWardID": 6459, "KGISWardCode": "2605054", "KGISWardName": "Gunduraonagara", "SHAPE.STArea()": 1276514.79797363, "SHAPE.STLength()": 4700.3199956736298, "OBJECTID": 20159, "KGISWardNo": "54", "KGISTownCode": "2605", "LGD_WardCode": 28859, "created_user": "SA", "created_date": 1634898537000.0, "last_edited_user": "SA", "last_edited_date": 1643365734000.0 }, "geometry": { "type": "Polygon", "coordinates": [ [ [ 76.6662795, 12.2840405 ], [ 76.6662466, 12.2840878 ], [ 76.6661177, 12.2840526 ], [ 76.665978, 12.2840006 ], [ 76.6658543, 12.2838769 ], [ 76.6657449, 12.2837103 ], [ 76.6656687, 12.283658 ], [ 76.665445, 12.2836247 ], [ 76.6649834, 12.283558 ], [ 76.6645422, 12.2834657 ], [ 76.6643848, 12.2833547 ], [ 76.6641221, 12.2829965 ], [ 76.6640179, 12.2827576 ], [ 76.6640837, 12.2827555 ], [ 76.6641898, 12.2827521 ], [ 76.6641578, 12.2826925 ], [ 76.6640517, 12.2824914 ], [ 76.6640337, 12.2824574 ], [ 76.6641944, 12.2824807 ], [ 76.6641655, 12.2824197 ], [ 76.6640818, 12.2822423 ], [ 76.6640693, 12.2822157 ], [ 76.6640322, 12.2821379 ], [ 76.6639675, 12.2820034 ], [ 76.6639607, 12.2819894 ], [ 76.6639218, 12.2819096 ], [ 76.6638346, 12.2817315 ], [ 76.6637868, 12.2816437 ], [ 76.6637188, 12.2815202 ], [ 76.6636389, 12.2813766 ], [ 76.6635224, 12.2811421 ], [ 76.6630988, 12.2803783 ], [ 76.6624842, 12.2801735 ], [ 76.6623995, 12.2799574 ], [ 76.6622936, 12.2796874 ], [ 76.6622865, 12.2796708 ], [ 76.6620001, 12.2790054 ], [ 76.6618292, 12.2786084 ], [ 76.6609342, 12.2785939 ], [ 76.6602388, 12.2786049 ], [ 76.6601873, 12.2786057 ], [ 76.6599531, 12.2786094 ], [ 76.659841, 12.2785512 ], [ 76.6597935, 12.2785265 ], [ 76.6596874, 12.2784705 ], [ 76.6596301, 12.2784403 ], [ 76.6595519, 12.2783991 ], [ 76.6595088, 12.2783763 ], [ 76.6593816, 12.2784532 ], [ 76.6591679, 12.2785824 ], [ 76.6591513, 12.2785924 ], [ 76.6591133, 12.2786154 ], [ 76.6589541, 12.2786353 ], [ 76.6589335, 12.2785651 ], [ 76.6588807, 12.2783852 ], [ 76.6588392, 12.2781828 ], [ 76.6587402, 12.2776996 ], [ 76.6587257, 12.2775449 ], [ 76.6580978, 12.2773716 ], [ 76.6580804, 12.277367 ], [ 76.6579183, 12.2773244 ], [ 76.6578898, 12.2773169 ], [ 76.657041, 12.277094 ], [ 76.6569844, 12.2770793 ], [ 76.6569338, 12.2770672 ], [ 76.656603, 12.2769832 ], [ 76.6565712, 12.2769755 ], [ 76.6563065, 12.2769035 ], [ 76.6562677, 12.2768941 ], [ 76.6562335, 12.2768867 ], [ 76.6561906, 12.2768828 ], [ 76.6561553, 12.2768822 ], [ 76.6561414, 12.2768837 ], [ 76.6561224, 12.2768861 ], [ 76.6561049, 12.2768909 ], [ 76.6560879, 12.2768984 ], [ 76.6559971, 12.2769436 ], [ 76.6557813, 12.2770557 ], [ 76.6557232, 12.2770859 ], [ 76.6555797, 12.2771604 ], [ 76.6555349, 12.2771824 ], [ 76.6555146, 12.2771911 ], [ 76.6554903, 12.2772015 ], [ 76.6554454, 12.2772178 ], [ 76.6552742, 12.2772765 ], [ 76.655257, 12.2772825 ], [ 76.6552215, 12.2772987 ], [ 76.6552075, 12.2773066 ], [ 76.6551823, 12.2773234 ], [ 76.6551389, 12.2773524 ], [ 76.6551285, 12.2773594 ], [ 76.6551137, 12.2773704 ], [ 76.6550942, 12.2773868 ], [ 76.6550828, 12.2773984 ], [ 76.6550668, 12.2774159 ], [ 76.6550496, 12.277436 ], [ 76.6550152, 12.2774815 ], [ 76.6549736, 12.2775364 ], [ 76.6548818, 12.2776403 ], [ 76.654828, 12.2776875 ], [ 76.6548198, 12.2776942 ], [ 76.6547657, 12.2777342 ], [ 76.6547316, 12.2777593 ], [ 76.6546858, 12.2777899 ], [ 76.6545906, 12.2778501 ], [ 76.6540688, 12.2782028 ], [ 76.6535946, 12.2785032 ], [ 76.6534354, 12.2786057 ], [ 76.6531863, 12.278766 ], [ 76.6530714, 12.2788548 ], [ 76.6529985, 12.2789153 ], [ 76.6529204, 12.2789917 ], [ 76.6528424, 12.279075 ], [ 76.652768, 12.2791672 ], [ 76.6526965, 12.2792608 ], [ 76.6526383, 12.279337 ], [ 76.6525794, 12.2794238 ], [ 76.652564, 12.2794494 ], [ 76.652451, 12.2796627 ], [ 76.6523534, 12.2798544 ], [ 76.6523077, 12.2799649 ], [ 76.6522827, 12.2800458 ], [ 76.6522404, 12.2802292 ], [ 76.6522063, 12.2804031 ], [ 76.6521938, 12.2804858 ], [ 76.6521828, 12.2805754 ], [ 76.6521726, 12.280684 ], [ 76.652169, 12.2807936 ], [ 76.6521681, 12.2808364 ], [ 76.6521438, 12.2819164 ], [ 76.6521135, 12.2829681 ], [ 76.6521077, 12.2831703 ], [ 76.6521046, 12.283372 ], [ 76.6521042, 12.2840811 ], [ 76.6521005, 12.2841682 ], [ 76.6521008, 12.2842055 ], [ 76.6521021, 12.2843373 ], [ 76.6521038, 12.2845119 ], [ 76.6521131, 12.2854779 ], [ 76.6521171, 12.2858874 ], [ 76.6521378, 12.2863124 ], [ 76.6529922, 12.2862929 ], [ 76.6536953, 12.2863172 ], [ 76.6537774, 12.2863167 ], [ 76.6538675, 12.2863162 ], [ 76.6547715, 12.2863107 ], [ 76.6550704, 12.2863124 ], [ 76.6551245, 12.2863127 ], [ 76.6552611, 12.2863119 ], [ 76.6553773, 12.2863164 ], [ 76.6554766, 12.2863269 ], [ 76.6555206, 12.2863324 ], [ 76.655663, 12.2863578 ], [ 76.6559173, 12.2864171 ], [ 76.6561872, 12.2864824 ], [ 76.656453, 12.2865508 ], [ 76.6573772, 12.2867879 ], [ 76.6583048, 12.2870162 ], [ 76.6584855, 12.2870547 ], [ 76.658668, 12.2870917 ], [ 76.659146, 12.2871738 ], [ 76.6591461, 12.2872438 ], [ 76.6600584, 12.2875139 ], [ 76.6618382, 12.2879902 ], [ 76.6618837, 12.287968 ], [ 76.6619275, 12.2879484 ], [ 76.661976, 12.2879285 ], [ 76.6620513, 12.2879022 ], [ 76.6621015, 12.287886 ], [ 76.6623366, 12.2878104 ], [ 76.662832, 12.2876228 ], [ 76.6629033, 12.2875934 ], [ 76.6630231, 12.2875386 ], [ 76.6630738, 12.2875133 ], [ 76.6631506, 12.2874728 ], [ 76.6632055, 12.2874401 ], [ 76.6633274, 12.2873601 ], [ 76.663653, 12.2871476 ], [ 76.6637083, 12.2871088 ], [ 76.6640261, 12.2868918 ], [ 76.6640609, 12.2868681 ], [ 76.6641248, 12.2868244 ], [ 76.664346, 12.2866702 ], [ 76.6648211, 12.286333 ], [ 76.664876, 12.2862893 ], [ 76.6649279, 12.2862385 ], [ 76.6649502, 12.2862108 ], [ 76.6650891, 12.2860217 ], [ 76.6651806, 12.2858971 ], [ 76.6654887, 12.2854444 ], [ 76.6656867, 12.2851703 ], [ 76.6659592, 12.284793 ], [ 76.6664338, 12.2841637 ], [ 76.6665161, 12.2840546 ], [ 76.6664991, 12.2840504 ], [ 76.6664235, 12.284047 ], [ 76.6662795, 12.2840405 ] ] ] } },
{ "type": "Feature", "id": 54, "properties": { "tessellate": -1, "extrude": 0, "visibility": -1, "KGISWardID": 6462, "KGISWardCode": "2605055", "KGISWardName": "Chamundipuram", "SHAPE.STArea()": 646289.09240722703, "SHAPE.STLength()": 3417.5138397341402, "OBJECTID": 20160, "KGISWardNo": "55", "KGISTownCode": "2605", "LGD_WardCode": 28860, "created_user": "SA", "created_date": 1634898537000.0, "last_edited_user": "SA", "last_edited_date": 1643365734000.0 }, "geometry": { "type": "Polygon", "coordinates": [ [ [ 76.651647, 12.292227 ], [ 76.6516585, 12.2918278 ], [ 76.6516649, 12.2916357 ], [ 76.6517061, 12.2905304 ], [ 76.6517098, 12.2904751 ], [ 76.6517328, 12.2902624 ], [ 76.6517662, 12.2899806 ], [ 76.6517773, 12.2899008 ], [ 76.6518784, 12.2893316 ], [ 76.6518789, 12.2893285 ], [ 76.6519414, 12.2889765 ], [ 76.6519829, 12.2887587 ], [ 76.6519995, 12.2886673 ], [ 76.6520292, 12.2884951 ], [ 76.6520337, 12.2884674 ], [ 76.6520437, 12.2883961 ], [ 76.6520593, 12.2882756 ], [ 76.6520685, 12.288199 ], [ 76.6520845, 12.2880494 ], [ 76.6520857, 12.288034 ], [ 76.65212, 12.2877034 ], [ 76.6521412, 12.2874996 ], [ 76.6521564, 12.28725 ], [ 76.6521633, 12.2871381 ], [ 76.652168, 12.2870598 ], [ 76.6521717, 12.2869186 ], [ 76.6521679, 12.2868113 ], [ 76.652161, 12.2866997 ], [ 76.6521478, 12.2864855 ], [ 76.6521405, 12.2863673 ], [ 76.6521378, 12.2863124 ], [ 76.6521171, 12.2858874 ], [ 76.6521131, 12.2854779 ], [ 76.6521038, 12.2845119 ], [ 76.6521021, 12.2843373 ], [ 76.6521008, 12.2842055 ], [ 76.6521005, 12.2841682 ], [ 76.6521042, 12.2840811 ], [ 76.6516528, 12.2840826 ], [ 76.6515088, 12.284083 ], [ 76.6508124, 12.2840852 ], [ 76.6487839, 12.2840723 ], [ 76.6485657, 12.2850623 ], [ 76.6484644, 12.2855215 ], [ 76.64711, 12.2854741 ], [ 76.6467822, 12.2854746 ], [ 76.645418, 12.2854923 ], [ 76.6446934, 12.2855462 ], [ 76.6443635, 12.2855708 ], [ 76.6443309, 12.2855747 ], [ 76.64414, 12.2855975 ], [ 76.6436736, 12.2856534 ], [ 76.6435868, 12.2856637 ], [ 76.6430663, 12.2857415 ], [ 76.6431222, 12.2858367 ], [ 76.6433147, 12.2862107 ], [ 76.6434098, 12.2864056 ], [ 76.6436203, 12.2868371 ], [ 76.6436523, 12.2869171 ], [ 76.6440265, 12.2878507 ], [ 76.6440571, 12.2879364 ], [ 76.6441318, 12.2881456 ], [ 76.6443226, 12.2886732 ], [ 76.6443447, 12.2887251 ], [ 76.6443729, 12.2887892 ], [ 76.6444304, 12.28892 ], [ 76.644526, 12.2891374 ], [ 76.6445605, 12.2892033 ], [ 76.6445779, 12.2892261 ], [ 76.6446174, 12.2892699 ], [ 76.6446533, 12.2892997 ], [ 76.6447349, 12.2893673 ], [ 76.6450719, 12.2896782 ], [ 76.6454985, 12.2900864 ], [ 76.6456177, 12.290199 ], [ 76.6456518, 12.2902312 ], [ 76.6464176, 12.290955 ], [ 76.6467255, 12.2912461 ], [ 76.6478765, 12.2924509 ], [ 76.6479861, 12.2925679 ], [ 76.6485138, 12.2931305 ], [ 76.6485247, 12.2930793 ], [ 76.6485547, 12.2929381 ], [ 76.6485577, 12.2929036 ], [ 76.6488687, 12.2928254 ], [ 76.6499317, 12.2925581 ], [ 76.6505527, 12.2924135 ], [ 76.651647, 12.292227 ] ] ] } },
{ "type": "Feature", "id": 55, "properties": { "tessellate": -1, "extrude": 0, "visibility": -1, "KGISWardID": 6463, "KGISWardCode": "2605056", "KGISWardName": "Krishnamurthipuram", "SHAPE.STArea()": 839605.51556396496, "SHAPE.STLength()": 4404.0300365945104, "OBJECTID": 20161, "KGISWardNo": "56", "KGISTownCode": "2605", "LGD_WardCode": 28861, "created_user": "SA", "created_date": 1634898537000.0, "last_edited_user": "SA", "last_edited_date": 1643365734000.0 }, "geometry": { "type": "Polygon", "coordinates": [ [ [ 76.6441318, 12.2881456 ], [ 76.6440571, 12.2879364 ], [ 76.6440265, 12.2878507 ], [ 76.6440041, 12.287853 ], [ 76.6439395, 12.2878597 ], [ 76.6435046, 12.2879225 ], [ 76.6432773, 12.2879553 ], [ 76.6432985, 12.2880748 ], [ 76.6430334, 12.2881089 ], [ 76.6429596, 12.2881184 ], [ 76.6428618, 12.2874468 ], [ 76.6428176, 12.2870718 ], [ 76.6427743, 12.2866708 ], [ 76.6427063, 12.2860416 ], [ 76.6427007, 12.2859901 ], [ 76.6426993, 12.2859771 ], [ 76.6426791, 12.2857867 ], [ 76.6417113, 12.2859115 ], [ 76.6417258, 12.2860123 ], [ 76.6418147, 12.2866296 ], [ 76.6410474, 12.2867216 ], [ 76.6410298, 12.2867237 ], [ 76.6408626, 12.2867437 ], [ 76.6400153, 12.2868407 ], [ 76.6401222, 12.2876467 ], [ 76.6385624, 12.2878253 ], [ 76.6383744, 12.2864069 ], [ 76.6383633, 12.286323 ], [ 76.6378614, 12.2863563 ], [ 76.6374718, 12.2863821 ], [ 76.637249, 12.2863969 ], [ 76.6372156, 12.2863991 ], [ 76.6372156, 12.2863991 ], [ 76.6372174, 12.2864159 ], [ 76.63724, 12.2866031 ], [ 76.63724, 12.2866035 ], [ 76.6372564, 12.2867395 ], [ 76.6373876, 12.2878141 ], [ 76.6375217, 12.288923 ], [ 76.6376748, 12.2901702 ], [ 76.6377171, 12.2905691 ], [ 76.6377273, 12.2906654 ], [ 76.6377563, 12.2909025 ], [ 76.6377563, 12.2909025 ], [ 76.6378379, 12.2915684 ], [ 76.6378586, 12.2917382 ], [ 76.6379089, 12.2921627 ], [ 76.63799, 12.292856 ], [ 76.6380166, 12.2931039 ], [ 76.6380539, 12.2933813 ], [ 76.6380828, 12.2936069 ], [ 76.6380898, 12.2936646 ], [ 76.6381185, 12.2939782 ], [ 76.6381257, 12.2940594 ], [ 76.6381409, 12.2943952 ], [ 76.6381447, 12.2946544 ], [ 76.6381406, 12.2949261 ], [ 76.63812, 12.2952581 ], [ 76.6380975, 12.2955201 ], [ 76.6380748, 12.2957323 ], [ 76.6380818, 12.2957315 ], [ 76.638092, 12.2957303 ], [ 76.6381885, 12.2957197 ], [ 76.6383466, 12.2957023 ], [ 76.6399448, 12.2954956 ], [ 76.6411354, 12.2953569 ], [ 76.6413182, 12.2953356 ], [ 76.6426892, 12.2951759 ], [ 76.6447658, 12.2949184 ], [ 76.6471317, 12.2946344 ], [ 76.6481285, 12.2945089 ], [ 76.6481525, 12.2945028 ], [ 76.6481755, 12.2944851 ], [ 76.6481868, 12.2944744 ], [ 76.6481992, 12.2944607 ], [ 76.6482076, 12.2944506 ], [ 76.6482222, 12.2944329 ], [ 76.6482368, 12.2944124 ], [ 76.6482467, 12.2943908 ], [ 76.6482502, 12.2943781 ], [ 76.6482766, 12.2942479 ], [ 76.6483628, 12.2938417 ], [ 76.6485037, 12.2931783 ], [ 76.6485138, 12.2931305 ], [ 76.6479861, 12.2925679 ], [ 76.6478765, 12.2924509 ], [ 76.6467255, 12.2912461 ], [ 76.6464176, 12.290955 ], [ 76.6456518, 12.2902312 ], [ 76.6456177, 12.290199 ], [ 76.6454985, 12.2900864 ], [ 76.6450719, 12.2896782 ], [ 76.6447349, 12.2893673 ], [ 76.6446533, 12.2892997 ], [ 76.6446174, 12.2892699 ], [ 76.6445779, 12.2892261 ], [ 76.6445605, 12.2892033 ], [ 76.644526, 12.2891374 ], [ 76.6444304, 12.28892 ], [ 76.6443729, 12.2887892 ], [ 76.6443447, 12.2887251 ], [ 76.6443226, 12.2886732 ], [ 76.6441318, 12.2881456 ] ] ] } },
{ "type": "Feature", "id": 56, "properties": { "tessellate": -1, "extrude": 0, "visibility": -1, "KGISWardID": 6466, "KGISWardCode": "2605057", "KGISWardName": "Kuvempu Nagara C I T B", "SHAPE.STArea()": 1187340.9362182601, "SHAPE.STLength()": 5168.8454736182302, "OBJECTID": 20162, "KGISWardNo": "57", "KGISTownCode": "2605", "LGD_WardCode": 28862, "created_user": "SA", "created_date": 1634898537000.0, "last_edited_user": "SA", "last_edited_date": 1643365734000.0 }, "geometry": { "type": "Polygon", "coordinates": [ [ [ 76.6333194, 12.287166 ], [ 76.6331826, 12.2858809 ], [ 76.6332464, 12.2858748 ], [ 76.6331306, 12.2850538 ], [ 76.6330912, 12.284783 ], [ 76.6329819, 12.2840303 ], [ 76.6329715, 12.2839584 ], [ 76.6328862, 12.2833715 ], [ 76.6328574, 12.2831647 ], [ 76.6328503, 12.2830958 ], [ 76.6328462, 12.2830367 ], [ 76.6328459, 12.2830093 ], [ 76.6328472, 12.2829997 ], [ 76.6328535, 12.2829717 ], [ 76.632863, 12.2829495 ], [ 76.6328715, 12.2829341 ], [ 76.6331764, 12.2827051 ], [ 76.6339046, 12.2821977 ], [ 76.6339195, 12.2821873 ], [ 76.6341122, 12.282053 ], [ 76.634154, 12.2820201 ], [ 76.6342218, 12.2819533 ], [ 76.6342495, 12.2819199 ], [ 76.6342605, 12.2819015 ], [ 76.6342692, 12.2818836 ], [ 76.6342795, 12.2818569 ], [ 76.634287, 12.2818252 ], [ 76.6343001, 12.2817556 ], [ 76.6343106, 12.2817026 ], [ 76.6342593, 12.281673 ], [ 76.6341489, 12.2816094 ], [ 76.6340793, 12.2815693 ], [ 76.6340531, 12.2815541 ], [ 76.6340188, 12.2815343 ], [ 76.6338045, 12.2814108 ], [ 76.6336937, 12.2813589 ], [ 76.6334583, 12.2812562 ], [ 76.6332953, 12.2811954 ], [ 76.633258, 12.2811828 ], [ 76.6332194, 12.2811726 ], [ 76.6331992, 12.2811684 ], [ 76.633167, 12.2811634 ], [ 76.6331296, 12.2811608 ], [ 76.6329441, 12.2811612 ], [ 76.6329078, 12.2811635 ], [ 76.6328871, 12.2811666 ], [ 76.632832, 12.2811765 ], [ 76.6327979, 12.281184 ], [ 76.6327621, 12.281191 ], [ 76.6327476, 12.2811934 ], [ 76.6327032, 12.2812009 ], [ 76.6326288, 12.2812085 ], [ 76.6325533, 12.2812162 ], [ 76.6320584, 12.281237 ], [ 76.6319101, 12.2812419 ], [ 76.6317817, 12.2812494 ], [ 76.6316962, 12.2812621 ], [ 76.6316793, 12.2812655 ], [ 76.6315361, 12.2812941 ], [ 76.6314823, 12.2813048 ], [ 76.6315052, 12.2814418 ], [ 76.6315204, 12.2815412 ], [ 76.6315442, 12.2817105 ], [ 76.6315594, 12.2818189 ], [ 76.6277598, 12.2821534 ], [ 76.6277613, 12.2822019 ], [ 76.6278102, 12.2831099 ], [ 76.6264288, 12.2832671 ], [ 76.6263087, 12.2823087 ], [ 76.6258969, 12.2823445 ], [ 76.6246557, 12.2824524 ], [ 76.6244243, 12.2824723 ], [ 76.6240647, 12.2825033 ], [ 76.6232331, 12.2825748 ], [ 76.6232022, 12.2825774 ], [ 76.6232218, 12.2827348 ], [ 76.6233281, 12.2835644 ], [ 76.623333, 12.2836016 ], [ 76.6233601, 12.2838096 ], [ 76.6233708, 12.2838843 ], [ 76.6233761, 12.2839097 ], [ 76.6233808, 12.2839261 ], [ 76.6233906, 12.28395 ], [ 76.6234061, 12.2839791 ], [ 76.6234204, 12.2840055 ], [ 76.6234272, 12.2840173 ], [ 76.6234401, 12.2840454 ], [ 76.6234439, 12.2840556 ], [ 76.6234472, 12.2840642 ], [ 76.6234634, 12.2841314 ], [ 76.6234711, 12.2841653 ], [ 76.623505, 12.2844959 ], [ 76.6235485, 12.2850421 ], [ 76.623562, 12.2851746 ], [ 76.6236207, 12.2859776 ], [ 76.623627, 12.2860635 ], [ 76.6236687, 12.286634 ], [ 76.6236768, 12.2867571 ], [ 76.623723, 12.2867532 ], [ 76.6237602, 12.2867494 ], [ 76.6245877, 12.286665 ], [ 76.6245905, 12.2866901 ], [ 76.6246049, 12.2868448 ], [ 76.6248275, 12.2892377 ], [ 76.625124, 12.2926485 ], [ 76.6251385, 12.2928151 ], [ 76.6251628, 12.293255 ], [ 76.625187, 12.2936899 ], [ 76.625213, 12.2937534 ], [ 76.6254582, 12.294351 ], [ 76.6255273, 12.2943424 ], [ 76.626945, 12.294108 ], [ 76.6276206, 12.2939963 ], [ 76.6283176, 12.2938886 ], [ 76.6282929, 12.2937957 ], [ 76.6281801, 12.2933474 ], [ 76.6280821, 12.2929582 ], [ 76.6281031, 12.2929527 ], [ 76.6289838, 12.2927227 ], [ 76.6298974, 12.292482 ], [ 76.6303321, 12.2923674 ], [ 76.6305634, 12.2923141 ], [ 76.6309494, 12.2922251 ], [ 76.6310489, 12.2922049 ], [ 76.6313684, 12.2921403 ], [ 76.6315156, 12.2921132 ], [ 76.6335304, 12.2918817 ], [ 76.6335632, 12.291879 ], [ 76.6335776, 12.2904888 ], [ 76.6335633, 12.2897541 ], [ 76.6335675, 12.2892702 ], [ 76.6335649, 12.289195 ], [ 76.6335611, 12.2891557 ], [ 76.6335571, 12.2891141 ], [ 76.6335515, 12.2890569 ], [ 76.6335429, 12.2889678 ], [ 76.6335216, 12.2888423 ], [ 76.6334235, 12.2881332 ], [ 76.6333194, 12.287166 ] ] ] } },
{ "type": "Feature", "id": 57, "properties": { "tessellate": -1, "extrude": 0, "visibility": -1, "KGISWardID": 6467, "KGISWardCode": "2605058", "KGISWardName": "Ramakrishnanagara", "SHAPE.STArea()": 1376238.19714355, "SHAPE.STLength()": 5470.6031927456897, "OBJECTID": 20163, "KGISWardNo": "58", "KGISTownCode": "2605", "LGD_WardCode": 28863, "created_user": "SA", "created_date": 1634898537000.0, "last_edited_user": "SA", "last_edited_date": 1643365734000.0 }, "geometry": { "type": "Polygon", "coordinates": [ [ [ 76.6236768, 12.2867571 ], [ 76.6236687, 12.286634 ], [ 76.623627, 12.2860635 ], [ 76.6236207, 12.2859776 ], [ 76.623562, 12.2851746 ], [ 76.6235485, 12.2850421 ], [ 76.623505, 12.2844959 ], [ 76.6234711, 12.2841653 ], [ 76.6234634, 12.2841314 ], [ 76.6234472, 12.2840642 ], [ 76.6234439, 12.2840556 ], [ 76.6234401, 12.2840454 ], [ 76.6234272, 12.2840173 ], [ 76.6234204, 12.2840055 ], [ 76.6234061, 12.2839791 ], [ 76.6233906, 12.28395 ], [ 76.6233808, 12.2839261 ], [ 76.6233761, 12.2839097 ], [ 76.6233708, 12.2838843 ], [ 76.6233601, 12.2838096 ], [ 76.623333, 12.2836016 ], [ 76.6233281, 12.2835644 ], [ 76.6232218, 12.2827348 ], [ 76.6232022, 12.2825774 ], [ 76.62318, 12.2823925 ], [ 76.6231456, 12.282106 ], [ 76.6231454, 12.2820809 ], [ 76.623149, 12.2820618 ], [ 76.6231573, 12.2820354 ], [ 76.6231669, 12.282009 ], [ 76.6231801, 12.281985 ], [ 76.6232189, 12.2819669 ], [ 76.6235519, 12.2819147 ], [ 76.6235694, 12.2819098 ], [ 76.6235826, 12.281905 ], [ 76.6235914, 12.2819007 ], [ 76.6236078, 12.2818865 ], [ 76.6236141, 12.2818746 ], [ 76.6236169, 12.281866 ], [ 76.6236188, 12.2818558 ], [ 76.623619, 12.2818535 ], [ 76.6236201, 12.2818411 ], [ 76.6236214, 12.2818183 ], [ 76.6236207, 12.281804 ], [ 76.6236168, 12.2817655 ], [ 76.6235814, 12.2815234 ], [ 76.6235783, 12.2815022 ], [ 76.6235754, 12.2814822 ], [ 76.6235751, 12.2814822 ], [ 76.6235703, 12.2814525 ], [ 76.6232892, 12.2814905 ], [ 76.6232644, 12.2814939 ], [ 76.6228646, 12.2815527 ], [ 76.6225425, 12.2816093 ], [ 76.6224051, 12.2816334 ], [ 76.6222869, 12.2816605 ], [ 76.6222336, 12.2816743 ], [ 76.6222029, 12.281684 ], [ 76.6219706, 12.2817574 ], [ 76.6218738, 12.281784 ], [ 76.6215466, 12.2818742 ], [ 76.6214928, 12.2816388 ], [ 76.621465, 12.2815168 ], [ 76.6216339, 12.2814978 ], [ 76.6214988, 12.280407 ], [ 76.6214799, 12.2802639 ], [ 76.6214107, 12.2797534 ], [ 76.6214061, 12.2797199 ], [ 76.6213476, 12.2792883 ], [ 76.6213209, 12.2790787 ], [ 76.6212979, 12.2790656 ], [ 76.6212861, 12.2790584 ], [ 76.621273, 12.2790475 ], [ 76.6212708, 12.2790451 ], [ 76.6212649, 12.279039 ], [ 76.6212554, 12.2790292 ], [ 76.6212478, 12.2790213 ], [ 76.6212422, 12.2790137 ], [ 76.6212377, 12.2790071 ], [ 76.6212307, 12.2789914 ], [ 76.6212238, 12.2789732 ], [ 76.6211463, 12.278769 ], [ 76.6210795, 12.2786012 ], [ 76.6210249, 12.2784593 ], [ 76.6209211, 12.2781923 ], [ 76.6206848, 12.2775843 ], [ 76.6205985, 12.2773746 ], [ 76.6205704, 12.2773065 ], [ 76.6205685, 12.2773018 ], [ 76.6204931, 12.2771164 ], [ 76.6204605, 12.2770339 ], [ 76.6200911, 12.2762247 ], [ 76.6197625, 12.2756316 ], [ 76.6197439, 12.2756028 ], [ 76.619606, 12.2753901 ], [ 76.6195846, 12.2753586 ], [ 76.6195483, 12.27531 ], [ 76.6194728, 12.2752283 ], [ 76.6193837, 12.275143 ], [ 76.6192202, 12.2750059 ], [ 76.6191686, 12.2749658 ], [ 76.6189696, 12.2748275 ], [ 76.6188966, 12.2747823 ], [ 76.6187358, 12.2746934 ], [ 76.6186615, 12.2746524 ], [ 76.6185994, 12.2746229 ], [ 76.618562, 12.2746077 ], [ 76.6185025, 12.2745867 ], [ 76.618276, 12.2745112 ], [ 76.6180565, 12.274438 ], [ 76.6180051, 12.2744324 ], [ 76.6179869, 12.2745275 ], [ 76.6179805, 12.2745611 ], [ 76.6179381, 12.2745552 ], [ 76.6172998, 12.2744662 ], [ 76.6169628, 12.2744426 ], [ 76.616564, 12.2744147 ], [ 76.6165515, 12.2744138 ], [ 76.6164976, 12.2744101 ], [ 76.6164221, 12.2744048 ], [ 76.6163821, 12.274402 ], [ 76.6162947, 12.2743959 ], [ 76.6162677, 12.274394 ], [ 76.6162264, 12.2743911 ], [ 76.6161878, 12.2744025 ], [ 76.6158604, 12.2744993 ], [ 76.615857, 12.2745027 ], [ 76.6146613, 12.2745096 ], [ 76.614562, 12.2745102 ], [ 76.6139306, 12.2745138 ], [ 76.6135838, 12.276021 ], [ 76.613257, 12.2774416 ], [ 76.6131782, 12.277784 ], [ 76.6133121, 12.277763 ], [ 76.613601, 12.2777178 ], [ 76.6136481, 12.2777049 ], [ 76.6135315, 12.2780379 ], [ 76.6131904, 12.2790117 ], [ 76.6130962, 12.2792759 ], [ 76.6130818, 12.2793163 ], [ 76.6129694, 12.2796313 ], [ 76.6135136, 12.2797858 ], [ 76.613503, 12.2798113 ], [ 76.6133921, 12.2800774 ], [ 76.6133864, 12.280091 ], [ 76.6133381, 12.2802068 ], [ 76.6132063, 12.280541 ], [ 76.6129678, 12.2811453 ], [ 76.6127397, 12.2817046 ], [ 76.6127391, 12.2817062 ], [ 76.6127326, 12.281722 ], [ 76.6125979, 12.2820518 ], [ 76.6123916, 12.2825583 ], [ 76.6121337, 12.2831572 ], [ 76.61223, 12.2831845 ], [ 76.6122645, 12.2831943 ], [ 76.6123173, 12.2832093 ], [ 76.6123593, 12.2832226 ], [ 76.6123843, 12.2832313 ], [ 76.6124014, 12.2832383 ], [ 76.6124159, 12.2832465 ], [ 76.6124169, 12.2832472 ], [ 76.6124323, 12.2832609 ], [ 76.6124527, 12.2832822 ], [ 76.6125468, 12.2833825 ], [ 76.6125542, 12.2833888 ], [ 76.612559, 12.2833917 ], [ 76.6125658, 12.283395 ], [ 76.6125766, 12.2833993 ], [ 76.6125847, 12.2834023 ], [ 76.6125989, 12.2834065 ], [ 76.6126133, 12.2834103 ], [ 76.6126269, 12.2834127 ], [ 76.6126293, 12.283413 ], [ 76.6126484, 12.2834139 ], [ 76.6126573, 12.2834134 ], [ 76.6126846, 12.2834117 ], [ 76.6127331, 12.2834091 ], [ 76.6127535, 12.2834098 ], [ 76.6127744, 12.2834112 ], [ 76.6127959, 12.2834149 ], [ 76.6129276, 12.2834528 ], [ 76.6129868, 12.2834698 ], [ 76.6130092, 12.2834744 ], [ 76.6130299, 12.2834754 ], [ 76.6130432, 12.2834743 ], [ 76.6130635, 12.2834713 ], [ 76.6137471, 12.2833438 ], [ 76.6137319, 12.2833938 ], [ 76.6134077, 12.2844534 ], [ 76.6133931, 12.2845012 ], [ 76.6132834, 12.2848599 ], [ 76.6129897, 12.2857585 ], [ 76.613064, 12.2857775 ], [ 76.6136848, 12.2859444 ], [ 76.6137537, 12.2859629 ], [ 76.6140714, 12.2860484 ], [ 76.6143472, 12.2861225 ], [ 76.6145227, 12.2861733 ], [ 76.614604, 12.2861947 ], [ 76.6151784, 12.2863459 ], [ 76.6152995, 12.2863818 ], [ 76.6155121, 12.2864604 ], [ 76.6162978, 12.2868767 ], [ 76.6165877, 12.2870326 ], [ 76.6174155, 12.2874776 ], [ 76.6175818, 12.2875654 ], [ 76.6199949, 12.288872 ], [ 76.6207597, 12.2892944 ], [ 76.6213362, 12.2895882 ], [ 76.6213516, 12.2895964 ], [ 76.6214914, 12.2896707 ], [ 76.6220818, 12.2899847 ], [ 76.6221164, 12.2896417 ], [ 76.6221862, 12.288949 ], [ 76.6222341, 12.2883478 ], [ 76.6222514, 12.288099 ], [ 76.6223043, 12.2873399 ], [ 76.6223341, 12.2869116 ], [ 76.6223376, 12.2868721 ], [ 76.6228651, 12.2868268 ], [ 76.6232365, 12.2867949 ], [ 76.6236768, 12.2867571 ] ] ] } },
{ "type": "Feature", "id": 58, "properties": { "tessellate": -1, "extrude": 0, "visibility": -1, "KGISWardID": 6470, "KGISWardCode": "2605059", "KGISWardName": "Kuvempu Nagara M Block", "SHAPE.STArea()": 639250.12329101597, "SHAPE.STLength()": 5291.8440705941302, "OBJECTID": 20164, "KGISWardNo": "59", "KGISTownCode": "2605", "LGD_WardCode": 28864, "created_user": "SA", "created_date": 1634898537000.0, "last_edited_user": "SA", "last_edited_date": 1643365734000.0 }, "geometry": { "type": "Polygon", "coordinates": [ [ [ 76.6278102, 12.2831099 ], [ 76.6277613, 12.2822019 ], [ 76.6277598, 12.2821534 ], [ 76.6315594, 12.2818189 ], [ 76.6315442, 12.2817105 ], [ 76.6315204, 12.2815412 ], [ 76.6315052, 12.2814418 ], [ 76.6314823, 12.2813048 ], [ 76.6315361, 12.2812941 ], [ 76.6316793, 12.2812655 ], [ 76.6316962, 12.2812621 ], [ 76.6317817, 12.2812494 ], [ 76.6319101, 12.2812419 ], [ 76.6320584, 12.281237 ], [ 76.6325533, 12.2812162 ], [ 76.6326288, 12.2812085 ], [ 76.6327032, 12.2812009 ], [ 76.6327476, 12.2811934 ], [ 76.6327621, 12.281191 ], [ 76.6327979, 12.281184 ], [ 76.632832, 12.2811765 ], [ 76.6328871, 12.2811666 ], [ 76.6329078, 12.2811635 ], [ 76.6329441, 12.2811612 ], [ 76.6331296, 12.2811608 ], [ 76.633167, 12.2811634 ], [ 76.6331992, 12.2811684 ], [ 76.6332194, 12.2811726 ], [ 76.633258, 12.2811828 ], [ 76.6332953, 12.2811954 ], [ 76.6334583, 12.2812562 ], [ 76.6336937, 12.2813589 ], [ 76.6338045, 12.2814108 ], [ 76.6340188, 12.2815343 ], [ 76.6340531, 12.2815541 ], [ 76.6340793, 12.2815693 ], [ 76.6341489, 12.2816094 ], [ 76.6342593, 12.281673 ], [ 76.6343106, 12.2817026 ], [ 76.6343182, 12.2808182 ], [ 76.6342993, 12.2803015 ], [ 76.6342487, 12.2803004 ], [ 76.6341494, 12.2802984 ], [ 76.6341326, 12.280298 ], [ 76.6337267, 12.2802894 ], [ 76.633578, 12.2802863 ], [ 76.6335731, 12.2802862 ], [ 76.6325423, 12.2802645 ], [ 76.6322956, 12.2802593 ], [ 76.6322806, 12.2802599 ], [ 76.6322362, 12.2802616 ], [ 76.6321829, 12.2802224 ], [ 76.6320798, 12.2801466 ], [ 76.6320685, 12.2801414 ], [ 76.6318384, 12.2800356 ], [ 76.6318244, 12.2800311 ], [ 76.631602, 12.2799605 ], [ 76.6314608, 12.2799387 ], [ 76.6314457, 12.2799388 ], [ 76.6310131, 12.2799436 ], [ 76.6309123, 12.2799447 ], [ 76.630764, 12.2799464 ], [ 76.6305132, 12.2799734 ], [ 76.6304777, 12.2799617 ], [ 76.6304341, 12.2799472 ], [ 76.630297, 12.2799018 ], [ 76.6300142, 12.2798853 ], [ 76.6284549, 12.2792603 ], [ 76.6278911, 12.2790332 ], [ 76.6278167, 12.2790033 ], [ 76.6271156, 12.2787209 ], [ 76.6267289, 12.2785665 ], [ 76.6257907, 12.2781919 ], [ 76.6256923, 12.2781556 ], [ 76.6256405, 12.2781334 ], [ 76.6255672, 12.2780927 ], [ 76.6244195, 12.2773223 ], [ 76.6234218, 12.2766474 ], [ 76.6231237, 12.2764518 ], [ 76.6230584, 12.276409 ], [ 76.6229986, 12.2763698 ], [ 76.6229918, 12.27618 ], [ 76.6229799, 12.2758463 ], [ 76.6229369, 12.2744659 ], [ 76.6229339, 12.2743687 ], [ 76.6225153, 12.2743905 ], [ 76.6223492, 12.2743962 ], [ 76.6221725, 12.2744023 ], [ 76.621875, 12.2744126 ], [ 76.6218336, 12.2744147 ], [ 76.6217178, 12.2744215 ], [ 76.6216453, 12.2744268 ], [ 76.6215738, 12.2744335 ], [ 76.6211897, 12.2744695 ], [ 76.6211566, 12.2744718 ], [ 76.6204042, 12.2744763 ], [ 76.6203847, 12.2744764 ], [ 76.6203596, 12.2739212 ], [ 76.6203523, 12.2737586 ], [ 76.6203492, 12.2737074 ], [ 76.6195784, 12.2737176 ], [ 76.6195274, 12.2737182 ], [ 76.6193817, 12.2737211 ], [ 76.619328, 12.2737222 ], [ 76.6192849, 12.2736232 ], [ 76.6191878, 12.2736305 ], [ 76.6191883, 12.2736313 ], [ 76.6191492, 12.2736493 ], [ 76.6191096, 12.2736517 ], [ 76.6190493, 12.2736553 ], [ 76.6181587, 12.2737084 ], [ 76.6181328, 12.27371 ], [ 76.6181303, 12.2737101 ], [ 76.6180324, 12.2737158 ], [ 76.6180235, 12.2739861 ], [ 76.6180185, 12.2743617 ], [ 76.6180051, 12.2744324 ], [ 76.6180565, 12.274438 ], [ 76.618276, 12.2745112 ], [ 76.6185025, 12.2745867 ], [ 76.618562, 12.2746077 ], [ 76.6185994, 12.2746229 ], [ 76.6186615, 12.2746524 ], [ 76.6187358, 12.2746934 ], [ 76.6188966, 12.2747823 ], [ 76.6189696, 12.2748275 ], [ 76.6191686, 12.2749658 ], [ 76.6192202, 12.2750059 ], [ 76.6193837, 12.275143 ], [ 76.6194728, 12.2752283 ], [ 76.6195483, 12.27531 ], [ 76.6195846, 12.2753586 ], [ 76.619606, 12.2753901 ], [ 76.6197439, 12.2756028 ], [ 76.6197625, 12.2756316 ], [ 76.6200911, 12.2762247 ], [ 76.6204605, 12.2770339 ], [ 76.6204931, 12.2771164 ], [ 76.6205685, 12.2773018 ], [ 76.6205704, 12.2773065 ], [ 76.6205985, 12.2773746 ], [ 76.6206848, 12.2775843 ], [ 76.6209211, 12.2781923 ], [ 76.6210249, 12.2784593 ], [ 76.6210795, 12.2786012 ], [ 76.6211463, 12.278769 ], [ 76.6212238, 12.2789732 ], [ 76.6212307, 12.2789914 ], [ 76.6212377, 12.2790071 ], [ 76.6212422, 12.2790137 ], [ 76.6212478, 12.2790213 ], [ 76.6212554, 12.2790292 ], [ 76.6212649, 12.279039 ], [ 76.6212708, 12.2790451 ], [ 76.621273, 12.2790475 ], [ 76.6212861, 12.2790584 ], [ 76.6212979, 12.2790656 ], [ 76.6213209, 12.2790787 ], [ 76.6213476, 12.2792883 ], [ 76.6214061, 12.2797199 ], [ 76.6214107, 12.2797534 ], [ 76.6214799, 12.2802639 ], [ 76.6214988, 12.280407 ], [ 76.6216339, 12.2814978 ], [ 76.621465, 12.2815168 ], [ 76.6214928, 12.2816388 ], [ 76.6215466, 12.2818742 ], [ 76.6218738, 12.281784 ], [ 76.6219706, 12.2817574 ], [ 76.6222029, 12.281684 ], [ 76.6222336, 12.2816743 ], [ 76.6222869, 12.2816605 ], [ 76.6224051, 12.2816334 ], [ 76.6225425, 12.2816093 ], [ 76.6228646, 12.2815527 ], [ 76.6232644, 12.2814939 ], [ 76.6232892, 12.2814905 ], [ 76.6235703, 12.2814525 ], [ 76.6235751, 12.2814822 ], [ 76.6235754, 12.2814822 ], [ 76.6235783, 12.2815022 ], [ 76.6235814, 12.2815234 ], [ 76.6236168, 12.2817655 ], [ 76.6236207, 12.281804 ], [ 76.6236214, 12.2818183 ], [ 76.6236201, 12.2818411 ], [ 76.623619, 12.2818535 ], [ 76.6236188, 12.2818558 ], [ 76.6236169, 12.281866 ], [ 76.6236141, 12.2818746 ], [ 76.6236078, 12.2818865 ], [ 76.6235914, 12.2819007 ], [ 76.6235826, 12.281905 ], [ 76.6235694, 12.2819098 ], [ 76.6235519, 12.2819147 ], [ 76.6232189, 12.2819669 ], [ 76.6231801, 12.281985 ], [ 76.6231669, 12.282009 ], [ 76.6231573, 12.2820354 ], [ 76.623149, 12.2820618 ], [ 76.6231454, 12.2820809 ], [ 76.6231456, 12.282106 ], [ 76.62318, 12.2823925 ], [ 76.6232022, 12.2825774 ], [ 76.6232331, 12.2825748 ], [ 76.6240647, 12.2825033 ], [ 76.6244243, 12.2824723 ], [ 76.6246557, 12.2824524 ], [ 76.6258969, 12.2823445 ], [ 76.6263087, 12.2823087 ], [ 76.6264288, 12.2832671 ], [ 76.6278102, 12.2831099 ] ] ] } },
{ "type": "Feature", "id": 59, "properties": { "tessellate": -1, "extrude": 0, "visibility": -1, "KGISWardID": 6471, "KGISWardCode": "2605060", "KGISWardName": "Ashokapuram", "SHAPE.STArea()": 1429451.9615478499, "SHAPE.STLength()": 6826.4657068361403, "OBJECTID": 20165, "KGISWardNo": "60", "KGISTownCode": "2605", "LGD_WardCode": 28865, "created_user": "SA", "created_date": 1634898537000.0, "last_edited_user": "SA", "last_edited_date": 1643365734000.0 }, "geometry": { "type": "Polygon", "coordinates": [ [ [ 76.6431222, 12.2858367 ], [ 76.6430663, 12.2857415 ], [ 76.6435868, 12.2856637 ], [ 76.6436736, 12.2856534 ], [ 76.64414, 12.2855975 ], [ 76.6443309, 12.2855747 ], [ 76.6442373, 12.2847236 ], [ 76.6440851, 12.2835372 ], [ 76.6438688, 12.2818183 ], [ 76.6438486, 12.2816578 ], [ 76.6437038, 12.2805871 ], [ 76.6436334, 12.2799987 ], [ 76.6434723, 12.2786512 ], [ 76.6431805, 12.2763904 ], [ 76.6430075, 12.2750496 ], [ 76.6429774, 12.2748168 ], [ 76.6427991, 12.2735867 ], [ 76.6427405, 12.2731223 ], [ 76.6426144, 12.2721224 ], [ 76.6413101, 12.2722858 ], [ 76.6411949, 12.2723003 ], [ 76.64073, 12.272369 ], [ 76.6405445, 12.2724018 ], [ 76.6404082, 12.2724307 ], [ 76.6403573, 12.2724428 ], [ 76.6401939, 12.2724874 ], [ 76.6401781, 12.2724919 ], [ 76.6400833, 12.2725223 ], [ 76.6399799, 12.2725606 ], [ 76.6398226, 12.2726203 ], [ 76.6396698, 12.2726829 ], [ 76.6391232, 12.2729443 ], [ 76.6388304, 12.2722885 ], [ 76.6387717, 12.2721571 ], [ 76.6387357, 12.272083 ], [ 76.6383482, 12.271241 ], [ 76.6381313, 12.2707645 ], [ 76.6379116, 12.2703067 ], [ 76.6377574, 12.2700029 ], [ 76.6377412, 12.2699711 ], [ 76.6377038, 12.2698973 ], [ 76.6373057, 12.2691239 ], [ 76.6372257, 12.2689694 ], [ 76.6371625, 12.2688529 ], [ 76.6371028, 12.26875 ], [ 76.6369921, 12.2685767 ], [ 76.6367986, 12.2682862 ], [ 76.6367884, 12.2682716 ], [ 76.6367663, 12.2682424 ], [ 76.6367418, 12.2682124 ], [ 76.6366733, 12.2681338 ], [ 76.6366138, 12.2680673 ], [ 76.6365769, 12.2680291 ], [ 76.6365029, 12.2679528 ], [ 76.6363935, 12.2678459 ], [ 76.6362211, 12.2676937 ], [ 76.6360535, 12.2675459 ], [ 76.6358945, 12.2674178 ], [ 76.635614, 12.2671919 ], [ 76.6351938, 12.2668676 ], [ 76.6350722, 12.2667823 ], [ 76.63493, 12.2666825 ], [ 76.6348673, 12.2666385 ], [ 76.6348524, 12.2666287 ], [ 76.6348698, 12.2667951 ], [ 76.6348765, 12.2668584 ], [ 76.6349157, 12.267231 ], [ 76.6349376, 12.2674126 ], [ 76.6350365, 12.268229 ], [ 76.635106, 12.2688345 ], [ 76.6351251, 12.2690013 ], [ 76.6351927, 12.2695448 ], [ 76.6352363, 12.2698881 ], [ 76.6352549, 12.2700115 ], [ 76.6352765, 12.2701237 ], [ 76.6353165, 12.2703153 ], [ 76.6353187, 12.2703296 ], [ 76.6353636, 12.2705702 ], [ 76.6354034, 12.2708675 ], [ 76.635514, 12.2718117 ], [ 76.6355934, 12.2724751 ], [ 76.6356843, 12.2731981 ], [ 76.6358758, 12.2748136 ], [ 76.63605, 12.2762411 ], [ 76.6362188, 12.2776888 ], [ 76.636225, 12.2777455 ], [ 76.6362832, 12.2782782 ], [ 76.6362937, 12.2784818 ], [ 76.6362986, 12.2785764 ], [ 76.6363125, 12.2787492 ], [ 76.6363352, 12.279032 ], [ 76.6364022, 12.2796078 ], [ 76.6364167, 12.2797175 ], [ 76.6364651, 12.2801098 ], [ 76.6365677, 12.280942 ], [ 76.636572, 12.2809668 ], [ 76.6362036, 12.2810111 ], [ 76.6361488, 12.281201 ], [ 76.6360797, 12.2814664 ], [ 76.6360202, 12.2816948 ], [ 76.6360142, 12.2817138 ], [ 76.6360092, 12.2817264 ], [ 76.6359991, 12.2817463 ], [ 76.6359851, 12.2817698 ], [ 76.6359669, 12.2817964 ], [ 76.6359599, 12.281806 ], [ 76.6359548, 12.2818137 ], [ 76.6359035, 12.2818892 ], [ 76.6358926, 12.2819069 ], [ 76.6358753, 12.2819432 ], [ 76.6358679, 12.2819616 ], [ 76.6358577, 12.2819956 ], [ 76.635853, 12.2820259 ], [ 76.635853, 12.2820594 ], [ 76.6358539, 12.2820844 ], [ 76.6358689, 12.2826209 ], [ 76.6359042, 12.2829735 ], [ 76.6360628, 12.2843104 ], [ 76.6361688, 12.2851737 ], [ 76.6361833, 12.2852915 ], [ 76.6361961, 12.2853716 ], [ 76.6362008, 12.2854141 ], [ 76.6362173, 12.2855632 ], [ 76.6371071, 12.2854616 ], [ 76.6371451, 12.2857822 ], [ 76.6371643, 12.2859451 ], [ 76.6372145, 12.28639 ], [ 76.6372156, 12.2863991 ], [ 76.6372156, 12.2863991 ], [ 76.637249, 12.2863969 ], [ 76.6374718, 12.2863821 ], [ 76.6378614, 12.2863563 ], [ 76.6383633, 12.286323 ], [ 76.6383744, 12.2864069 ], [ 76.6385624, 12.2878253 ], [ 76.6401222, 12.2876467 ], [ 76.6400153, 12.2868407 ], [ 76.6408626, 12.2867437 ], [ 76.6410298, 12.2867237 ], [ 76.6410474, 12.2867216 ], [ 76.6418147, 12.2866296 ], [ 76.6417258, 12.2860123 ], [ 76.6417113, 12.2859115 ], [ 76.6426791, 12.2857867 ], [ 76.6426993, 12.2859771 ], [ 76.6427007, 12.2859901 ], [ 76.6427063, 12.2860416 ], [ 76.6427743, 12.2866708 ], [ 76.6428176, 12.2870718 ], [ 76.6428618, 12.2874468 ], [ 76.6429596, 12.2881184 ], [ 76.6430334, 12.2881089 ], [ 76.6432985, 12.2880748 ], [ 76.6432773, 12.2879553 ], [ 76.6435046, 12.2879225 ], [ 76.6439395, 12.2878597 ], [ 76.6440041, 12.287853 ], [ 76.6440265, 12.2878507 ], [ 76.6436523, 12.2869171 ], [ 76.6436203, 12.2868371 ], [ 76.6434098, 12.2864056 ], [ 76.6433147, 12.2862107 ], [ 76.6431222, 12.2858367 ] ] ] } },
{ "type": "Feature", "id": 60, "properties": { "tessellate": -1, "extrude": 0, "visibility": -1, "KGISWardID": 6474, "KGISWardCode": "2605061", "KGISWardName": "Vidyaranyapuram", "SHAPE.STArea()": 1001491.5707397501, "SHAPE.STLength()": 5655.4303141209703, "OBJECTID": 20166, "KGISWardNo": "61", "KGISTownCode": "2605", "LGD_WardCode": 28866, "created_user": "SA", "created_date": 1634898537000.0, "last_edited_user": "SA", "last_edited_date": 1643365734000.0 }, "geometry": { "type": "Polygon", "coordinates": [ [ [ 76.6521042, 12.2840811 ], [ 76.6521046, 12.283372 ], [ 76.6521077, 12.2831703 ], [ 76.6521135, 12.2829681 ], [ 76.6521438, 12.2819164 ], [ 76.6521681, 12.2808364 ], [ 76.652169, 12.2807936 ], [ 76.6521726, 12.280684 ], [ 76.6521828, 12.2805754 ], [ 76.6521938, 12.2804858 ], [ 76.6522063, 12.2804031 ], [ 76.6522404, 12.2802292 ], [ 76.6522827, 12.2800458 ], [ 76.6523077, 12.2799649 ], [ 76.6523534, 12.2798544 ], [ 76.652451, 12.2796627 ], [ 76.652564, 12.2794494 ], [ 76.6525794, 12.2794238 ], [ 76.6526383, 12.279337 ], [ 76.6526965, 12.2792608 ], [ 76.652768, 12.2791672 ], [ 76.6528424, 12.279075 ], [ 76.6529204, 12.2789917 ], [ 76.6529985, 12.2789153 ], [ 76.6530714, 12.2788548 ], [ 76.6531863, 12.278766 ], [ 76.6534354, 12.2786057 ], [ 76.6535946, 12.2785032 ], [ 76.6540688, 12.2782028 ], [ 76.6545906, 12.2778501 ], [ 76.6546858, 12.2777899 ], [ 76.6547316, 12.2777593 ], [ 76.6547657, 12.2777342 ], [ 76.6548198, 12.2776942 ], [ 76.654828, 12.2776875 ], [ 76.6548818, 12.2776403 ], [ 76.6549736, 12.2775364 ], [ 76.6550152, 12.2774815 ], [ 76.6550496, 12.277436 ], [ 76.6550668, 12.2774159 ], [ 76.6550828, 12.2773984 ], [ 76.6550942, 12.2773868 ], [ 76.6551137, 12.2773704 ], [ 76.6551285, 12.2773594 ], [ 76.6551389, 12.2773524 ], [ 76.6551823, 12.2773234 ], [ 76.6552075, 12.2773066 ], [ 76.6552215, 12.2772987 ], [ 76.655257, 12.2772825 ], [ 76.6552742, 12.2772765 ], [ 76.6554454, 12.2772178 ], [ 76.6554903, 12.2772015 ], [ 76.6555146, 12.2771911 ], [ 76.6555349, 12.2771824 ], [ 76.6555797, 12.2771604 ], [ 76.6557232, 12.2770859 ], [ 76.6557813, 12.2770557 ], [ 76.6559971, 12.2769436 ], [ 76.6560879, 12.2768984 ], [ 76.6561049, 12.2768909 ], [ 76.6561224, 12.2768861 ], [ 76.6561414, 12.2768837 ], [ 76.6561553, 12.2768822 ], [ 76.6561906, 12.2768828 ], [ 76.6562335, 12.2768867 ], [ 76.6562677, 12.2768941 ], [ 76.6563065, 12.2769035 ], [ 76.6565712, 12.2769755 ], [ 76.656603, 12.2769832 ], [ 76.6569338, 12.2770672 ], [ 76.6569844, 12.2770793 ], [ 76.657041, 12.277094 ], [ 76.6578898, 12.2773169 ], [ 76.6579183, 12.2773244 ], [ 76.6580804, 12.277367 ], [ 76.6580978, 12.2773716 ], [ 76.6587257, 12.2775449 ], [ 76.6586961, 12.2772309 ], [ 76.6585956, 12.2763203 ], [ 76.6585825, 12.2761847 ], [ 76.6585717, 12.2760897 ], [ 76.6585642, 12.2759959 ], [ 76.6585306, 12.2756486 ], [ 76.6584842, 12.2750128 ], [ 76.6584428, 12.274444 ], [ 76.6584105, 12.2739477 ], [ 76.658409, 12.2739288 ], [ 76.6583803, 12.2735633 ], [ 76.6583612, 12.273168 ], [ 76.658355, 12.2730007 ], [ 76.6576749, 12.273076 ], [ 76.6576415, 12.2730797 ], [ 76.6575338, 12.2730945 ], [ 76.6569173, 12.2731791 ], [ 76.6557786, 12.2733509 ], [ 76.6555921, 12.2733795 ], [ 76.6552557, 12.2734396 ], [ 76.6549903, 12.2734888 ], [ 76.6548742, 12.2735104 ], [ 76.6537542, 12.2737032 ], [ 76.6529457, 12.2738324 ], [ 76.6526363, 12.2738857 ], [ 76.6519446, 12.2740048 ], [ 76.651242, 12.2741282 ], [ 76.6510395, 12.2741696 ], [ 76.6493907, 12.274613 ], [ 76.6494029, 12.2746507 ], [ 76.6494414, 12.2748616 ], [ 76.6494658, 12.2750025 ], [ 76.6494924, 12.2751726 ], [ 76.6495073, 12.2753135 ], [ 76.6495288, 12.2755453 ], [ 76.6495361, 12.2756266 ], [ 76.6495435, 12.2757081 ], [ 76.6495526, 12.2758417 ], [ 76.6495602, 12.275977 ], [ 76.6495635, 12.2760972 ], [ 76.6495776, 12.2765988 ], [ 76.6496096, 12.2770507 ], [ 76.6496861, 12.2778982 ], [ 76.6473275, 12.2780895 ], [ 76.6472152, 12.2780985 ], [ 76.6472481, 12.2785346 ], [ 76.6464537, 12.2786111 ], [ 76.6464615, 12.2786588 ], [ 76.6465341, 12.2792358 ], [ 76.6465608, 12.2794487 ], [ 76.646618, 12.2799868 ], [ 76.6466484, 12.2802311 ], [ 76.6466799, 12.2804845 ], [ 76.64676, 12.2811302 ], [ 76.6468483, 12.2817049 ], [ 76.6468544, 12.2817447 ], [ 76.6465612, 12.2817395 ], [ 76.6462674, 12.2817148 ], [ 76.645905, 12.2816926 ], [ 76.6456057, 12.2816801 ], [ 76.6447894, 12.2816626 ], [ 76.6445666, 12.2816578 ], [ 76.6438673, 12.2816578 ], [ 76.6438486, 12.2816578 ], [ 76.6438688, 12.2818183 ], [ 76.6440851, 12.2835372 ], [ 76.6442373, 12.2847236 ], [ 76.6443309, 12.2855747 ], [ 76.6443635, 12.2855708 ], [ 76.6446934, 12.2855462 ], [ 76.645418, 12.2854923 ], [ 76.6467822, 12.2854746 ], [ 76.64711, 12.2854741 ], [ 76.6484644, 12.2855215 ], [ 76.6485657, 12.2850623 ], [ 76.6487839, 12.2840723 ], [ 76.6508124, 12.2840852 ], [ 76.6515088, 12.284083 ], [ 76.6516528, 12.2840826 ], [ 76.6521042, 12.2840811 ] ] ] } },
{ "type": "Feature", "id": 61, "properties": { "tessellate": -1, "extrude": 0, "visibility": -1, "KGISWardID": 6475, "KGISWardCode": "2605062", "KGISWardName": "Vishweshwaranagara", "SHAPE.STArea()": 3515115.13745117, "SHAPE.STLength()": 12420.923875635301, "OBJECTID": 20167, "KGISWardNo": "62", "KGISTownCode": "2605", "LGD_WardCode": 28867, "created_user": "SA", "created_date": 1634898537000.0, "last_edited_user": "SURESHBV", "last_edited_date": 1644829148000.0 }, "geometry": { "type": "Polygon", "coordinates": [ [ [ 76.638657, 12.253911 ], [ 76.638376, 12.253868 ], [ 76.6383971, 12.2540922 ], [ 76.6384505, 12.2546596 ], [ 76.6384855, 12.255032 ], [ 76.6384908, 12.2550792 ], [ 76.6386977, 12.2569322 ], [ 76.6387659, 12.2574858 ], [ 76.6387715, 12.2575309 ], [ 76.6388548, 12.2582069 ], [ 76.6400372, 12.2580696 ], [ 76.6407941, 12.2579771 ], [ 76.6409837, 12.2579522 ], [ 76.6411862, 12.2579298 ], [ 76.6417454, 12.2578629 ], [ 76.6417689, 12.2578601 ], [ 76.6421187, 12.2578182 ], [ 76.6424818, 12.2577726 ], [ 76.6432342, 12.2576849 ], [ 76.643355, 12.2576717 ], [ 76.6438179, 12.2576211 ], [ 76.6438913, 12.257616 ], [ 76.6440878, 12.2576129 ], [ 76.6441828, 12.2576173 ], [ 76.6443915, 12.2576281 ], [ 76.6445262, 12.2576398 ], [ 76.6445842, 12.2576459 ], [ 76.6447147, 12.2576623 ], [ 76.6447962, 12.2576754 ], [ 76.6448367, 12.2576832 ], [ 76.6448961, 12.2576969 ], [ 76.64495, 12.2577113 ], [ 76.644998, 12.2577262 ], [ 76.6450269, 12.2577352 ], [ 76.6451826, 12.2577837 ], [ 76.6452458, 12.2578082 ], [ 76.6455303, 12.2579179 ], [ 76.6457188, 12.257986 ], [ 76.6457947, 12.2580113 ], [ 76.6458337, 12.2580232 ], [ 76.6458748, 12.2580352 ], [ 76.6459547, 12.2580547 ], [ 76.6460107, 12.2580662 ], [ 76.6460813, 12.2580716 ], [ 76.6461021, 12.2580718 ], [ 76.6461246, 12.2580713 ], [ 76.6461615, 12.2580695 ], [ 76.6461823, 12.2580671 ], [ 76.6462164, 12.2580631 ], [ 76.646251, 12.258059 ], [ 76.6463311, 12.2591135 ], [ 76.6463348, 12.2591611 ], [ 76.6463522, 12.2593905 ], [ 76.6463942, 12.2599721 ], [ 76.646435, 12.2606679 ], [ 76.6464089, 12.2606708 ], [ 76.6463327, 12.2606793 ], [ 76.6456066, 12.260767 ], [ 76.6447887, 12.2608585 ], [ 76.6442508, 12.2609186 ], [ 76.6442981, 12.2613585 ], [ 76.6443175, 12.261356 ], [ 76.6454658, 12.2612052 ], [ 76.6463649, 12.2610862 ], [ 76.6463653, 12.2611029 ], [ 76.64646, 12.2619293 ], [ 76.6465447, 12.2626691 ], [ 76.6456426, 12.2627722 ], [ 76.6453483, 12.2628058 ], [ 76.6435275, 12.2630233 ], [ 76.6412092, 12.2632634 ], [ 76.6405987, 12.2633263 ], [ 76.6406288, 12.263635 ], [ 76.6406343, 12.2636909 ], [ 76.640665, 12.2640028 ], [ 76.6406855, 12.2641664 ], [ 76.6406865, 12.264173 ], [ 76.6407007, 12.2642425 ], [ 76.6407038, 12.2642556 ], [ 76.6407163, 12.2643028 ], [ 76.6407385, 12.2643865 ], [ 76.6407458, 12.2644131 ], [ 76.6407632, 12.2644733 ], [ 76.6407741, 12.2645092 ], [ 76.6408146, 12.2646158 ], [ 76.6408196, 12.2646277 ], [ 76.6408366, 12.2646651 ], [ 76.6408668, 12.2647316 ], [ 76.6409424, 12.2648904 ], [ 76.6409883, 12.2649866 ], [ 76.6410853, 12.2651902 ], [ 76.6412619, 12.2655446 ], [ 76.6414032, 12.2658315 ], [ 76.6414399, 12.2659128 ], [ 76.6415449, 12.2661453 ], [ 76.6415491, 12.2661585 ], [ 76.6415505, 12.2661637 ], [ 76.6415522, 12.266173 ], [ 76.6415533, 12.2661841 ], [ 76.6415534, 12.2661887 ], [ 76.641552, 12.2661972 ], [ 76.6415513, 12.2661998 ], [ 76.6415478, 12.2662065 ], [ 76.6415447, 12.2662105 ], [ 76.6415391, 12.2662168 ], [ 76.6415377, 12.2662181 ], [ 76.6415331, 12.266222 ], [ 76.6415283, 12.2662251 ], [ 76.6415246, 12.2662272 ], [ 76.6415149, 12.266231 ], [ 76.6415093, 12.2662327 ], [ 76.640282, 12.2665772 ], [ 76.6402806, 12.2665776 ], [ 76.6401912, 12.2663548 ], [ 76.6401411, 12.266227 ], [ 76.6400907, 12.2660981 ], [ 76.6400095, 12.2658767 ], [ 76.6398151, 12.2652719 ], [ 76.6397669, 12.265122 ], [ 76.6393677, 12.265208 ], [ 76.6386947, 12.2653355 ], [ 76.6383845, 12.2653968 ], [ 76.6382172, 12.2654324 ], [ 76.6376724, 12.2655711 ], [ 76.6374956, 12.2656245 ], [ 76.6374292, 12.2656462 ], [ 76.6367402, 12.265884 ], [ 76.6363945, 12.2660128 ], [ 76.6359107, 12.2661842 ], [ 76.6358839, 12.2661921 ], [ 76.6358017, 12.2662123 ], [ 76.635788, 12.2662147 ], [ 76.6354296, 12.2662795 ], [ 76.6353316, 12.2662981 ], [ 76.6353096, 12.2663015 ], [ 76.6352491, 12.2663107 ], [ 76.63521, 12.266315 ], [ 76.6348844, 12.2663351 ], [ 76.6348317, 12.2663384 ], [ 76.6348153, 12.2663394 ], [ 76.6348524, 12.2666287 ], [ 76.6348673, 12.2666385 ], [ 76.63493, 12.2666825 ], [ 76.6350722, 12.2667823 ], [ 76.6351938, 12.2668676 ], [ 76.635614, 12.2671919 ], [ 76.6358945, 12.2674178 ], [ 76.6360535, 12.2675459 ], [ 76.6362211, 12.2676937 ], [ 76.6363935, 12.2678459 ], [ 76.6365029, 12.2679528 ], [ 76.6365769, 12.2680291 ], [ 76.6366138, 12.2680673 ], [ 76.6366733, 12.2681338 ], [ 76.6367418, 12.2682124 ], [ 76.6367663, 12.2682424 ], [ 76.6367884, 12.2682716 ], [ 76.6367986, 12.2682862 ], [ 76.6369921, 12.2685767 ], [ 76.6371028, 12.26875 ], [ 76.6371625, 12.2688529 ], [ 76.6372257, 12.2689694 ], [ 76.6373057, 12.2691239 ], [ 76.6377038, 12.2698973 ], [ 76.6377412, 12.2699711 ], [ 76.6377574, 12.2700029 ], [ 76.6379116, 12.2703067 ], [ 76.6381313, 12.2707645 ], [ 76.6383482, 12.271241 ], [ 76.6387357, 12.272083 ], [ 76.6387717, 12.2721571 ], [ 76.6388304, 12.2722885 ], [ 76.6391232, 12.2729443 ], [ 76.6396698, 12.2726829 ], [ 76.6398226, 12.2726203 ], [ 76.6399799, 12.2725606 ], [ 76.6400833, 12.2725223 ], [ 76.6401781, 12.2724919 ], [ 76.6401939, 12.2724874 ], [ 76.6403573, 12.2724428 ], [ 76.6404082, 12.2724307 ], [ 76.6405445, 12.2724018 ], [ 76.64073, 12.272369 ], [ 76.6411949, 12.2723003 ], [ 76.6413101, 12.2722858 ], [ 76.6426144, 12.2721224 ], [ 76.6427405, 12.2731223 ], [ 76.6427991, 12.2735867 ], [ 76.6429774, 12.2748168 ], [ 76.6430075, 12.2750496 ], [ 76.6431805, 12.2763904 ], [ 76.6434723, 12.2786512 ], [ 76.6436334, 12.2799987 ], [ 76.6437038, 12.2805871 ], [ 76.6438486, 12.2816578 ], [ 76.6438673, 12.2816578 ], [ 76.6445666, 12.2816578 ], [ 76.6447894, 12.2816626 ], [ 76.6456057, 12.2816801 ], [ 76.645905, 12.2816926 ], [ 76.6462674, 12.2817148 ], [ 76.6465612, 12.2817395 ], [ 76.6468544, 12.2817447 ], [ 76.6468483, 12.2817049 ], [ 76.64676, 12.2811302 ], [ 76.6466799, 12.2804845 ], [ 76.6466484, 12.2802311 ], [ 76.646618, 12.2799868 ], [ 76.6465608, 12.2794487 ], [ 76.6465341, 12.2792358 ], [ 76.6464615, 12.2786588 ], [ 76.6464537, 12.2786111 ], [ 76.6472481, 12.2785346 ], [ 76.6472152, 12.2780985 ], [ 76.6473275, 12.2780895 ], [ 76.6496861, 12.2778982 ], [ 76.6496096, 12.2770507 ], [ 76.6495776, 12.2765988 ], [ 76.6495635, 12.2760972 ], [ 76.6495602, 12.275977 ], [ 76.6495526, 12.2758417 ], [ 76.6495435, 12.2757081 ], [ 76.6495361, 12.2756266 ], [ 76.6495288, 12.2755453 ], [ 76.6495073, 12.2753135 ], [ 76.6494924, 12.2751726 ], [ 76.6494658, 12.2750025 ], [ 76.6494414, 12.2748616 ], [ 76.6494029, 12.2746507 ], [ 76.6493907, 12.274613 ], [ 76.6510395, 12.2741696 ], [ 76.651242, 12.2741282 ], [ 76.6519446, 12.2740048 ], [ 76.6526363, 12.2738857 ], [ 76.6529457, 12.2738324 ], [ 76.6537542, 12.2737032 ], [ 76.6548742, 12.2735104 ], [ 76.6549903, 12.2734888 ], [ 76.6552557, 12.2734396 ], [ 76.6555921, 12.2733795 ], [ 76.6557786, 12.2733509 ], [ 76.6569173, 12.2731791 ], [ 76.6575338, 12.2730945 ], [ 76.6576415, 12.2730797 ], [ 76.6576749, 12.273076 ], [ 76.6578176, 12.2730602 ], [ 76.658355, 12.2730007 ], [ 76.6583479, 12.2728093 ], [ 76.6583427, 12.2726206 ], [ 76.6583384, 12.272467 ], [ 76.6583303, 12.2721623 ], [ 76.6583377, 12.2719164 ], [ 76.6583357, 12.2719732 ], [ 76.6583279, 12.2712346 ], [ 76.658297, 12.2707698 ], [ 76.6582525, 12.2704156 ], [ 76.6581809, 12.269941 ], [ 76.6581432, 12.2697447 ], [ 76.6579576, 12.2690264 ], [ 76.6575832, 12.2668975 ], [ 76.6574676, 12.2654246 ], [ 76.6574626, 12.2653764 ], [ 76.6574172, 12.2649383 ], [ 76.6573981, 12.2647542 ], [ 76.6573588, 12.2644461 ], [ 76.657345, 12.2643382 ], [ 76.6572886, 12.2638629 ], [ 76.657232, 12.2634212 ], [ 76.657223, 12.2633028 ], [ 76.6572087, 12.2632046 ], [ 76.6571887, 12.2630677 ], [ 76.6571465, 12.2628448 ], [ 76.6571203, 12.2627473 ], [ 76.6570587, 12.2625034 ], [ 76.6569684, 12.262133 ], [ 76.6569615, 12.2620963 ], [ 76.6569347, 12.2619541 ], [ 76.6568111, 12.2619572 ], [ 76.6567902, 12.2619505 ], [ 76.6565408, 12.2618704 ], [ 76.6564494, 12.2618435 ], [ 76.6558798, 12.2616771 ], [ 76.6555862, 12.2615913 ], [ 76.6552411, 12.2614911 ], [ 76.6549148, 12.2613962 ], [ 76.6541942, 12.2611868 ], [ 76.654068, 12.2611464 ], [ 76.6540143, 12.2611292 ], [ 76.6538157, 12.2610656 ], [ 76.6536283, 12.2610056 ], [ 76.6533024, 12.2609012 ], [ 76.6529777, 12.2607972 ], [ 76.6525975, 12.2606722 ], [ 76.6522941, 12.2605724 ], [ 76.6521092, 12.2605117 ], [ 76.6515084, 12.2603094 ], [ 76.6514664, 12.2602955 ], [ 76.6513402, 12.2602535 ], [ 76.650719, 12.2600473 ], [ 76.6505254, 12.259983 ], [ 76.6499615, 12.2597957 ], [ 76.6498821, 12.2597698 ], [ 76.6494345, 12.2596247 ], [ 76.6490695, 12.2595063 ], [ 76.6490403, 12.259497 ], [ 76.6489154, 12.2594568 ], [ 76.6484776, 12.259316 ], [ 76.6480552, 12.2591554 ], [ 76.6475258, 12.2588817 ], [ 76.6475056, 12.2588726 ], [ 76.6473027, 12.2587806 ], [ 76.6469785, 12.2585754 ], [ 76.6467108, 12.258382 ], [ 76.6466118, 12.2582871 ], [ 76.6463539, 12.25804 ], [ 76.6462593, 12.2579594 ], [ 76.646113, 12.2578348 ], [ 76.6459875, 12.2577178 ], [ 76.6457174, 12.2574659 ], [ 76.6454557, 12.2572191 ], [ 76.6451939, 12.256999 ], [ 76.6448578, 12.2567521 ], [ 76.6446905, 12.2566387 ], [ 76.6446185, 12.2565899 ], [ 76.6444576, 12.2564808 ], [ 76.6443314, 12.2563952 ], [ 76.6438978, 12.2561153 ], [ 76.643468, 12.2558379 ], [ 76.6433968, 12.255792 ], [ 76.6428008, 12.2554137 ], [ 76.6422868, 12.255071 ], [ 76.6420785, 12.2549371 ], [ 76.641937, 12.2548462 ], [ 76.6413874, 12.2544892 ], [ 76.6410554, 12.2542929 ], [ 76.6410067, 12.2542756 ], [ 76.6408449, 12.254218 ], [ 76.6405665, 12.2541359 ], [ 76.6405262, 12.2541307 ], [ 76.6401275, 12.2540788 ], [ 76.6395064, 12.254011 ], [ 76.639021, 12.2539646 ], [ 76.6386865, 12.2539154 ], [ 76.638657, 12.253911 ] ] ] } },
{ "type": "Feature", "id": 62, "properties": { "tessellate": -1, "extrude": 0, "visibility": -1, "KGISWardID": 6478, "KGISWardCode": "2605063", "KGISWardName": "J P Nagara", "SHAPE.STArea()": 1232776.5509643599, "SHAPE.STLength()": 6123.3961353300001, "OBJECTID": 20168, "KGISWardNo": "63", "KGISTownCode": "2605", "LGD_WardCode": 28868, "created_user": "SA", "created_date": 1634898537000.0, "last_edited_user": "SA", "last_edited_date": 1643365734000.0 }, "geometry": { "type": "Polygon", "coordinates": [ [ [ 76.6340205, 12.2532521 ], [ 76.6339877, 12.2532472 ], [ 76.6338828, 12.2532286 ], [ 76.6337978, 12.2532165 ], [ 76.6337767, 12.2533067 ], [ 76.633456, 12.2546778 ], [ 76.633458, 12.2547047 ], [ 76.6334603, 12.2547376 ], [ 76.6334675, 12.2548379 ], [ 76.6335314, 12.2557304 ], [ 76.633537, 12.255808 ], [ 76.6335442, 12.2559084 ], [ 76.633628, 12.2570797 ], [ 76.6336337, 12.2571589 ], [ 76.6336342, 12.2571657 ], [ 76.6336426, 12.2572833 ], [ 76.6336447, 12.2573128 ], [ 76.633645, 12.2573147 ], [ 76.6337951, 12.2580546 ], [ 76.6338781, 12.2586501 ], [ 76.6338926, 12.2587539 ], [ 76.6339577, 12.2597013 ], [ 76.6340579, 12.2605214 ], [ 76.6340969, 12.2608859 ], [ 76.6341209, 12.2611321 ], [ 76.6342206, 12.2620318 ], [ 76.6342635, 12.2625382 ], [ 76.6342707, 12.2626228 ], [ 76.6343102, 12.2630882 ], [ 76.6343624, 12.2633643 ], [ 76.6343979, 12.2635515 ], [ 76.6344069, 12.2637073 ], [ 76.6344484, 12.2644216 ], [ 76.6344589, 12.2645226 ], [ 76.6344765, 12.2646913 ], [ 76.6344815, 12.2647395 ], [ 76.6346165, 12.2660338 ], [ 76.6346663, 12.26619 ], [ 76.6348045, 12.2661964 ], [ 76.6348153, 12.2663394 ], [ 76.6348317, 12.2663384 ], [ 76.6348844, 12.2663351 ], [ 76.63521, 12.266315 ], [ 76.6352491, 12.2663107 ], [ 76.6353096, 12.2663015 ], [ 76.6353316, 12.2662981 ], [ 76.6354296, 12.2662795 ], [ 76.635788, 12.2662147 ], [ 76.6358017, 12.2662123 ], [ 76.6358839, 12.2661921 ], [ 76.6359107, 12.2661842 ], [ 76.6363945, 12.2660128 ], [ 76.6367402, 12.265884 ], [ 76.6374292, 12.2656462 ], [ 76.6374956, 12.2656245 ], [ 76.6376724, 12.2655711 ], [ 76.6382172, 12.2654324 ], [ 76.6383845, 12.2653968 ], [ 76.6386947, 12.2653355 ], [ 76.6393677, 12.265208 ], [ 76.6397669, 12.265122 ], [ 76.6398151, 12.2652719 ], [ 76.6400095, 12.2658767 ], [ 76.6400907, 12.2660981 ], [ 76.6401411, 12.266227 ], [ 76.6401912, 12.2663548 ], [ 76.6402806, 12.2665776 ], [ 76.640282, 12.2665772 ], [ 76.6415093, 12.2662327 ], [ 76.6415149, 12.266231 ], [ 76.6415246, 12.2662272 ], [ 76.6415283, 12.2662251 ], [ 76.6415331, 12.266222 ], [ 76.6415377, 12.2662181 ], [ 76.6415391, 12.2662168 ], [ 76.6415447, 12.2662105 ], [ 76.6415478, 12.2662065 ], [ 76.6415513, 12.2661998 ], [ 76.641552, 12.2661972 ], [ 76.6415534, 12.2661887 ], [ 76.6415533, 12.2661841 ], [ 76.6415522, 12.266173 ], [ 76.6415505, 12.2661637 ], [ 76.6415491, 12.2661585 ], [ 76.6415449, 12.2661453 ], [ 76.6414399, 12.2659128 ], [ 76.6414032, 12.2658315 ], [ 76.6412619, 12.2655446 ], [ 76.6410853, 12.2651902 ], [ 76.6409883, 12.2649866 ], [ 76.6409424, 12.2648904 ], [ 76.6408668, 12.2647316 ], [ 76.6408366, 12.2646651 ], [ 76.6408196, 12.2646277 ], [ 76.6408146, 12.2646158 ], [ 76.6407741, 12.2645092 ], [ 76.6407632, 12.2644733 ], [ 76.6407458, 12.2644131 ], [ 76.6407385, 12.2643865 ], [ 76.6407163, 12.2643028 ], [ 76.6407038, 12.2642556 ], [ 76.6407007, 12.2642425 ], [ 76.6406865, 12.264173 ], [ 76.6406855, 12.2641664 ], [ 76.640665, 12.2640028 ], [ 76.6406343, 12.2636909 ], [ 76.6406288, 12.263635 ], [ 76.6405987, 12.2633263 ], [ 76.6412092, 12.2632634 ], [ 76.6435275, 12.2630233 ], [ 76.6453483, 12.2628058 ], [ 76.6456426, 12.2627722 ], [ 76.6465447, 12.2626691 ], [ 76.64646, 12.2619293 ], [ 76.6463653, 12.2611029 ], [ 76.6463649, 12.2610862 ], [ 76.6454658, 12.2612052 ], [ 76.6443175, 12.261356 ], [ 76.6442981, 12.2613585 ], [ 76.6442508, 12.2609186 ], [ 76.6447887, 12.2608585 ], [ 76.6456066, 12.260767 ], [ 76.6463327, 12.2606793 ], [ 76.6464089, 12.2606708 ], [ 76.646435, 12.2606679 ], [ 76.6463942, 12.2599721 ], [ 76.6463522, 12.2593905 ], [ 76.6463348, 12.2591611 ], [ 76.6463311, 12.2591135 ], [ 76.646251, 12.258059 ], [ 76.6462164, 12.2580631 ], [ 76.6461823, 12.2580671 ], [ 76.6461615, 12.2580695 ], [ 76.6461246, 12.2580713 ], [ 76.6461021, 12.2580718 ], [ 76.6460813, 12.2580716 ], [ 76.6460107, 12.2580662 ], [ 76.6459547, 12.2580547 ], [ 76.6458748, 12.2580352 ], [ 76.6458337, 12.2580232 ], [ 76.6457947, 12.2580113 ], [ 76.6457188, 12.257986 ], [ 76.6455303, 12.2579179 ], [ 76.6452458, 12.2578082 ], [ 76.6451826, 12.2577837 ], [ 76.6450269, 12.2577352 ], [ 76.644998, 12.2577262 ], [ 76.64495, 12.2577113 ], [ 76.6448961, 12.2576969 ], [ 76.6448367, 12.2576832 ], [ 76.6447962, 12.2576754 ], [ 76.6447147, 12.2576623 ], [ 76.6445842, 12.2576459 ], [ 76.6445262, 12.2576398 ], [ 76.6443915, 12.2576281 ], [ 76.6441828, 12.2576173 ], [ 76.6440878, 12.2576129 ], [ 76.6438913, 12.257616 ], [ 76.6438179, 12.2576211 ], [ 76.643355, 12.2576717 ], [ 76.6432342, 12.2576849 ], [ 76.6424818, 12.2577726 ], [ 76.6421187, 12.2578182 ], [ 76.6417689, 12.2578601 ], [ 76.6417454, 12.2578629 ], [ 76.6411862, 12.2579298 ], [ 76.6409837, 12.2579522 ], [ 76.6407941, 12.2579771 ], [ 76.6400372, 12.2580696 ], [ 76.6388548, 12.2582069 ], [ 76.6387715, 12.2575309 ], [ 76.6387659, 12.2574858 ], [ 76.6386977, 12.2569322 ], [ 76.6384908, 12.2550792 ], [ 76.6384855, 12.255032 ], [ 76.6384505, 12.2546596 ], [ 76.638376, 12.253868 ], [ 76.6383218, 12.2538597 ], [ 76.6381776, 12.2538376 ], [ 76.6380498, 12.2538211 ], [ 76.6377336, 12.2537801 ], [ 76.6376889, 12.2537743 ], [ 76.6373899, 12.2537355 ], [ 76.6355054, 12.2534738 ], [ 76.6349141, 12.2533855 ], [ 76.6345282, 12.2533279 ], [ 76.6343728, 12.2533047 ], [ 76.6340205, 12.2532521 ] ] ] } },
{ "type": "Feature", "id": 63, "properties": { "tessellate": -1, "extrude": 0, "visibility": -1, "KGISWardID": 6479, "KGISWardCode": "2605064", "KGISWardName": "Aravindanagara", "SHAPE.STArea()": 1142794.88525391, "SHAPE.STLength()": 6068.4550152740803, "OBJECTID": 20169, "KGISWardNo": "64", "KGISTownCode": "2605", "LGD_WardCode": 28869, "created_user": "SA", "created_date": 1634898537000.0, "last_edited_user": "SURESHBV", "last_edited_date": 1644824979000.0 }, "geometry": { "type": "Polygon", "coordinates": [ [ [ 76.6180486, 12.2703766 ], [ 76.6181239, 12.2704538 ], [ 76.618166, 12.270497 ], [ 76.6183811, 12.2707175 ], [ 76.6183959, 12.2707327 ], [ 76.6186946, 12.2710389 ], [ 76.6179255, 12.2712502 ], [ 76.6178282, 12.2712769 ], [ 76.6172122, 12.2714462 ], [ 76.6171861, 12.2714534 ], [ 76.6174966, 12.2717991 ], [ 76.6178725, 12.2722177 ], [ 76.6181395, 12.2724641 ], [ 76.6182072, 12.2725267 ], [ 76.6182742, 12.2725885 ], [ 76.6183092, 12.2726246 ], [ 76.6186324, 12.2729575 ], [ 76.6191539, 12.2735762 ], [ 76.6191878, 12.2736305 ], [ 76.6192849, 12.2736232 ], [ 76.619328, 12.2737222 ], [ 76.6193817, 12.2737211 ], [ 76.6195274, 12.2737182 ], [ 76.6195784, 12.2737176 ], [ 76.6203492, 12.2737074 ], [ 76.6203523, 12.2737586 ], [ 76.6203596, 12.2739212 ], [ 76.6203847, 12.2744764 ], [ 76.6204042, 12.2744763 ], [ 76.6211566, 12.2744718 ], [ 76.6211897, 12.2744695 ], [ 76.6215738, 12.2744335 ], [ 76.6216453, 12.2744268 ], [ 76.6217178, 12.2744215 ], [ 76.6218336, 12.2744147 ], [ 76.621875, 12.2744126 ], [ 76.6221725, 12.2744023 ], [ 76.6223492, 12.2743962 ], [ 76.6225153, 12.2743905 ], [ 76.6229339, 12.2743687 ], [ 76.6229369, 12.2744659 ], [ 76.6229799, 12.2758463 ], [ 76.6229918, 12.27618 ], [ 76.6229986, 12.2763698 ], [ 76.6230584, 12.276409 ], [ 76.6231237, 12.2764518 ], [ 76.6234218, 12.2766474 ], [ 76.6244195, 12.2773223 ], [ 76.6255672, 12.2780927 ], [ 76.6256405, 12.2781334 ], [ 76.6256923, 12.2781556 ], [ 76.6257907, 12.2781919 ], [ 76.6267289, 12.2785665 ], [ 76.6271156, 12.2787209 ], [ 76.6278167, 12.2790033 ], [ 76.6278911, 12.2790332 ], [ 76.6284549, 12.2792603 ], [ 76.6300142, 12.2798853 ], [ 76.630297, 12.2799018 ], [ 76.6304341, 12.2799472 ], [ 76.6304777, 12.2799617 ], [ 76.6305132, 12.2799734 ], [ 76.630764, 12.2799464 ], [ 76.6309123, 12.2799447 ], [ 76.6310131, 12.2799436 ], [ 76.6314457, 12.2799388 ], [ 76.6314608, 12.2799387 ], [ 76.631602, 12.2799605 ], [ 76.6318244, 12.2800311 ], [ 76.6318384, 12.2800356 ], [ 76.6320685, 12.2801414 ], [ 76.6320798, 12.2801466 ], [ 76.6321829, 12.2802224 ], [ 76.6322362, 12.2802616 ], [ 76.6322806, 12.2802599 ], [ 76.6322956, 12.2802593 ], [ 76.6325423, 12.2802645 ], [ 76.6335731, 12.2802862 ], [ 76.633578, 12.2802863 ], [ 76.6337267, 12.2802894 ], [ 76.6341326, 12.280298 ], [ 76.6341494, 12.2802984 ], [ 76.6342487, 12.2803004 ], [ 76.6342993, 12.2803015 ], [ 76.6342954, 12.280247 ], [ 76.6342391, 12.2794663 ], [ 76.6339332, 12.2794645 ], [ 76.6337966, 12.2794638 ], [ 76.6334872, 12.2783829 ], [ 76.6332788, 12.2782407 ], [ 76.6332573, 12.2782379 ], [ 76.6332068, 12.2782315 ], [ 76.6327051, 12.2774675 ], [ 76.6326789, 12.2774276 ], [ 76.6325062, 12.2771647 ], [ 76.6323739, 12.2771717 ], [ 76.6322401, 12.2771788 ], [ 76.6322032, 12.2766656 ], [ 76.6321915, 12.2765021 ], [ 76.6321793, 12.2763335 ], [ 76.6321512, 12.2760789 ], [ 76.6321477, 12.2760474 ], [ 76.6321194, 12.2757911 ], [ 76.6319362, 12.2748022 ], [ 76.6318991, 12.2746021 ], [ 76.6318952, 12.2745874 ], [ 76.6318753, 12.2745138 ], [ 76.6317865, 12.2741839 ], [ 76.631744, 12.274026 ], [ 76.6317539, 12.2738838 ], [ 76.6314798, 12.273448 ], [ 76.6314879, 12.2734347 ], [ 76.6314918, 12.2734283 ], [ 76.6314977, 12.2734186 ], [ 76.6315066, 12.273404 ], [ 76.6317057, 12.2733465 ], [ 76.6318024, 12.2733185 ], [ 76.631932, 12.2732811 ], [ 76.631966, 12.273271 ], [ 76.6320119, 12.2732573 ], [ 76.632133, 12.2732262 ], [ 76.6325288, 12.2731391 ], [ 76.6325926, 12.2731284 ], [ 76.6326694, 12.2731201 ], [ 76.6327102, 12.2731175 ], [ 76.6327573, 12.2731146 ], [ 76.6330103, 12.2730922 ], [ 76.6330379, 12.2730898 ], [ 76.6328055, 12.2724621 ], [ 76.632636, 12.2719594 ], [ 76.6325998, 12.2718523 ], [ 76.6323137, 12.2710036 ], [ 76.6321926, 12.2706569 ], [ 76.6321662, 12.2705728 ], [ 76.6321578, 12.270546 ], [ 76.631978, 12.2699741 ], [ 76.6319563, 12.2699779 ], [ 76.6319415, 12.2699373 ], [ 76.6316235, 12.2700134 ], [ 76.6313821, 12.2700712 ], [ 76.6313553, 12.2700776 ], [ 76.6313296, 12.2698166 ], [ 76.6313255, 12.2697746 ], [ 76.6313226, 12.2697452 ], [ 76.6313038, 12.2695537 ], [ 76.6313033, 12.2695488 ], [ 76.6312339, 12.2696257 ], [ 76.6310607, 12.2698108 ], [ 76.630823, 12.2700648 ], [ 76.6307951, 12.2700906 ], [ 76.6306392, 12.2702353 ], [ 76.6305989, 12.2702727 ], [ 76.6305364, 12.2703307 ], [ 76.6300403, 12.2708092 ], [ 76.6298718, 12.2709746 ], [ 76.6297242, 12.2705312 ], [ 76.6297099, 12.2704933 ], [ 76.6291592, 12.2706553 ], [ 76.6279375, 12.2710317 ], [ 76.6278232, 12.2710697 ], [ 76.6277441, 12.2710924 ], [ 76.6276681, 12.2711092 ], [ 76.6276255, 12.271117 ], [ 76.6275666, 12.2711272 ], [ 76.6266682, 12.2712656 ], [ 76.6264695, 12.2712962 ], [ 76.6253218, 12.2714633 ], [ 76.625177, 12.2714844 ], [ 76.6243878, 12.2715975 ], [ 76.6243471, 12.2716033 ], [ 76.6228365, 12.2717994 ], [ 76.6225879, 12.2718241 ], [ 76.6222637, 12.2718563 ], [ 76.6222493, 12.2718577 ], [ 76.6222298, 12.2714467 ], [ 76.6222214, 12.2712695 ], [ 76.6221942, 12.2705094 ], [ 76.6221654, 12.2698623 ], [ 76.6221566, 12.26971 ], [ 76.6221358, 12.2693275 ], [ 76.6219814, 12.2693546 ], [ 76.6216309, 12.2694183 ], [ 76.6211949, 12.2695012 ], [ 76.6210826, 12.2695235 ], [ 76.6210091, 12.2695387 ], [ 76.6208916, 12.2695619 ], [ 76.620689, 12.2695983 ], [ 76.6204929, 12.269635 ], [ 76.6204052, 12.2696521 ], [ 76.6200363, 12.269724 ], [ 76.6197411, 12.2697825 ], [ 76.6197089, 12.269789 ], [ 76.6194764, 12.2698361 ], [ 76.6193446, 12.2698627 ], [ 76.6193029, 12.2698712 ], [ 76.619102, 12.2699193 ], [ 76.6190522, 12.2699312 ], [ 76.618905, 12.2699841 ], [ 76.6186908, 12.2700611 ], [ 76.6185133, 12.2701248 ], [ 76.6184362, 12.2701546 ], [ 76.6183274, 12.2701985 ], [ 76.618286, 12.2702154 ], [ 76.6182479, 12.2702309 ], [ 76.6181746, 12.2702845 ], [ 76.6180486, 12.2703766 ] ] ] } },
{ "type": "Feature", "id": 64, "properties": { "tessellate": -1, "extrude": 0, "visibility": -1, "KGISWardID": 6482, "KGISWardCode": "2605065", "KGISWardName": "Srirampura", "SHAPE.STArea()": 1451539.93359375, "SHAPE.STLength()": 5812.1541281794998, "OBJECTID": 20170, "KGISWardNo": "65", "KGISTownCode": "2605", "LGD_WardCode": 28870, "created_user": "SA", "created_date": 1634898537000.0, "last_edited_user": "SURESHBV", "last_edited_date": 1644829224000.0 }, "geometry": { "type": "Polygon", "coordinates": [ [ [ 76.6254425, 12.2622916 ], [ 76.625394, 12.262222 ], [ 76.6252549, 12.2620397 ], [ 76.6251635, 12.2619248 ], [ 76.625131, 12.2618839 ], [ 76.6250885, 12.2618306 ], [ 76.6245871, 12.261201 ], [ 76.6243212, 12.2608896 ], [ 76.6240819, 12.2604674 ], [ 76.6239842, 12.2602949 ], [ 76.6234602, 12.2593698 ], [ 76.6229713, 12.2585074 ], [ 76.6229089, 12.2583958 ], [ 76.6226762, 12.2579802 ], [ 76.6225752, 12.2578003 ], [ 76.6224767, 12.2576253 ], [ 76.6219, 12.2566248 ], [ 76.6218794, 12.256589 ], [ 76.6218175, 12.2564816 ], [ 76.6217794, 12.2564153 ], [ 76.6213647, 12.2556476 ], [ 76.6211063, 12.2563017 ], [ 76.620889, 12.2567836 ], [ 76.6208755, 12.2568135 ], [ 76.6207927, 12.2569973 ], [ 76.6206774, 12.2574238 ], [ 76.620631, 12.2575201 ], [ 76.6204245, 12.2581465 ], [ 76.6203445, 12.2583888 ], [ 76.620276, 12.2585979 ], [ 76.620236, 12.2587199 ], [ 76.6201026, 12.2591268 ], [ 76.62, 12.2593589 ], [ 76.6199888, 12.2593843 ], [ 76.6199599, 12.2594497 ], [ 76.6198958, 12.2594305 ], [ 76.6198887, 12.2594476 ], [ 76.6197633, 12.2596295 ], [ 76.6196382, 12.2599455 ], [ 76.6196328, 12.2599606 ], [ 76.6195281, 12.2602578 ], [ 76.6195235, 12.2602928 ], [ 76.6195075, 12.2604156 ], [ 76.6194835, 12.2605998 ], [ 76.6194633, 12.2606928 ], [ 76.6194391, 12.2608043 ], [ 76.6193735, 12.2611063 ], [ 76.6192601, 12.2611123 ], [ 76.6192182, 12.2612241 ], [ 76.6192023, 12.2612848 ], [ 76.6191904, 12.2613306 ], [ 76.6191219, 12.2615927 ], [ 76.6190863, 12.2617292 ], [ 76.6190883, 12.2617653 ], [ 76.6191057, 12.2620687 ], [ 76.6191074, 12.2620976 ], [ 76.6191397, 12.262661 ], [ 76.6191463, 12.2627559 ], [ 76.619149, 12.2627949 ], [ 76.6191777, 12.26321 ], [ 76.6191778, 12.2634434 ], [ 76.6191778, 12.2635258 ], [ 76.6191778, 12.2636041 ], [ 76.6192387, 12.2641421 ], [ 76.6192746, 12.2644021 ], [ 76.6192771, 12.2644381 ], [ 76.6192807, 12.2644907 ], [ 76.619293, 12.2646695 ], [ 76.6193233, 12.2651372 ], [ 76.6193448, 12.2654819 ], [ 76.6193495, 12.2656619 ], [ 76.6193239, 12.2656653 ], [ 76.6186549, 12.2657557 ], [ 76.6187595, 12.2663387 ], [ 76.6188369, 12.2668662 ], [ 76.6188466, 12.2669328 ], [ 76.6188586, 12.2670363 ], [ 76.6188623, 12.2670688 ], [ 76.6189038, 12.2674286 ], [ 76.6188885, 12.2675973 ], [ 76.6188827, 12.2681215 ], [ 76.6188802, 12.2683538 ], [ 76.6188799, 12.2683768 ], [ 76.6188769, 12.268651 ], [ 76.6188326, 12.2691876 ], [ 76.6188341, 12.2691924 ], [ 76.6189998, 12.2697251 ], [ 76.619049, 12.269883 ], [ 76.6190626, 12.2699218 ], [ 76.6190522, 12.2699312 ], [ 76.619102, 12.2699193 ], [ 76.6193029, 12.2698712 ], [ 76.6193446, 12.2698627 ], [ 76.6194764, 12.2698361 ], [ 76.6195971, 12.2698116 ], [ 76.6197089, 12.269789 ], [ 76.6197411, 12.2697825 ], [ 76.6200363, 12.269724 ], [ 76.6204052, 12.2696521 ], [ 76.6204929, 12.269635 ], [ 76.620689, 12.2695983 ], [ 76.6208916, 12.2695619 ], [ 76.6210091, 12.2695387 ], [ 76.6210826, 12.2695235 ], [ 76.6211949, 12.2695012 ], [ 76.6216309, 12.2694183 ], [ 76.6219814, 12.2693546 ], [ 76.6221358, 12.2693275 ], [ 76.6221566, 12.26971 ], [ 76.6221654, 12.2698623 ], [ 76.6221942, 12.2705094 ], [ 76.6222214, 12.2712695 ], [ 76.6222298, 12.2714467 ], [ 76.6222493, 12.2718577 ], [ 76.6222637, 12.2718563 ], [ 76.6225879, 12.2718241 ], [ 76.6228365, 12.2717994 ], [ 76.6243471, 12.2716033 ], [ 76.6243878, 12.2715975 ], [ 76.625177, 12.2714844 ], [ 76.6253218, 12.2714633 ], [ 76.6264695, 12.2712962 ], [ 76.6266682, 12.2712656 ], [ 76.6275666, 12.2711272 ], [ 76.6276255, 12.271117 ], [ 76.6276681, 12.2711092 ], [ 76.6277441, 12.2710924 ], [ 76.6278232, 12.2710697 ], [ 76.6279375, 12.2710317 ], [ 76.6291592, 12.2706553 ], [ 76.6297099, 12.2704933 ], [ 76.6297242, 12.2705312 ], [ 76.6298718, 12.2709746 ], [ 76.6300403, 12.2708092 ], [ 76.6305364, 12.2703307 ], [ 76.6305989, 12.2702727 ], [ 76.6306392, 12.2702353 ], [ 76.6307951, 12.2700906 ], [ 76.630823, 12.2700648 ], [ 76.6310607, 12.2698108 ], [ 76.6312339, 12.2696257 ], [ 76.6313033, 12.2695488 ], [ 76.6313757, 12.2694741 ], [ 76.6315552, 12.269289 ], [ 76.632004, 12.2688397 ], [ 76.6320537, 12.2687908 ], [ 76.6326715, 12.2681819 ], [ 76.6329251, 12.267932 ], [ 76.6329307, 12.2679237 ], [ 76.6329382, 12.267909 ], [ 76.6329468, 12.2678849 ], [ 76.6329504, 12.2678695 ], [ 76.6329519, 12.2678565 ], [ 76.6329506, 12.267847 ], [ 76.6328746, 12.2675596 ], [ 76.6328363, 12.267404 ], [ 76.6328123, 12.267288 ], [ 76.6328055, 12.2672524 ], [ 76.6327827, 12.2671215 ], [ 76.6327707, 12.2670408 ], [ 76.6327564, 12.2669177 ], [ 76.6327348, 12.2666763 ], [ 76.6327028, 12.2661629 ], [ 76.6326983, 12.266091 ], [ 76.6326928, 12.2660026 ], [ 76.6326835, 12.265853 ], [ 76.6326568, 12.2653678 ], [ 76.6326505, 12.2652538 ], [ 76.6325993, 12.2652558 ], [ 76.6324811, 12.2651996 ], [ 76.6324772, 12.2651978 ], [ 76.6324645, 12.2651904 ], [ 76.6321756, 12.2650232 ], [ 76.6321704, 12.2650202 ], [ 76.6321682, 12.2650191 ], [ 76.6319951, 12.2649359 ], [ 76.6319456, 12.2649121 ], [ 76.6318152, 12.2648494 ], [ 76.6312253, 12.264602 ], [ 76.6312031, 12.2645927 ], [ 76.6311164, 12.2645563 ], [ 76.6310236, 12.2645198 ], [ 76.6308246, 12.2644415 ], [ 76.629916, 12.2640839 ], [ 76.629916, 12.2640839 ], [ 76.6299135, 12.264083 ], [ 76.6297372, 12.2640148 ], [ 76.6296687, 12.2639914 ], [ 76.6292686, 12.2638548 ], [ 76.6290642, 12.2638494 ], [ 76.6290066, 12.2639077 ], [ 76.6289679, 12.2639202 ], [ 76.6281044, 12.2642007 ], [ 76.6274561, 12.2643366 ], [ 76.6269363, 12.2644065 ], [ 76.6268441, 12.2641152 ], [ 76.6267083, 12.2641221 ], [ 76.6262703, 12.2634809 ], [ 76.6261757, 12.2633426 ], [ 76.6257969, 12.2627995 ], [ 76.6254425, 12.2622916 ] ] ] } }
]
}
